word_de|count
der|5455
sein|903
und|877
in|817
zu|672
ein|484
werden|441
für|329
er|295
um|291
auf|250
an|249
mit|207
sich|186
sie|159
von|149
bei|136
ihr|133
ich|132
neu|132
können|125
als|124
haben|120
wir|116
vieler|113
aus|112
es|110
über|101
alt|99
nach|92
während|81
Kind|79
nicht|79
beginnen|76
schnell|71
alle|64
musste|64
groß|61
gut|58
vor|57
frisch|57
machen|56
wenn|56
Stadt|55
sehr|54
jeder|54
mein|53
wollen|53
oft|52
aller|52
durch|52
wichtig|51
ihn|51
perfekt|49
viel|47
muss|47
dass|47
sorgen|44
dieser|44
du|44
bringen|41
müssen|40
lassen|38
geben|36
Mensch|36
Wasser|36
laut|35
zeigen|35
lang|34
Auto|34
uns|33
voll|32
bevor|32
Garten|31
bieten|30
sollen|29
wie|28
führen|28
helfen|27
ohne|27
unser|27
schwer|26
Straße|26
immer|25
Hund|25
ganz|24
sorgfältig|24
schützen|24
hoch|24
Licht|24
sofort|23
Haus|22
Tier|22
Gast|22
Buch|22
stark|22
ab|22
planen|22
bereit|21
fallen|21
kommen|21
Tisch|21
sicher|21
mir|21
bleiben|21
Raum|20
ihm|20
so|20
möchten|20
man|20
versuchen|20
Tag|20
liegen|20
elegant|19
Nacht|19
Schüler|19
einfach|19
tief|19
spielen|19
aber|18
bekannt|18
klein|18
warm|17
zwischen|17
wer|17
Wald|17
finden|17
fühlen|17
Geschichte|17
Tür|17
stehen|17
bunt|16
halten|16
Zeit|16
schön|16
Freund|16
langsam|16
Wand|16
unter|16
tragen|16
bald|16
gegen|16
Jahr|16
anziehen|15
Park|15
arbeiten|15
Film|15
Wetter|15
beeindruckend|15
kein|15
bis|15
köstlich|15
fröhlich|15
klar|14
heute|14
Gruppe|14
mussten|14
verwenden|14
Schiff|14
mich|14
beliebt|14
anderer|14
nächster|14
richtig|14
gehen|13
Himmel|13
zurück|13
zusammen|13
weil|13
präzise|13
Freude|13
gewinnen|13
Weg|13
Wind|13
Problem|13
Boden|13
Papier|13
Bürger|12
Baum|12
verursachen|12
Familie|12
Zuschauer|12
Künstler|12
Sturm|12
besonders|12
noch|11
Feier|11
nur|11
treffen|11
Projekt|11
damit|11
hin|11
See|11
erleichtern|11
erhalten|11
erfordern|11
beide|11
Land|11
Gebäude|11
benötigen|11
Landschaft|11
Nachricht|11
Regel|11
mehr|11
Musik|11
ruhig|11
sehen|11
Luft|10
Gemeinde|10
besonderer|10
Sonne|10
hinterlassen|10
genau|10
Katze|10
erheblich|10
erster|10
fördern|10
Arbeit|10
ziehen|10
dein|10
entscheidend|10
endlich|10
Körper|10
gesund|10
Spiel|10
lange|10
Firma|10
Fest|10
Morgen|10
plötzlich|10
nutzen|10
sanft|10
warten|10
ständig|10
Polizei|10
Bild|10
servieren|9
Platz|9
kalt|9
Boot|9
fahren|9
weiter|9
fest|9
Blume|9
deutlich|9
spannend|9
Gericht|9
Publikum|9
einladen|9
Farbe|9
Gedanke|9
Natur|9
Erde|9
Nachbar|9
Entscheidung|9
Plan|9
öffnen|9
Besucher|9
Stein|9
etwas|8
Feld|8
Region|8
Geld|8
wieder|8
erklären|8
Vogel|8
Arzt|8
feiern|8
leise|8
bauen|8
Mann|8
letzter|8
Zug|8
Restaurant|8
Blick|8
verschieden|8
sammeln|8
entscheiden|8
füllen|8
erreichen|8
wunderbar|8
vorsichtig|8
heiß|8
Geschmack|8
Aufgabe|8
direkt|7
Patient|7
Regen|7
Bühne|7
offen|7
friedlich|7
süß|7
doch|7
stolz|7
lieben|7
landen|7
dringend|7
mehrere|7
anbieten|7
niemand|7
freundlich|7
schließlich|7
schmerzhaft|7
Keks|7
Thema|7
leicht|7
schwierig|7
Tourist|7
entdecken|7
Teilnehmer|7
Lehrer|7
Schule|7
Werkzeug|7
Wiese|7
betragen|7
Flasche|7
verhalten|7
erfolgreich|7
rot|7
Geschenk|7
genug|7
aussehen|7
gleich|7
also|7
einiger|7
auch|7
überraschend|7
regelmäßig|7
hervor|7
Markt|7
gesamt|7
genießen|7
folgen|6
verkaufen|6
toll|6
Politiker|6
Kleid|6
Uhr|6
wegen|6
Bitte|6
duften|6
begeisteren|6
Stoff|6
Teil|6
Geräusch|6
Ort|6
intensiv|6
gleichmäßig|6
Wein|6
hinter|6
Welt|6
Gespräch|6
schnitt|6
Motor|6
erzählen|6
schmecken|6
bereits|6
schlecht|6
weich|6
gründlich|6
Wohnung|6
sagen|6
Grundstück|6
Leben|6
Spieler|6
Sonntag|6
Mutter|6
neugierig|6
stören|6
Pferd|6
Gefühl|6
Fehler|6
kaum|6
Datum|6
Café|6
Monat|6
anfangen|6
ideal|6
Situation|6
weit|6
passen|6
Leute|6
was|6
Passant|6
darauf|6
sitzen|6
Kunde|6
Geschick|6
jugendliche|6
Soldat|6
lecker|6
Angst|6
Mannschaft|6
atemberaubend|6
wirken|6
laufen|6
Seite|6
manchmal|6
Symbol|6
Reise|6
eigen|6
Berg|6
Tasse|6
äußerst|6
Schuh|6
verleihen|6
Kaffee|6
erfüllen|6
Stimmung|6
majestätisch|6
Klient|6
lernen|6
Abend|6
erzielen|6
zurücklassen|6
Brot|6
Rolle|5
Team|5
Eltern|5
Festival|5
Fenster|5
hören|5
entlang|5
Fluss|5
notwendig|5
suchen|5
bekommen|5
dazu|5
heraus|5
tanzen|5
oder|5
streng|5
Geduld|5
verraten|5
Geheimnis|5
Stimme|5
Konzert|5
erfreuen|5
Kopf|5
dir|5
dick|5
nachdem|5
wirklich|5
scharf|5
wider|5
schmal|5
interessant|5
täglich|5
formen|5
wachsen|5
scheinen|5
grün|5
häufig|5
überall|5
Draht|5
Bank|5
Sicherheit|5
gefährlich|5
gemütlich|5
handeln|5
lachen|5
Strand|5
Pflanze|5
Geschäft|5
Alltag|5
Gesetz|5
Haut|5
Kultur|5
Möbel|5
Deutschland|5
Freiheit|5
spät|5
Party|5
Qualität|5
bequem|5
Gerät|5
Hoffnung|5
berühren|5
Frage|5
berühmt|5
Fahrt|5
dürfen|5
positiv|5
still|5
Gemüse|5
sobald|5
Mode|5
jung|5
viele|5
Schritt|5
Frau|5
schaffen|5
bitten|5
Blatt|5
faszinieren|5
erzeugen|5
Junge|5
Fisch|5
Schmerz|5
Abfall|5
erinnern|5
Menge|5
Energie|5
unangenehm|5
Beweis|5
liebevoll|5
Prozess|5
kämpfen|5
Minute|5
unterstützen|5
Schnee|5
Bier|5
kreativ|5
überwachen|5
zahlreich|5
rufen|5
Fuß|5
Zeichen|5
unerwartet|5
wertvoll|5
Feuer|5
Sommer|4
schätzen|4
Erfahrung|4
Preis|4
Hemd|4
Prüfung|4
Stuhl|4
Stunde|4
enden|4
lässt|4
da|4
Experte|4
dafür|4
Fan|4
seit|4
Kräutern|4
lustig|4
Erfolg|4
Ecke|4
überwinden|4
Haar|4
verändern|4
untersuchen|4
hing|4
anfühlen|4
Weise|4
Samen|4
benutzen|4
verletzen|4
vorbei|4
modern|4
auftreten|4
verwandeln|4
Tor|4
entspannen|4
Sinn|4
vorbereiten|4
Glas|4
kochen|4
Feuerwehr|4
bevorstehend|4
rechtzeitig|4
Laden|4
gelten|4
Möbelstück|4
Zuhörer|4
sichern|4
Diskussion|4
Essen|4
Teppich|4
Fliese|4
Obst|4
Vorteil|4
besorgen|4
genoss|4
Kleidung|4
Ruhe|4
vergessen|4
Anleitung|4
ausstrahlen|4
geschickt|4
Jäger|4
Paar|4
bitte|4
Speise|4
innovativ|4
Kiste|4
zufrieden|4
Flugzeug|4
sondern|4
sonnig|4
Kosten|4
Märchen|4
gerne|4
Abenteuer|4
Gebiet|4
Fels|4
Glaube|4
musen|4
Gesicht|4
Detail|4
verlaufen|4
jemand|4
springen|4
Tee|4
Äpfel|4
wahr|4
dich|4
Produkt|4
Kante|4
Szene|4
Übung|4
Regal|4
Ziel|4
beeinflussen|4
stärken|4
zwei|4
Schatz|4
reif|4
testen|4
anzeigen|4
hinunter|4
beeindrucken|4
verlieh|4
Wochenende|4
Wolke|4
Rechnung|4
wählen|4
Zauberer|4
fein|4
erscheinen|4
hart|4
wecken|4
weniger|4
Lauf|4
wunderschön|4
Idee|4
Streit|4
schlafen|4
Zimmer|4
dicht|4
denken|4
wo|4
Information|4
tun|4
Unterlage|4
Unternehmen|4
faszinierend|4
begeistert|4
bestehen|4
vertrauen|4
Futter|4
Biene|4
stets|4
Besitzer|4
kurz|4
Chef|4
Winter|4
Nahrung|4
festhalten|4
strahlen|4
stoßen|4
bedecken|4
Holz|4
Mitarbeiter|4
Pfad|4
Verständnis|4
Gras|4
früh|4
falsch|4
fangen|4
stabil|4
Laptop|3
Lass|3
besuchen|3
herum|3
herunter|3
ausbrechen|3
betonen|3
ausführen|3
Leidenschaft|3
Lehrerin|3
beruhigend|3
aufsuchen|3
beschließen|3
hinaus|3
aufgrund|3
ausfüllen|3
Maßnahme|3
ihnen|3
Mauer|3
Glocke|3
beschädigen|3
beruhigen|3
Leichtigkeit|3
ausdrücken|3
bestimmt|3
hervorbringen|3
Glauben|3
Gleichgewicht|3
bestrafen|3
betrachten|3
Grenze|3
hilfreich|3
ausreichen|3
aufstehen|3
auswählen|3
hindern|3
herein|3
bereitstehen|3
Grill|3
berüchtigt|3
bereitliegen|3
Glück|3
hindeuten|3
hochwertig|3
ausgewogen|3
hinauf|3
bestätigen|3
beteiligter|3
außergewöhnlich|3
Gipfel|3
begleiten|3
knacken|3
kaputt|3
Geist|3
Staub|3
klingen|3
klopfen|3
Gegner|3
Stau|3
Statue|3
kommunizieren|3
Rivale|3
Rohr|3
Ring|3
kraftvoll|3
Meer|3
kontrollieren|3
Roadtrip|3
klassisch|3
kleben|3
Stand|3
Stadion|3
kosten|3
Stall|3
Spaziergang|3
Look|3
Lohn|3
befreien|3
Song|3
befestigen|3
bekämpfen|3
krank|3
Aufsatz|3
Aufregung|3
wohltätig|3
Fußgänger|3
lebhaft|3
leider|3
legen|3
kümmern|3
Gedicht|3
Fußballspiel|3
knusprig|3
Geburt|3
Aufführung|3
Geburtstag|3
kritisieren|3
begeistern|3
Stelle|3
Stabilität|3
Aufmerksamkeit|3
Lärm|3
Luxus|3
bearbeiten|3
Limonade|3
kommend|3
Lösung|3
wiederholen|3
wild|3
bedürfen|3
bedeutend|3
kritisch|3
kunstvoll|3
kräftig|3
Löwe|3
beleidigend|3
beliebte|3
beschloss|3
langweilig|3
kühl|3
imposant|3
inspirieren|3
Geschwindigkeit|3
Gesellschaft|3
Gelächter|3
Gelände|3
indem|3
Geruch|3
Mangel|3
jedoch|3
Spur|3
joggen|3
jubeln|3
je|3
Mantel|3
Gewässer|3
Gewinner|3
höflich|3
Getränk|3
Gewicht|3
Gewinn|3
Gewächshaus|3
Maschine|3
hängen|3
Gesundheit|3
hinweg|3
jetzt|3
Loch|3
Lieferung|3
beherrschen|3
belasten|3
beinahe|3
behoben|3
begrüßen|3
Fähigkeit|3
Genuss|3
Gemeinschaft|3
Gepäck|3
leiden|3
international|3
intim|3
investieren|3
beschäftigen|3
belohnen|3
Leckerei|3
Lied|3
Liebe|3
Leser|3
lauschen|3
Galerie|3
kaufen|3
benommen|3
bemerken|3
behandeln|3
Gang|3
behalten|3
bereiten|3
beraten|3
Frucht|3
beobachten|3
durchgehen|3
durchführen|3
drehen|3
draußen|3
drastisch|3
dramatisch|3
festlich|3
Jacke|3
Internet|3
Kunststück|3
Inhalt|3
Insekt|3
fair|3
exquisit|3
Höhle|3
erwarten|3
falls|3
ertragen|3
extrem|3
fließen|3
Interesse|3
ernten|3
ernsthaft|3
essen|3
Kabel|3
Jugend|3
erschweren|3
erschrecken|3
ernst|3
durchbrechen|3
dunkel|3
eignen|3
echt|3
Kommentar|3
Kommando|3
Kochen|3
Koch|3
Kollektion|3
Kollege|3
durchweg|3
durchsuchen|3
einander|3
Knopf|3
dienen|3
Hotel|3
färben|3
funktionieren|3
Hit|3
Hinweis|3
Hut|3
frei|3
fliehen|3
fordern|3
feucht|3
darunter|3
darstellen|3
diskutieren|3
Kreativität|3
Krankheit|3
Korb|3
Kraft|3
darüber|3
fragen|3
fleißig|3
flattern|3
fixieren|3
feststellen|3
Hügel|3
fliegen|3
flexibel|3
fast|3
feierlich|3
Konstruktion|3
Industrie|3
fesseln|3
fertig|3
fassen|3
feindlich|3
duftend|3
drücken|3
drohen|3
Konzept|3
Konzentration|3
Horizont|3
eindeutig|3
einst|3
Kneipe|3
Knall|3
eingerichtet|3
einbrechen|3
Angebot|3
zwingen|3
Anlage|3
ernähren|3
zugleich|3
Schaf|3
Schaden|3
Sandkasten|3
Seele|3
überzeugen|3
Sei|3
Schallplatte|3
Saal|3
Schalter|3
Ansatz|3
enorm|3
Abenteurer|3
überzeugend|3
Aktivität|3
öffentlich|3
zögern|3
zärtlich|3
einschlagen|3
einschalten|3
Sicht|3
einreichen|3
empfindlich|3
entsorgen|3
entwickeln|3
eng|3
enttäuschen|3
Keller|3
enthüllen|3
entfernen|3
Klassenzimmer|3
einladend|3
erstaunlich|3
erst|3
ersetzen|3
Kannst|3
Kampf|3
erkennen|3
erkunden|3
erkundeen|3
Jahrhundert|3
Senior|3
Kamera|3
ermöglichen|3
ermitteln|3
erklingen|3
erleben|3
eröffnen|3
ertönen|3
erwischen|3
erweisen|3
Jagd|3
Kamin|3
Seil|3
Schütze|3
Schüssel|3
Schülerin|3
Schwierigkeit|3
ehrlich|3
effizient|3
effektiv|3
edel|3
Kasse|3
erstellen|3
Karotte|3
erfahren|3
erledigen|3
erneuern|3
Karton|3
Kathedrale|3
erfolgen|3
erfrischend|3
erhellen|3
erhöhen|3
Karte|3
Lachen|3
Kunstwerk|3
Lampe|3
Lagerhalle|3
Kurs|3
glücklich|3
glänzend|3
glänzen|3
gute|3
davon|3
Hand|3
Haltung|3
Haltestelle|3
Halle|3
grell|3
greifen|3
glitzernd|3
gewähren|3
großzügig|3
hektisch|3
Handtuch|3
blühn|3
Kälte|3
brav|3
brauen|3
bezaubern|3
brennend|3
Medikament|3
Käse|3
Kritiker|3
Lage|3
Käufer|3
Kätzchen|3
gleiten|3
gleichzeitig|3
glatt|3
geschehen|3
gern|3
glitzern|3
gestalten|3
bilden|3
Kritik|3
zerbrechen|3
zehn|3
wusste|3
zeichnen|3
wissen|3
Artikel|3
Archäologe|3
wohl|3
Arm|3
heimlich|3
Spannung|3
Spezialität|3
Spende|3
Spaß|3
Spaziergänger|3
Spielzeug|3
Risiko|3
Rückgabe|3
Rücken|3
Sorge|3
Spielen|3
heftig|3
heben|3
her|3
hell|3
Grund|3
Grundrecht|3
halln|3
grunzen|3
günstig|3
Sportler|3
bewundernswert|3
bewundern|3
bewerten|3
bewegen|3
Last|3
Laune|3
Landwirt|3
Künstlerin|3
Lebensmittel|3
Sprung|3
Gut|3
gefallen|3
gefüllt|3
fünf|3
gegenüber|3
Sonnenlicht|3
Sonnenaufgang|3
Ansprache|3
Anwohner|3
Anzahl|3
brannen|3
Antwort|3
zeugen|3
zerstören|3
Angler|3
zielen|3
zubereiten|3
Sitzung|3
Sitz|3
Samstag|3
Skizze|3
Arbeiter|3
dauernd|3
Konferenz|3
Krankenhaus|3
Krise|3
Krieg|3
Kreuzung|3
clever|3
dauern|3
defekt|3
gefangen|3
garantieren|3
garen|3
geduldig|3
Herbst|3
Herausforderung|3
Hochzeit|3
frühzeitig|3
freuen|3
fruchtbar|3
geheim|3
gebacken|3
blühen|3
böse|3
blitzen|3
chaotisch|3
gestaltet|3
gelegentlich|3
Handy|3
Held|3
Heft|3
Software|3
gelassen|3
gelangen|3
genügen|3
genehmigen|3
gerecht|3
gerade|3
breit|3
brechen|3
brauchen|3
brannte|3
gemeinsam|3
Snack|3
Skulptur|3
Sieg|3
Sicherheitskraft|3
Show|3
geheimnisvoll|3
Highlight|3
Herz|3
gehören|3
Hilfe|3
Krisenzeit|3
charmant|3
Kuchen|3
dann|3
daraus|3
daran|3
dar|3
buchen|3
Kunst|3
Korn|3
Kräuter|3
Herd|3
talentiert|3
teilnehmen|3
teilen|3
tauchen|3
Bäcker|3
Bus|3
Büchern|3
stundenlang|3
Brise|3
Picknick|3
Abgrund|3
Piccolo|3
VIP|3
Veranstaltung|3
Pause|3
Planung|3
Plakat|3
Vergangenheit|3
Verbrechen|3
Ursache|3
Urlaub|3
Pflege|3
Charakter|3
Charts|3
Charme|3
strategisch|3
stoppen|3
steil|3
stimmen|3
standhalten|3
strahlend|3
stammen|3
Verkehr|3
Verwirrung|3
Vertrag|3
Verpackung|3
Vielzahl|3
Veränderung|3
Pfanne|3
Person|3
Verkauf|3
Verletzung|3
Vergiss|3
Versprechen|3
Universität|3
Umwelt|3
U-Bahn|3
Umgebung|3
Tänzer|3
Unfall|3
Truppe|3
unerschütterlich|3
umliegend|3
umkippen|3
Unterkunft|3
unerlässlich|3
Braut|3
umherlaufen|3
täuschen|3
trotz|3
trocken|3
Täter|3
Treffen|3
Tänzerin|3
Produktion|3
unfair|3
Unterstützung|3
Unterschied|3
umher|3
umgehen|3
umfassend|3
umfassen|3
träumen|3
Brücke|3
Brief|3
total|3
Pflicht|3
traditionell|3
Brötchen|3
treu|3
treten|3
trennen|3
treiben|3
Polizist|3
Politik|3
Ufer|3
Unterricht|3
Porzellan|3
traurig|3
sonst|3
senden|3
seltsam|3
Drache|3
setzen|3
sensibel|3
senken|3
spürbar|3
spritzen|3
spenden|3
stellen|3
Decke|3
Designer|3
Denkmal|3
sodass|3
Crew|3
Computer|3
Dieb|3
Demo|3
solltest|3
sofortig|3
sprechen|3
schwach|3
selbst|3
Wasserfall|3
Ozean|3
Outfit|3
Ordnung|3
Wagen|3
Wasseroberfläche|3
Paket|3
Nutzer|3
Disziplin|3
Orchester|3
Wanderung|3
Ware|3
Wanderer|3
Wahrheit|3
selten|3
sozial|3
Dinner|3
Ding|3
Dokument|3
Panne|3
Viertel|3
Vokabel|3
stand|3
stattfinden|3
statt|3
spüren|3
spektakulär|3
spazieren|3
sparen|3
starten|3
Vorschlag|3
stehlen|3
Club|3
Dach|3
spendeen|3
speziell|3
Cafés|3
CD|3
Büro|3
Chaos|3
stetig|3
steigen|3
Vorsicht|3
Vögel|3
Vögeln|3
Partei|3
Passagier|3
Vorfall|3
Vorbereitung|3
Reifen|3
Supermarkt|3
Stück|3
weh|3
Suppe|3
waschen|3
Ball|3
Bahnhof|3
Badezimmer|3
wann|3
Band|3
Austausch|3
Bad|3
vollständig|3
wehen|3
Sturz|3
vollkommen|3
vielfältig|3
Bau|3
Baumstamm|3
Bar|3
Bauer|3
Bauarbeiter|3
verweilen|3
Baustelle|3
Backen|3
Praktik|3
verwirren|3
Rede|3
Regierung|3
Tafel|3
Studie|3
Student|3
Rasen|3
Schild|3
Schlafzimmer|3
Schlaf|3
versehentlich|3
Beginn|3
Begeisterung|3
verstummen|3
verschließen|3
verpassen|3
versammeln|3
Behandlung|3
Bemerkung|3
Technik|3
Teamarbeit|3
vertreten|3
System|3
Tat|3
Technologie|3
Recht|3
Realität|3
Reaktion|3
Struktur|3
Süßigkeit|3
Tal|3
Takt|3
Taucher|3
zählen|3
Anblick|3
Analyse|3
Amt|3
Ampel|3
Anerkennung|3
zwanzig|3
Schatten|3
Schönheit|3
Schuss|3
Schlacht|3
Schauspielerin|3
einlegen|3
Schraube|3
Schoß|3
Schnürsenkel|3
Schutz|3
Schnecke|3
Abendessen|3
Schreibtisch|3
eindrucksvoll|3
Schulter|3
überkommen|3
üben|3
überfüllt|3
Schauspieler|3
überraschen|3
überprüfen|3
übernehmen|3
überleben|3
überwältigen|3
übertrug|3
Überfall|3
einwandfrei|3
entlarven|3
einzigartig|3
Klang|3
Klasse|3
Kindheit|3
übertragen|3
empfangen|3
emotional|3
einsetzen|3
Äste|3
Kirche|3
verbessern|3
unsichtbar|3
unschön|3
unterbrechen|3
Bewohner|3
Beute|3
unterhalten|3
unvergesslich|3
Training|3
Präsentation|3
Bedarf|3
Trauerfeier|3
Punkt|3
Präzision|3
Text|3
Tierart|3
Tiefe|3
Ticket|3
verbringen|3
verlangen|3
verhindern|3
Prozeß|3
Traum|3
Treppe|3
Trend|3
Professor|3
Ton|3
Tomate|3
Trompete|3
Treffpunkt|3
ungeschickt|3
unhöflich|3
Bibliothek|3
unglaublich|3
Blitz|3
unberührt|3
Blüte|3
Bewertung|3
Bewegung|3
verbinden|3
verbergen|3
verarbeiten|3
veranstalten|3
unglücklich|3
Teller|3
Test|3
Bericht|3
Bereich|3
verloren|3
verlockend|3
verlieren|3
Bedürftigen|3
Bedrohung|3
Bedingung|3
Besuch|3
vermeiden|3
verleiten|3
verstehen|3
versprechen|3
versorgen|3
versteckt|3
verstecken|3
verteilen|3
verstärken|3
Behörde|3
Bedeutung|3
Bestes|3
verkünden|3
verbreiten|3
verdächtige|3
Bett|3
unverzichtbar|3
verdorben|3
vergangen|3
verführerisch|3
verfügbar|3
Tanz|3
Teich|3
Tochter|3
Teilnahme|3
Radfahren|3
Rand|3
Rahmen|3
Teig|3
Temperatur|3
Talent|3
Tasche|3
Termin|3
Quelle|3
weg|3
Atmosphäre|3
Athlet|3
widerspiegeln|3
niemals|3
niedrig|3
nachhaltig|3
Festmahl|3
Fernsehen|3
neben|3
schwimmen|3
nases|3
mühsam|3
nähern|3
obwohl|3
ob|3
nett|3
nervös|3
online|3
Feiern|3
Feierlichkeit|3
nass|3
Mitglied|3
Missverständnis|3
ansehen|3
anstoßen|3
ansprechend|3
ankommen|3
angestellter|3
angespannt|3
nieder|3
Star|3
werfen|3
Stille|3
Auge|3
weitermachen|3
Aussage|3
Ausflug|3
weltweit|3
weshalb|3
wenig|3
wechseln|3
wegwerfen|3
Stipendium|3
passieren|3
pflanzen|3
Fahrzeug|3
Falte|3
Fall|3
Fakt|3
nützlich|3
prüfen|3
präsentieren|3
prägen|3
neue|3
Fahren|3
Fahne|3
Fabrik|3
pflegen|3
plaudern|3
Fahrer|3
Ernährung|3
Ernte|3
ordnen|3
ordentlich|3
Fahrrad|3
neigen|3
nie|3
nichts|3
Feiertag|3
Feind|3
anrufen|3
anregen|3
anlocken|3
ankündigen|3
Mittagessen|3
paar|3
annehmen|3
analysieren|3
am|3
anders|3
Modell|3
Moment|3
angenehm|3
packen|3
optimal|3
parken|3
prachtvoll|3
Model|3
Frieden|3
Flughafen|3
Frist|3
Freitag|3
Freundschaft|3
leiten|3
lieb|3
leuchtend|3
medizinisch|3
massiv|3
Meisterschaft|3
markieren|3
Fotograf|3
Foto|3
Forschung|3
Formular|3
luxuriös|3
los|3
Fortschritt|3
Fortpflanzungssystem|3
Fitnessstudio|3
Form|3
aufmerksam|3
Meeting|3
lebendig|3
leben|3
lokal|3
loben|3
Frühstück|3
Frühling|3
Frustration|3
live|3
lesen|3
Freie|3
Funktion|3
leer|3
lernn|3
lenken|3
läuten|3
lästig|3
lächeln|3
Freundin|3
lässen|3
Freien|3
malen|3
magisch|3
Figur|3
motivieren|3
morgen|3
nah|3
nehmen|3
Fell|3
Finger|3
mögen|3
Folge|3
möchteen|3
mitbringen|3
mystisch|3
mutig|3
müde|3
möglich|3
auffallen|3
aufbewahren|3
ansprechen|3
Meisterwerk|3
mussen|3
aufräumen|3
aufregend|3
aufhängen|3
aufheben|3
Metall|3
Messer|3
Messe|3
Menü|3
Meinung|3
Menschenmenge|3
malerisch|3
Methode|3
Melodie|3
auffällig|3
aufdecken|3
aufbauen|3
mitten|3
mehrmals|3
Fleisch|3
menschlich|3
mieten|3
lösen|3
Material|3
schimmern|3
schicken|3
schick|3
sauber|3
schauen|3
Eis|3
rund|3
schimpfen|3
Eindruck|3
Emotion|3
praktisch|3
Eleganz|3
rücken|3
Einfahrt|3
Wort|3
Wohnzimmer|3
Zaun|3
Wunde|3
Wut|3
Wunsch|3
Notiz|3
Element|3
Enttäuschung|3
Entspannung|3
Einstellung|3
Epoche|3
Entwicklung|3
riechen|3
romantisch|3
rollen|3
retten|3
riskant|3
Zahnarzt|3
Zielscheibe|3
Zerstörung|3
Zunge|3
Wäsche|3
Wärme|3
Zeuge|3
Zirkus|3
Wähler|3
Nest|3
Zahn|3
rein|3
Werk|3
Woche|3
Wettbewerb|3
Neugier|3
Nähe|3
Oberfläche|3
Weile|3
Wesen|3
Wettkampf|3
Werd|3
Name|3
Welle|3
Weide|3
Weisheit|3
sinnvoll|3
sichtbar|3
Dämmerung|3
Drucker|3
Druck|3
Dunkeln|3
Dunkelheit|3
Werbung|3
Nahrungsmittel|3
Winterabend|3
Eingang|3
schoss|3
Einkauf|3
Einsatz|3
Einladung|3
schlief|3
schlich|3
schmackhaft|3
Wert|3
schläfen|3
schreiben|3
E-Mail|3
schmücken|3
schwanken|3
schneiden|3
Eiche|3
Ei|3
schon|3
schockierend|3
schnurren|3
schmerzen|3
Erwartung|3
pünktlich|3
reibungslos|3
regnen|3
Event|3
Euro|3
Ermittlung|3
rannen|3
abgeben|3
Mädchen|3
riesig|3
abrupt|3
ablenken|3
abheben|3
abbrechen|3
Zustand|3
Zuversicht|3
reichen|3
reich|3
Ereignis|3
weisen|3
Möglichkeit|3
platzen|3
alleine|3
allein|3
achten|3
aktualisieren|3
anführen|3
all|3
allmählich|3
allgemein|3
aktiv|3
rauben|3
Mitte|3
Museum|3
abschrecken|3
absichtlich|3
absagen|3
Musiker|3
regeln|3
reflektieren|3
reduzieren|3
reden|3
Mittel|3
reparieren|3
Erkenntnis|3
Erinnerung|3
Ergebnis|3
Nachbarschaft|3
Zoo|3
Nachthimmel|3
Mütze|3
Nachmittag|3
Nachdenken|3
Autorität|3
Zugang|3
Mut|3
Muster|3
Zeitung|3
Zukunft|3
Ende|3
Empfang|3
Entdeckung|3
saftig|3
sachte|3
Zuhause|3
Autor|3
Aussehen|3
völlig|3
Auftritt|3
Autofahrt|3
Autofahrer|3
Baby|3
Auswahl|3
wahren|3
wach|3
respektieren|3
Strecke|3
Strom|3
Rest|3
Richter|3
Respekt|3
Reparatur|3
Stil|3
Stiftung|3
Rezept|3
rennen|3
reisen|3
Stern|3
überbringen|2
80er|2
Abi|2
Abschleppdienst|2
Absicht|2
10|2
Überraschung|2
Überraschungsparty|2
Abschied|2
Aktie|2
Alarm|2
Alarmanlage|2
All|2
überreichen|2
ändern|2
ärgern|2
äußern|2
örtlich|2
Änderung|2
Schimmel|2
Schirm|2
Schlachtfeld|2
Schlange|2
Schaufenster|2
Schwimmbecken|2
Schwert|2
Ärger|2
Öffentlichkeit|2
Öl|2
Überfluss|2
Ästen|2
zuschlagen|2
Scham|2
Schar|2
Schachspiel|2
Saat|2
Seide|2
Sekt|2
Selbstbewusstsein|2
Service|2
zuhören|2
zukommen|2
zukünftig|2
zulassen|2
zufallen|2
zunehmend|2
Single|2
Segelboot|2
Anlass|2
Anmut|2
zusahen|2
zusammenbringen|2
zusammenkommen|2
zusammenarbeiten|2
zufällig|2
zugänglich|2
Katastrophe|2
erforderlich|2
erforschen|2
erhelln|2
entschlossen|2
entschuldigen|2
ergreifen|2
erholsam|2
einkaufen|2
düster|2
einholen|2
egal|2
Karriere|2
Kartoffel|2
Kater|2
Kasten|2
Kleinkind|2
Klassiker|2
Klinik|2
Klippe|2
Klima|2
Kindergarten|2
einführen|2
einige|2
Kapitel|2
Kapitän|2
entfalten|2
entfernt|2
endlos|2
entgehen|2
enthalten|2
einstehen|2
durstig|2
dort|2
durchsetzen|2
drei|2
fehlend|2
festlegen|2
etwa|2
euch|2
erregen|2
erschöpfen|2
eher|2
Koffer|2
Kohle|2
Kolben|2
Kommunikation|2
durchdringen|2
erobern|2
Job|2
Jahrmarkt|2
Jury|2
Juwel|2
Journalist|2
Jubel|2
Innenstadt|2
Kajal|2
Kanal|2
Kanon|2
Kaninchen|2
erlauben|2
erleuchten|2
erneuerbar|2
erwecken|2
Koralle|2
deshalb|2
detailliert|2
deutsch|2
derzeit|2
froh|2
funktional|2
Huhn|2
fesselen|2
dominieren|2
drinnen|2
denn|2
Kontakt|2
Komponist|2
Kontrolle|2
Konflikt|2
fies|2
fliegend|2
flink|2
fit|2
Hühner|2
Hütte|2
Immunsystem|2
fertigen|2
fesselnd|2
Instrument|2
Investor|2
Höhepunkt|2
fallend|2
farbenfroh|2
erstreckn|2
erwachsene|2
fürchten|2
fürchterlich|2
gebären|2
gedeihen|2
geerntet|2
garnieren|2
Hinterhof|2
Hof|2
Kreis|2
Kreislauf|2
debattieren|2
decken|2
dekorativ|2
davor|2
gebieten|2
gebraten|2
fressen|2
freudig|2
fortsetzen|2
feuern|2
finanzieren|2
darin|2
darum|2
Krake|2
Hunger|2
Hose|2
Hähnchen|2
Humor|2
Husten|2
fortfahren|2
freigeben|2
fremd|2
Helfer|2
Hang|2
Heimat|2
genussvoll|2
geplant|2
geraten|2
gefährden|2
genüsslich|2
dank|2
cremig|2
bröckeln|2
brings|2
blühend|2
gelingen|2
Hecke|2
Haustür|2
Herstellung|2
Helm|2
Herde|2
Hausaufgabe|2
Haushalt|2
füreinander|2
füttern|2
dabei|2
Hitze|2
Hode|2
frustrieren|2
funkeln|2
gefällen|2
gegenseitig|2
gegossen|2
Herrchen|2
Hafen|2
geschmackvoll|2
geschmeidig|2
geschnitten|2
gerissen|2
gesellig|2
gespannt|2
gestern|2
glitschig|2
geräumig|2
gesammelt|2
Hast|2
Handwerkskunst|2
Harmonie|2
Hauptstraße|2
Hauch|2
Königreich|2
Königsfamilie|2
Kuscheltier|2
Küche|2
biegen|2
gießen|2
glanzvoll|2
glauben|2
blies|2
bremsen|2
brach|2
bewältigen|2
Käfig|2
Kunstszene|2
König|2
Königin|2
glühend|2
grasen|2
getroffen|2
gewaltig|2
gewaschen|2
gewiß|2
harmonisch|2
heran|2
glätten|2
gläubige|2
Hals|2
Handwerker|2
Halt|2
Großmutter|2
Großvater|2
graben|2
Lager|2
Küste|2
Landhaus|2
Kurbelwelle|2
Kurve|2
Lagerfeuer|2
beunruhigen|2
bewahren|2
betreiben|2
betreten|2
betrügen|2
blau|2
Labor|2
Lacher|2
Kühlschrank|2
Laderaum|2
Glatze|2
Grillen|2
hier|2
hinaufklettern|2
heutig|2
hinab|2
herbei|2
hereinkommen|2
Kürze|2
besprechen|2
bestellen|2
beseitigen|2
besorgt|2
herzhaft|2
herzlich|2
Glanz|2
gönnen|2
bewegend|2
bewerben|2
bewunderen|2
Laub|2
Landstraße|2
Lebenslauf|2
Lebensraum|2
herausfordernd|2
gruselig|2
Großelter|2
Gurke|2
Grundlage|2
Gärtner|2
Gürtel|2
Golf|2
hinein|2
hoffen|2
hinschauen|2
hinterfragen|2
hinterher|2
hervorragend|2
hervorschauen|2
hervorspringen|2
hinzufügen|2
Gleis|2
Glut|2
historisch|2
holen|2
humorvoll|2
hungrig|2
hochhalten|2
Leistung|2
Lehre|2
Langlebigkeit|2
beschleunigen|2
berichten|2
beruhen|2
beschreiben|2
hinweisen|2
herstellen|2
herunterfallen|2
herumlaufen|2
bereitwillig|2
bergen|2
Legende|2
Lehrling|2
Leinwand|2
benötigt|2
belln|2
bemühen|2
benehmen|2
beherbergen|2
keimen|2
jährlich|2
kippen|2
injizieren|2
innerer|2
innerhalb|2
beschädigt|2
besagen|2
Lesens|2
Lebensweisheit|2
belästigen|2
hupen|2
ignorieren|2
illegal|2
jucken|2
individuell|2
Geschirr|2
Geschrei|2
Geländer|2
inspirierend|2
informieren|2
installieren|2
Gewalt|2
Gewitter|2
Gewohnheit|2
Gerücht|2
hübsch|2
Liste|2
Loyalität|2
befolgen|2
konzentrieren|2
Gegenstand|2
Gehalt|2
Gehweg|2
Gehör|2
beklagen|2
behindern|2
beleben|2
belebt|2
beenden|2
befinden|2
Liter|2
Lkw|2
Gefecht|2
issen|2
jagen|2
jahrelang|2
interessiert|2
jederzeit|2
beisammensitzen|2
beitragen|2
klagen|2
Gemälde|2
Gemütlichkeit|2
Genießen|2
Gerechtigkeit|2
Genehmigung|2
Generation|2
Gefahr|2
komfortabel|2
komisch|2
kurzzeitig|2
Gebrauch|2
Gartenparty|2
Gebüsch|2
Fußballspieler|2
komplex|2
Macht|2
Magen|2
backen|2
bedeuten|2
bedeutsam|2
basteln|2
kreieren|2
krumm|2
beeinträchtigen|2
begeben|2
begraben|2
begründen|2
Läufer|2
Lösegeld|2
Lücke|2
Lüge|2
Gehen|2
Garderobe|2
Gartenarbeit|2
klemmen|2
klären|2
knirschen|2
klug|2
kannst|2
auslösen|2
ausprobieren|2
auftauchen|2
aufwachen|2
ausbreiten|2
aufstellen|2
auseinander|2
auseinanderfallen|2
Manager|2
Marsch|2
Mare|2
auszahlen|2
ausstatten|2
außer|2
ausgeben|2
ausgelassen|2
Garage|2
Gadget|2
langlebig|2
bedauerlich|2
bedrohen|2
bedrohlich|2
Mahlzeit|2
Marke|2
kompliziert|2
lebenswichtig|2
leidtun|2
leisten|2
künstlerisch|2
kürzlich|2
leidenschaftlich|2
Gala|2
Fuchs|2
Frust|2
Furcht|2
Fundament|2
lehren|2
leid|2
letztendlich|2
Freitagabend|2
locken|2
lautlos|2
lautstark|2
Früchte|2
Frühe|2
Frühjahr|2
Frisur|2
Frühstückstisch|2
Matsch|2
Mehl|2
Mechaniker|2
Make-up|2
Maler|2
aufhören|2
aufkommen|2
aufnehmen|2
ausfallen|2
aufgeregt|2
aufhalten|2
Matte|2
Maus|2
Mast|2
Meditation|2
Medium|2
auffliegen|2
auffordern|2
mitsingen|2
meiden|2
meinen|2
Flamme|2
Feuerwerk|2
meister|2
aufpassen|2
aufsaugen|2
aromatisch|2
Mate|2
Mathematik|2
Metallplatte|2
Metallteil|2
aufbringen|2
marschieren|2
Fluß|2
Flüchtling|2
Flosse|2
Forscher|2
Forschungsergebnis|2
Fitness|2
loswerden|2
Frisches|2
Friseur|2
leuchten|2
links|2
markant|2
lose|2
losfahren|2
losgehen|2
antreten|2
ansteckend|2
anstrengend|2
antik|2
ankommend|2
niederlegen|2
nostalgisch|2
nachdenken|2
anschnallen|2
Mineralwasser|2
Missgeschick|2
Mission|2
Meißel|2
anspruchsvoll|2
ansetzen|2
antreiben|2
morgens|2
Fingerfood|2
momentan|2
mächtig|2
mähen|2
männlich|2
aufführen|2
aufgeben|2
mindestens|2
minimieren|2
mischen|2
mild|2
mancher|2
löschen|2
negativ|2
monatlich|2
anfeuern|2
anfingen|2
agieren|2
parat|2
persönlich|2
passend|2
nähen|2
näher|2
angesehen|2
anhalten|2
anpassen|2
anlegen|2
anmutig|2
Mittagssonne|2
Militär|2
anfassen|2
nun|2
offenbaren|2
oben|2
nennen|2
offensichtlich|2
offiziell|2
Fantasie|2
Faust|2
nachdenklich|2
Fensterbrett|2
Ferne|2
Fernseher|2
nachts|2
nagen|2
navigieren|2
nebenan|2
allgegenwärtig|2
Mitternacht|2
absolut|2
abspringen|2
abwarten|2
rau|2
regnerisch|2
regulieren|2
potenziell|2
platt|2
organisieren|2
aktuell|2
allergisch|2
allerlei|2
abschließen|2
abschneiden|2
professionell|2
produzieren|2
proportionieren|2
präzis|2
Fahrgast|2
Faden|2
pflastern|2
politisch|2
per|2
Falle|2
Fang|2
Exkursion|2
Expedition|2
Experiment|2
nötig|2
rasen|2
abnutzen|2
Zutat|2
Zweck|2
a|2
abbauen|2
rostfrei|2
reinigen|2
reizen|2
Musikstück|2
Mögliche|2
Mücke|2
Mühe|2
Morgengrauen|2
abholen|2
abhängen|2
ablehnen|2
putzen|2
randvoll|2
ratsam|2
pro|2
probieren|2
abzielen|2
abstimmen|2
abwehren|2
recyceln|2
Erscheinung|2
Europa|2
Erbstück|2
Erdbeben|2
Erdbeere|2
quälen|2
quäln|2
Zugriff|2
Zubereitung|2
Zucker|2
Zusammenarbeit|2
Zelt|2
Entschlossenheit|2
Entspannen|2
Ente|2
Zivilisation|2
Zoll|2
abdecken|2
Nachbarin|2
Mühle|2
Müll|2
Nachschlag|2
Nadel|2
Erholung|2
Erlebnis|2
Erleichterung|2
Endstation|2
Erkrankung|2
reagieren|2
rechter|2
Zögern|2
reizend|2
reißen|2
renovieren|2
reservieren|2
rauchen|2
renommiert|2
Erfindung|2
Erbe|2
schief|2
Elektronik|2
Einbruch|2
Eindringling|2
rutschig|2
rum|2
revolutionieren|2
Wohlbefinden|2
Müsli|2
Zahl|2
Würstchen|2
Wüste|2
Zeitpunkt|2
schallen|2
scheitern|2
schieben|2
Ziege|2
Zentrum|2
Währung|2
Wölfe|2
Naturfreund|2
Nebel|2
Naturliebhaber|2
Münze|2
risikoreich|2
robust|2
roch|2
ruinieren|2
reichlich|2
reifen|2
Zeremonie|2
Zettel|2
Ebbe|2
Ebene|2
Einnahme|2
schließen|2
schlafend|2
schloss|2
schmerzlich|2
schlimm|2
schrecklich|2
schnellstmöglich|2
schockieren|2
Einheit|2
Einblick|2
Einkaufszentrum|2
Einreichung|2
Einsamkeit|2
Naht|2
Wildtier|2
Wirtschaft|2
Wissen|2
Wissenschaft|2
Wissenschaftler|2
Witz|2
schonen|2
Workshop|2
Wurzel|2
Netz|2
Not|2
Note|2
Notfall|2
Nudel|2
Nummer|2
Widerstand|2
Wetterbedingung|2
Wendung|2
sichtlich|2
singen|2
sinken|2
schwirren|2
sieben|2
schockiert|2
Werkstatt|2
Werkzeugkasten|2
Nährstoff|2
Nüsse|2
Ofen|2
Ohr|2
Neugeborenen|2
schwenken|2
Efeu|2
Ehrlichkeit|2
Eigenschaft|2
Ehre|2
Dreck|2
schnellstens|2
schnappen|2
schwamm|2
schrie|2
schwarz|2
schweben|2
schubsen|2
schwerfallen|2
schwanger|2
schmutzig|2
Dorfbewohner|2
Distanz|2
Deckel|2
Dekoration|2
selbstbewusst|2
sicherlich|2
sicherstellen|2
sprießen|2
Nutzung|2
Wahl|2
Vorlesung|2
sortieren|2
sowohl|2
solcher|2
solide|2
Dorf|2
Wat|2
Waschen|2
Wehe|2
Wehr|2
Waffe|2
Organisation|2
Olympischen|2
Panik|2
Duft|2
schüchtern|2
schwingen|2
schütteln|2
segeln|2
schädlich|2
schuften|2
Wartezeit|2
staunen|2
stehend|2
steigern|2
speichern|2
stecken|2
Dame|2
Cocktail|2
Datei|2
Parklücke|2
Partie|2
Oma|2
Opfer|2
Pass|2
Vokuhila|2
Vorfreude|2
stapeln|2
Vorhang|2
Vorwarnung|2
Vorwurf|2
Vulkan|2
Wachstum|2
Vortrag|2
Vitrine|2
Parken|2
spitz|2
sprengen|2
Design|2
Debatte|2
Demokratie|2
Dienstag|2
Couch|2
Vorschrift|2
Vergleich|2
Verlauf|2
Vermögen|2
tapfer|2
ticken|2
streuen|2
strikt|2
strömen|2
Versuchung|2
Verhandlung|2
Verhau|2
Pasta|2
Perspektive|2
Pfand|2
Pfeil|2
Verkaufszahl|2
streicheln|2
stolperen|2
stabilisieren|2
Volk|2
Verschmutzung|2
Verzögerung|2
Vielfalt|2
Versuch|2
sprachlos|2
steuern|2
stürzen|2
Camping|2
Clown|2
Burg|2
stilvoll|2
streben|2
Buchhalterin|2
Buchung|2
Bommel|2
transportieren|2
traumhaft|2
tragisch|2
tanken|2
Umbau|2
Vergehen|2
Unruhe|2
Unschuld|2
Verein|2
Unmut|2
toben|2
umfallen|2
Bubatz|2
Verkäufer|2
Vater|2
Verlust|2
Pilger|2
Pickel|2
Pirate|2
Verantwortung|2
Verbraucher|2
teuer|2
Butter|2
Bäckerei|2
Bund|2
Bürgermeister|2
Bürgersteig|2
Böden|2
stressen|2
umziehen|2
unabhängig|2
unauffällig|2
trist|2
trotzdem|2
unangebracht|2
trüb|2
trinken|2
unermüdlich|2
Botschaft|2
Branche|2
Brett|2
Brezel|2
Boutique|2
Blase|2
umsetzen|2
Umzug|2
Ungerechtigkeit|2
Umstand|2
Träne|2
Trümmer|2
Tun|2
Turnier|2
uneben|2
Pool|2
Pole|2
Postbote|2
Pracht|2
Pommes|2
Pflücken|2
Umgang|2
Umweltschutz|2
Blut|2
Bleistift|2
Blätter|2
Bock|2
unbestritten|2
unbrauchbar|2
unverändert|2
vergaß|2
unruhig|2
unheimlich|2
unbedingt|2
unbegrenzt|2
unbeschreiblich|2
unnötig|2
unordentlich|2
Bluse|2
Pleuel|2
Treppenhaus|2
Trick|2
Tritt|2
Trikot|2
Torte|2
ungebeten|2
unpraktisch|2
Traurigkeit|2
Trauung|2
Täuschung|2
Priester|2
Prinzessin|2
Probe|2
Problematik|2
Problemlösung|2
verhaften|2
verlassen|2
verlegen|2
verdienen|2
Bestrafung|2
Betrachtung|2
Betrag|2
Betreuung|2
Therapie|2
Präsenz|2
Pudel|2
Puder|2
Puff|2
Timing|2
Tinte|2
Tipp|2
ungemütlich|2
ungenießbar|2
Tradition|2
Trainer|2
Topf|2
Traube|2
Trauer|2
Theater|2
unwohl|2
verabschieden|2
verblüffen|2
unten|2
Beziehung|2
Besprechung|2
untergehen|2
unterschiedlich|2
Bergleute|2
Benehmen|2
Berlin|2
Berührung|2
verlängern|2
verlässen|2
vermitteln|2
verpacken|2
Tanzfläche|2
Tape|2
versagen|2
verschwinden|2
verschütten|2
verletzt|2
verletzten|2
verschmutzen|2
Rad|2
Radtour|2
Quark|2
Rade|2
Protest|2
Telefon|2
Terrasse|2
Terz|2
Betrüger|2
Benutzer|2
verehren|2
verfolgen|2
vergehen|2
vergnügt|2
Tischler|2
Teer|2
verzaubern|2
Bauernhof|2
Beamter|2
Becher|2
vervollständigen|2
verteiln|2
verwerten|2
verwildern|2
Tanzen|2
Techniker|2
Raubtier|2
Rauch|2
Rappe|2
Quadrat|2
Südamerika|2
Tablette|2
Befehl|2
Beliebtheit|2
Belohnung|2
Batterie|2
Bein|2
Taube|2
Taufe|2
Tausend|2
versinken|2
verspätet|2
verstauen|2
versehen|2
verstorben|2
verstorbener|2
verteidigen|2
verströmen|2
Ausstellung|2
vorbeibringen|2
vorbeigehen|2
vorführen|2
vorlesen|2
verzieren|2
weigern|2
weise|2
warnen|2
wackeln|2
wagen|2
vorangehen|2
Balkon|2
Ballerina|2
Ballon|2
Bann|2
Stärke|2
Studium|2
Suche|2
Suchscheinwerfer|2
Strafe|2
Straßenbahn|2
Straßenrand|2
Stolz|2
verunsichern|2
verwundert|2
Studio|2
Regenschirm|2
Redner|2
Reichtum|2
Reisenden|2
Rat|2
Augenblick|2
Ausblick|2
Aufsehen|2
Ausdruck|2
Ausgabe|2
Ausbruch|2
Astronaut|2
weiß|2
Regelung|2
Steuer|2
Steuererklärung|2
Stirn|2
Stock|2
wiegen|2
weiterfahren|2
weitergehen|2
Strategie|2
Streich|2
Stresssituation|2
Renovierung|2
Ressource|2
Reue|2
Richtung|2
Refrain|2
Auszeichnung|2
Aussicht|2
Auftrag|2
Axt|2
wachhalten|2
wandern|2
wanken|2
vorüber|2
wünschen|2
wütend|2
zauberhaft|2
zaubern|2
wühlen|2
zerbrochen|2
zahlen|2
wirst|2
Reiter|2
Stadtpark|2
Stadtzentrum|2
Sport|2
Spitze|2
Spruch|2
Sprache|2
Staat|2
Asphalt|2
Atem|2
Aufschluss|2
Arbeitstag|2
widerstehen|2
Station|2
Riß|2
Ritze|2
wenden|2
wesentlich|2
wehtun|2
wirksam|2
wohnen|2
witzig|2
widerhalln|2
Aspekt|2
zurückbleiben|2
zurückbringen|2
zerfressen|2
Anweisung|2
Anwendung|2
Anwesenden|2
Anzeichen|2
Anzug|2
Runde|2
Rätsel|2
Routine|2
Riss|2
Ritter|2
Ritual|2
Sonnenstrahl|2
Sonnenuntergang|2
Antrag|2
Art|2
Artefakt|2
wodurch|2
Spinne|2
Sommertag|2
Rudel|2
Ruf|2
wischen|2
Architektur|2
Arena|2
Arbeitnehmer|2
Arbeitsbedingung|2
Armee|2
Aroma|2
Antarktis|2
Sessel|2
Signal|2
zurücklaufen|2
Anklage|2
Ankunft|2
Anlässe|2
Anmeldung|2
Angriff|2
Sand|2
Sahne|2
Saison|2
Rot|2
Sammler|2
Sofa|2
Sohn|2
Solo|2
zuerst|2
Sorgfalt|2
Souvenir|2
Sonnenschein|2
Saft|2
Salat|2
Salz|2
Sache|2
Applaus|2
Arbeiten|2
Angelegenheit|2
App|2
zerstört|2
ziemlich|2
zieren|2
zubereitet|2
Schrank|2
Schlemmen|2
Schreck|2
Schlüssel|2
Schmuckstück|2
überqueren|2
überaus|2
Schlag|2
Scherbe|2
Scherz|2
Scheibe|2
Scheune|2
Schicht|2
Schulzeit|2
Schneiderin|2
Schokolade|2
zuverlässig|2
zuvor|2
zwang|2
zusehen|2
zwitscheren|2
zurückhalten|2
Schuld|2
Schulleiter|2
Alter|2
Altersheim|2
Anfang|2
Anfrage|2
Ammer|2
zustimmen|2
zusätzlich|2
zutiefst|2
entstehen|2
erbeben|2
engagiert|2
entzünden|2
Kellner|2
Kerze|2
Kessel|2
Kerl|2
einleiten|2
einmal|2
einmischen|2
empor|2
entspannend|2
entspannt|2
entsprechen|2
entsprechend|2
70ern|2
entlassen|2
eintreffen|2
entkommen|2
Kino|2
Kilometer|2
Klamotte|2
Kaufverhalten|2
überhöht|2
überlassen|2
überlaufen|2
überfluten|2
überholen|2
überwältigend|2
überziehen|2
üppig|2
30|1
Abstand|1
überschreiten|1
Abendbrot|1
отличный|1
Akku|1
Akt|1
Akte|1
Aktfoto|1
Acid|1
Acker|1
Ader|1
Adler|1
17|1
Aktion|1
Aktivist|1
Alarmsystem|1
Albtraum|1
Agentur|1
Aggressivität|1
Akademie|1
Überstunde|1
Überzeugungstäter|1
ähnlich|1
Überlegung|1
Übermäßiger|1
überrascht|1
überrollen|1
überschlagen|1
ändernd|1
ängstlich|1
ärgeren|1
ätzend|1
äußerer|1
Überrest|1
Überschwemmung|1
Übersicht|1
Schießeisen|1
Schießen|1
Schießer|1
Schießstand|1
Schiffsfreund|1
Schmähgedicht|1
Schnabel|1
Schnabeltasse|1
Schlafentzug|1
Schlafsack|1
Schilfrohr|1
Schimmer|1
Schippe|1
Schiss|1
Schierlingsbecher|1
Schießbefehl|1
Schlagersänger|1
Schlagloch|1
Schlagstock|1
Schlamm|1
Schlampe|1
Schlachtabfall|1
Schlachtenbummler|1
Schlachtung|1
übergeben|1
übergießen|1
übereinanderliegen|1
Schatzkiste|1
Schaum|1
Schaumgummi|1
Schauspiel|1
Schlager|1
Schrecken|1
Schreckgespenst|1
Schrei|1
Schrieb|1
Schrift|1
Schore|1
Schornstein|1
Schotter|1
Schlappschwanz|1
Schlauch|1
Schleife|1
Schleimspur|1
Schlendrian|1
Schleudersitz|1
Schlichtung|1
Schraubenzieher|1
Schmuck|1
Schmutz|1
Schloss|1
Schlucht|1
Schlusssatz|1
Schluß|1
Schlägerei|1
Schlägertruppe|1
Schnalle|1
Schnauze|1
Schneeeule|1
Schmetterling|1
Schmied|1
Schmiede|1
Schmierpapier|1
Schmu|1
Schutzmann|1
Schutzweste|1
Schuß|1
Schwachkopf|1
Schwachstelle|1
Schulorchester|1
Schultag|1
Schultasche|1
Schwamm|1
Schwan|1
Schwanz|1
Schwarz|1
Schwarzbrot|1
Schwarzfahren|1
Schweigefuchs|1
Schutzbereich|1
Schneefall|1
Schneesturm|1
Schneid|1
Schneiden|1
Schneider|1
Schnur|1
Schnurrbart|1
Schwager|1
Schoßhund|1
Schraubenschlüssel|1
Schnäppchen|1
Schnäuzer|1
Schnüre|1
Schoko|1
Schokoladenkuchen|1
Schopf|1
Scheide|1
Schein|1
Scheinwerfer|1
Scheinwerferlicht|1
Scheitel|1
Schulfest|1
Schätzung|1
Schützenfest|1
Schiene|1
Schelle|1
Schenk|1
Schenke|1
Schenkel|1
Schere|1
Scherzartikel|1
Scheibenwischer|1
Sattel|1
Satz|1
Sau|1
Scherze|1
Scheu|1
Schickeria|1
Schiebetür|1
Schiedsrichter|1
Schulterblatt|1
Schulung|1
Schundliteratur|1
Schriftsatz|1
Schriftstellerin|1
Sandstrand|1
Sandwich|1
Sarg|1
Seligkeit|1
Sender|1
Serie|1
Server|1
Seitensprung|1
Sektflöte|1
Sekunde|1
Selbst|1
Schwein|1
Schweinebraten|1
Schweinehachse|1
Schweiß|1
Schweißperle|1
Schwelle|1
Selbstverbesserung|1
Selbstverteidigung|1
Schänke|1
Schwerkraft|1
Schwerverbrecher|1
Schwimmbad|1
Schwimmsport|1
Schwindler|1
Schweigepflicht|1
Schweiger|1
Schützenverein|1
Schwinge|1
Schwuler|1
Schwung|1
Schwämme|1
Schädel|1
Schädlingen|1
Schäferhund|1
Sauerteig|1
Schaber|1
Schabernack|1
Schach|1
Sandburg|1
Seelsorger|1
Seemannslied|1
Segel|1
Schaffner|1
Schale|1
Schalke|1
Schalldämpfer|1
Sauberkeit|1
Sauce|1
Sauerkraut|1
Sauerstoff|1
Rührei|1
Rüssel|1
S-Bahn|1
Schalmei|1
Schamgrenze|1
Schampus|1
Schande|1
Schachtel|1
Selbstachtung|1
Sehen|1
Sehenswürdigkeit|1
Seidenschal|1
Seife|1
Seifenblase|1
Se|1
Rückzugsmöglichkeit|1
Soll|1
Sommelier|1
Sommerabend|1
Sommerfeier|1
Sommerferien|1
Sommerfest|1
Sneaker|1
Socke|1
Sicherheitsnorm|1
Sicherheitsraum|1
Sicherheitssystem|1
Setzling|1
Seufzer|1
Sheriff|1
Shit|1
Showbühne|1
Sieb|1
Signalqualität|1
Signalübertragung|1
Silbe|1
Sicherheitsbeamter|1
Sicherheitsbestimmung|1
Sicherheitsgurt|1
Sicherheitsmann|1
Segelschein|1
Silber|1
Silvester|1
Simpel|1
Sintflut|1
Sitte|1
Sittengesetz|1
Sicherheitswagen|1
Saftladen|1
Saftpresse|1
Sagen|1
Rückstand|1
Rücktritt|1
Sitzen|1
Sitzplatz|1
Skala|1
Samurai|1
Sandbank|1
Salve|1
Salzstange|1
Same|1
Sack|1
Sackerl|1
Sackgasse|1
Roten|1
Rotkohl|1
Rotstift|1
Rotweinglas|1
Rouge|1
Sammlerstück|1
Sammlungsstück|1
Samstagabend|1
Sohle|1
Sohnemann|1
Skifahren|1
Skrupel|1
Skyline|1
Smartphone|1
Smartphone-Serie|1
Sittenwächter|1
Ruhm|1
Ruine|1
Rumpelkammer|1
Rutsch|1
Rätselliebhaber|1
Route|1
Rubbellos|1
Ruck|1
Rippe|1
Ritt|1
Räuber|1
Räumpanzer|1
Räumung|1
Röckchen|1
Röntgenbild|1
Rückmeldung|1
Sonnenzeit|1
Sonntagmorgen|1
Sonnenbaden|1
Sonnenbank|1
Sonnengruß|1
Sonnenliege|1
Sommergericht|1
Sommernächten|1
Skandal|1
Sonntags|1
Sonntagsfahrer|1
Sozialarbeiter|1
Soße|1
Spa|1
Sonnenplatz|1
Sonnenschirm|1
Spiegel|1
Spartiat|1
Spaten|1
Spatz|1
Speer|1
Spucke|1
Spuk|1
Spätzle|1
Spielern|1
Spielfeld|1
Spielplatz|1
Spielsache|1
Speiche|1
Speichel|1
Speiseplan|1
Spenderorgan|1
Sonderschicht|1
Spielzeuge|1
Spielzeugladen|1
Spielzimmer|1
Spießer|1
Spießigkeit|1
Spinner|1
Spiegelbild|1
Rucksack|1
Ruh|1
Ross|1
Rost|1
Sommerreifen|1
Sommersturm|1
Sonderaktion|1
Sonderrecht|1
Standard|1
Standardwaffe|1
Standort|1
Standpauke|1
Stadtteil|1
Stadtverwaltung|1
Stadtviertel|1
Staffelstab|1
Spoiler|1
Sportart|1
Sportfest|1
Sportlerheim|1
Sportwagen|1
Stammbaum|1
Stammtisch|1
Stampe|1
Spritzer|1
Sportzentrum|1
Sprachrohr|1
Sprayer|1
Sprech|1
Sprechstunde|1
Sprechstundenhilfe|1
Spree|1
Spüle|1
Spülmaschinentab|1
Spürhund|1
Springer|1
Springerstiefel|1
Sprinter|1
Sprit|1
Spritze|1
Roggen|1
Rohrleitung|1
Rohrstock|1
Rohstoff|1
Robbe|1
Robe|1
Roboter|1
Roch|1
Rom|1
Roman|1
Romantik|1
Rosenkranz|1
Rosenstrauch|1
Rochade|1
Rocken|1
Rocker|1
Staatsanwalt|1
Reiz|1
Reißaus|1
Rekordwert|1
Religion|1
Relikt|1
Rollstuhl|1
Rolltreppe|1
Stahl|1
Stamm|1
Stadtbewohner|1
Stadtentwicklung|1
Stadthalle|1
Stadtmauer|1
Stadtmitte|1
Staatsangehörigkeit|1
Standspur|1
Stapel|1
Starallüre|1
Starkbier|1
Start|1
Start-up|1
Statement|1
Stinkefinger|1
Steckenpferd|1
Stecker|1
Stecknadel|1
Stehtisch|1
Statistik|1
Status|1
Staubwedel|1
Staune|1
Steinmetz|1
Steintafel|1
Steinzeit|1
Stellung|1
Staunen|1
Stauraum|1
Steak|1
Stecken|1
Rinde|1
Staatsanwaltschaft|1
Staatsanwältin|1
Staatsgewalt|1
Staatskanzlei|1
Stacheldraht|1
Steigerung|1
Steinbild|1
Rettungswagen|1
Revolverheld|1
Rennens|1
Rennwagen|1
Renovieren|1
Reporter|1
Reisepass|1
Reiseziel|1
Rhythmen|1
Rhythmus|1
Richtlinie|1
Riesenprofit|1
Riff|1
Restaurierung|1
Retter|1
Rettungsring|1
Steuerung|1
Stich|1
Stichflamme|1
Stiefbruder|1
Stellwerk|1
Stempel|1
Referendum|1
Reform|1
Stoffwechsel|1
Stiefmama|1
Stier|1
Stift|1
Stigma|1
Stillstand|1
Steuermann|1
Steuern|1
Strandurlauber|1
Substanz|1
Sud|1
Suite|1
Sturmgewehr|1
Style|1
Stätte|1
Stöberer|1
Straßenarbeiter|1
Straßenecke|1
Straßenschild|1
Straßensperre|1
Stopp|1
Straftat|1
Strahl|1
Strandspaziergang|1
Strick|1
Strippe|1
Stroh|1
Streife|1
Streitaxt|1
Streiterei|1
Streitkraft|1
Streitkultur|1
Sterben|1
Stereoanlage|1
Sternenhimmel|1
Sternenzelt|1
Sternzeichen|1
Stress|1
Streuner|1
Strich|1
Regenbogen|1
Regenrinne|1
Regenwasser|1
Regenwolke|1
Sträucher|1
Studentin|1
Tacker|1
Tageslicht|1
Reinigung|1
Reisender|1
Reh|1
Rehbock|1
Reibe|1
Reichskanzler|1
Reichstag|1
Reichweite|1
Rasenmäher|1
Rathaus|1
Ratschlag|1
Ratte|1
Reihe|1
Reim|1
Reinheit|1
Reinheitsgebot|1
Stöckchen|1
Störung|1
Stufe|1
Stulle|1
Stunk|1
Sturmflut|1
Stromverbrauch|1
Strudel|1
Rechtsstaat|1
Recyclingtonne|1
Rauschgift|1
Rausschmiss|1
Razzia|1
Rebell|1
Rechenschaft|1
Rechenschieber|1
Puzzlestück|1
Päckchen|1
Pärchen|1
Qualifikation|1
Rechnungsbeleg|1
Rechter|1
Rechtfertigung|1
Rechtsberatung|1
Säbel|1
Sägewerk|1
Sänftenträger|1
Sänger|1
Sängerin|1
Söldner|1
Süden|1
Sylt|1
Tageszeitung|1
Taktart|1
Sünder|1
Süßigkeitenstück|1
Süßspeise|1
T-Shirt|1
Tab|1
Tacke|1
Tanzbein|1
Terrain|1
Terrassentisch|1
Tesafilm|1
Testament|1
Teleskopschlagstock|1
Tellermine|1
Tellerrand|1
Tanzkurs|1
Tapete|1
Tarnjacke|1
Talsohle|1
Tank|1
Tanke|1
Tansania|1
Tante|1
Szenario|1
Szenekneipe|1
Tausendsassa|1
Teamerfolg|1
Teammitglied|1
Tatort|1
Taufname|1
Tanzboden|1
Raubbau|1
Raubkatze|1
Raubüberfall|1
Rausch|1
Rauschen|1
Rase|1
Symphonie|1
Symptom|1
Quere|1
Rabatt|1
Radarkontrolle|1
Putz|1
Puzzle|1
Teenie|1
Teeservice|1
Teflonpfanne|1
Ranke|1
Radfahrer|1
Radikalkur|1
Radio|1
Radweg|1
Raffgier|1
Qualitätsanspruch|1
Quecksilber|1
Protagonist|1
Protagonistin|1
Protein|1
Raffsucht|1
Rage|1
Rammbock|1
Rampe|1
Rampenlicht|1
Tempelritter|1
Tentakel|1
Teigrest|1
Telescope|1
Teleshopping|1
Teenager|1
Prophet|1
Prophezeiung|1
Pulsader|1
Puppe|1
Puppenspiel|1
Prüfungsvorbereitung|1
Prüfungszeit|1
Prügelstrafe|1
Psychiater|1
Provision|1
Praxis|1
Prediger|1
Predigt|1
Preisschild|1
Prellbock|1
Pulle|1
Pulli|1
Pullover|1
Tiki-Taka|1
Tintenfass|1
Tintenfisch|1
Tick|1
Ticker|1
Tief|1
Tierschützer|1
Tester|1
Teichrändern|1
Tischdecke|1
Tischkante|1
Tischlerin|1
Tischläufer|1
Titelseite|1
Todesursache|1
Tierwelt|1
Tonmaterial|1
Tonne|1
Tontaube|1
Triggerwarnung|1
Trinken|1
Trinkschokolade|1
Tripper|1
Trost|1
Torschuss|1
Tortur|1
Torwart|1
Totenkopf|1
Totschlag|1
Toilette|1
Toilettenanlage|1
Tomatensauce|1
Trank|1
Transparenz|1
Transport|1
Transporter|1
Touch|1
Tour|1
Touri|1
Tragen|1
Prozent|1
Prärie|1
Projektpräsentation|1
Promenade|1
Theke|1
Therapeut|1
These|1
Trainingplan|1
Presse|1
Pressing|1
Prinz|1
Prinzip|1
Prise|1
Privatsammlung|1
Prahlerei|1
Traumauto|1
Produktives|1
Profi|1
Programm|1
Projektablauf|1
Projektarbeit|1
Projektleiterin|1
Privatsphäre|1
Privilegien|1
Treibjagd|1
Treibstoff|1
Treppen|1
Traufe|1
Plattenkritik|1
Plattenschrank|1
Plot|1
Plätzchen|1
Treppensteigen|1
Treppenwitz|1
Tresen|1
Tretboot|1
Treue|1
Treueeid|1
Trichter|1
Treffer|1
Unfallstelle|1
Ungeheuer|1
Unglück|1
Uni|1
Universum|1
Umsetzung|1
Umweltaktivist|1
Umweltzone|1
Tunnel|1
Turm|1
Turnschuh|1
Trott|1
Trottel|1
Trotz|1
Trug|1
Tränke|1
Typ|1
Tyrosin|1
TÜV|1
Täglich|1
Täler|1
Trümmerfeld|1
Tuch|1
Tugend|1
Trebegänger|1
Treffens|1
Tölpel|1
Tüftler|1
Tüll|1
Türrahmen|1
Türsteher|1
Tutorium|1
Polizeigewerkschaft|1
Polizeipräsidium|1
Platsch|1
Platte|1
Uferpromenade|1
Uhrzeit|1
Umarmung|1
Unwetter|1
Poster|1
Poltergeist|1
Pommesbude|1
Popel|1
Popper|1
Portemonnaie|1
Portion|1
Polarlicht|1
Pflegebedarf|1
Pflegeheim|1
Pflock|1
Pfoste|1
Porträt|1
Porzellanladen|1
Position|1
Post|1
Unentschieden|1
Umfeld|1
Umfrage|1
Umgangston|1
Umleitung|1
Umsatz|1
Umschlag|1
U-Bahnschacht|1
Verfassungsschutz|1
Vergeudung|1
Verbesserung|1
Verbindung|1
Verbotspartei|1
Verbrechensbekämpfung|1
Verdauung|1
Verdienst|1
Unmenschlichkeit|1
Unordnung|1
Unsicherheit|1
Unterdrücker|1
Untergang|1
Vereinbarung|1
Verfahren|1
Verfassung|1
Untersuchung|1
Untersuchungshaft|1
Untertasse|1
Untergrund|1
Unternehmensleitung|1
Unternehmensstrategie|1
Unternehmer|1
Unternehmung|1
Unwissenheit|1
Update|1
Urgrund|1
Urinal|1
Urknall|1
Urlauber|1
Unterrichtsstunde|1
Unterschrift|1
Physiotherapeut|1
Phän|1
Pianistin|1
Pflasterstein|1
Urteil|1
Vandalismus|1
Variante|1
Vase|1
Pille|1
Pilot|1
Pinte|1
Pirat|1
Pfote|1
Phallussymbol|1
Phantasie|1
Phase|1
Pausenhof|1
Pech|1
Pechvogel|1
Pirouette|1
Pisse|1
Plakette|1
Planer|1
Pick|1
Vatertag|1
Vegetation|1
Veilchen|1
Vene|1
Venedig|1
Venus|1
Urlaubsland|1
Pauke|1
Pferderennen|1
Pflanzenpflege|1
Perfektion|1
Performance|1
Persönlichkeit|1
Pest|1
Pein|1
Peinlichkeit|1
Pappe|1
Paps|1
Papst|1
Parade|1
Paradies|1
Paragraph|1
Pfefferkuchen|1
Pfeife|1
Verleihung|1
Verletzten|1
Verlockung|1
Verkaufsabteilung|1
Verkaufstheke|1
Verkehrssünder|1
Verkehrsunfall|1
Verkleidung|1
Vermieter|1
Vermächtnis|1
Vernachlässigung|1
Vernetzung|1
Vernichtung|1
Vernissage|1
Verkäuferin|1
Verleger|1
Verständlichkeit|1
Vernunft|1
Verräter|1
Vers|1
Versammlung|1
Versand|1
Versehen|1
Vor-|1
Vertrauensverhältnis|1
Verwendung|1
Verwunderung|1
Versicherung|1
Versprechung|1
Verstand|1
Versteck|1
Verstorbenen|1
Verhaftung|1
Verhältnis|1
Verhörtechnik|1
Verzehr|1
Verzeihung|1
Verzicht|1
Viehtransport|1
Verteidigung|1
Peitschenschlag|1
Pelle|1
Pelz|1
Pendant|1
Pendel|1
Pendeln|1
Pate|1
Vergnügen|1
Passwort|1
Parole|1
Parteihierarchie|1
Partner|1
Partnerin|1
Partnerschaft|1
Partnerstadt|1
Parfum|1
Viervierteltakt|1
Online-Handel|1
Opa|1
Operation|1
Orangetönen|1
Passagiermaschine|1
Passantin|1
Passspiel|1
Vollmacht|1
Vollpension|1
Vollpfosten|1
Vogelart|1
Vogelgesang|1
Vogelscheuche|1
Vogelschiss|1
Vogelstrauß|1
Vorarbeiter|1
Vorfahre|1
Vorfahrt|1
Vorgabe|1
Volksglaube|1
Volkstanz|1
Volljurist|1
Vollkasko|1
Vorhersage|1
Vorliebe|1
Vorname|1
Vorrat|1
Vorratsraum|1
Wanderweg|1
Wandschrank|1
Wange|1
Vorurteil|1
Vorzug|1
Vulva|1
Vorschein|1
Vorschlaghammer|1
Vorsorgeuntersuchung|1
Vorstellung|1
Vorgängerin|1
Visier|1
Visitenkarte|1
Vätern|1
WG|1
Wache|1
Wachs|1
Wachsen|1
Vorträg|1
Parfüm|1
Paris|1
Parkplatz|1
Parlament|1
Panzerglas|1
Villa|1
Visage|1
Visagistin|1
Panzer|1
Orkan|1
Ouzo|1
Pack|1
Packung|1
Order|1
Ordner|1
Ordnungsamt|1
Nutzererfahrung|1
Nutzpflanze|1
Nuß|1
Nächstenliebe|1
Page|1
Palast|1
Pampe|1
Pandemie|1
Wandel|1
Wahlkabine|1
Wahlsieg|1
Wahrzeichen|1
Waldlichtung|1
Waldrand|1
Wacke|1
Wackeldackel|1
Wanken|1
Want|1
Wanze|1
Waldstück|1
Waldwanderung|1
Walnuss|1
Walzer|1
Wandbild|1
Warf|1
Warnblinklicht|1
Warnung|1
Warte|1
Warteschleife|1
Wartung|1
Weltbild|1
Weltkrieg|1
Waterboarding|1
Web|1
Waschbecken|1
Waschmaschine|1
Wasserbedarf|1
Wasserfarbe|1
Wasserfluss|1
Warentest|1
Wecker|1
Wegesrand|1
Weibchen|1
Weiche|1
Wasserpark|1
Wasserpfütze|1
Wasserschäden|1
Wasserstand|1
Organisator|1
Ork|1
Olle|1
Wacken|1
Wade|1
Waffenknecht|1
Waggon|1
Website|1
Wild|1
Wildblume|1
Wildbret|1
Wetterlage|1
Wetterwechsel|1
Wettkämpfer|1
Wettlauf|1
Whisky|1
Weidenstock|1
Weihnachten|1
Weihnachtsbaum|1
Weihnachtsmann|1
Weihnachtszeit|1
Wichser|1
Widerspruch|1
Wiege|1
Wellness|1
Welpe|1
Weinflasche|1
Weinherstellung|1
Weite|1
Weiterbildung|1
Weitermachen|1
Weiterverarbeitung|1
Weltmeister|1
Weltraum|1
Wenigkeit|1
Werbespot|1
Weizen|1
Weizenbier|1
Weizenkorn|1
Weißglut|1
Nährstofftransport|1
Nässe|1
Nötigung|1
Oase|1
Nussknacker|1
Nutte|1
Werkzeugkiste|1
Wirrwarr|1
Obacht|1
Obdachlosen|1
Obergrenze|1
Oberhemd|1
Oberleitung|1
Oberweite|1
Objekt|1
Nährlösung|1
Neugeborene|1
Neuigkeit|1
Neujahrstag|1
Obrigkeit|1
Obstkorb|1
Oderbruch|1
Ofenkäse|1
Oktoberfest|1
Wichse|1
Wertpapierdepot|1
Weste|1
Westen|1
Wette|1
Wetten|1
Werft|1
Neuem|1
Nistplatz|1
Niveau|1
No-Go|1
Nockenwelle|1
Neurotransmitter|1
Neustart|1
Nichtstun|1
Niedergang|1
Nahrungsmangel|1
Naschkatze|1
Notlösung|1
Notruf|1
Notstandsgesetz|1
Nu|1
Nudelholz|1
Nische|1
Wirrnis|1
Winkel|1
Wintergarten|1
Winterkälte|1
Winterlandschaft|1
Winterluft|1
Winterreifen|1
Wilde|1
Wirtin|1
Winterspaziergang|1
Winterstürme|1
Wintertag|1
Winterwind|1
Wipfel|1
Wirbel|1
Wirkung|1
Wolfspelz|1
Wochenblatt|1
Wochenendhaus|1
Wohlstand|1
Wohltätigkeit|1
Wohnblock|1
Wohnmobil|1
Zaunpfahl|1
Workout|1
Wrack|1
Wrestling|1
Wucht|1
Wohnsitz|1
Wohnungsmarkt|1
Wohnwagen|1
Wolf|1
Windel|1
Windstoß|1
Wunderland|1
Wunderwerk|1
Wurm|1
Wutanfall|1
Wolkenkratzer|1
Wolldecke|1
Niederlage|1
Niere|1
Nieselregen|1
Niete|1
Netzhaut|1
Wille|1
Wimper|1
Windböe|1
Networking-Veranstaltung|1
Navigation|1
Nebelschwade|1
Nebengebäude|1
Nebenmann|1
Neffe|1
Neid|1
Nase|1
Münchner|1
Mütter|1
Neigung|1
Nektar|1
Neonröhre|1
Nervenkitzel|1
Nervenkostüm|1
Nervenstrang|1
Wüstenspringmaus|1
Yacht|1
Yen|1
Yoga|1
Zack|1
Wutbürger|1
Müllabfuhr|1
Müller|1
Zebrastreifen|1
Zecke|1
Zeitkapsel|1
Zahlung|1
Zahnbürste|1
Zahnweh|1
Zange|1
Zaubertrick|1
Zeitschrift|1
Zeitungsbericht|1
Zeitungsjunge|1
Zeitvertreib|1
Zelle|1
Zunder|1
Zungenkuss|1
Zungenspitze|1
Zeugnis|1
Ziegel|1
Zielfernrohr|1
Zentimeter|1
Zerfall|1
Zerrspiegel|1
Zerschlagen|1
Zeitrahmen|1
Würde|1
Ziffernblatt|1
Zigarette|1
Zigarettenrest|1
Zimt|1
Zins|1
Zirkel|1
Zeug|1
Nasenbein|1
Nass|1
Nation|1
Nationalfarbe|1
Naturkatastrophe|1
Nagel|1
Nagetier|1
Wörterbuch|1
Nachrichtensprecher|1
Nachspeise|1
N-Wort|1
Nachbarland|1
Nachbarskatze|1
Zivi|1
Zone|1
Zopf|1
Nachteil|1
Nachtisch|1
Nachwuchs|1
Nacken|1
Nafri|1
Nachfrage|1
Nachhaltigkeit|1
Nachname|1
Zugbegleiter|1
Zugbrücke|1
Zirkusaufführung|1
Zitrone|1
Muskel|1
Muskelpaket|1
Muskulatur|1
Mutigen|1
Zusammenhalt|1
Zusammenstoß|1
Zugfahrt|1
Zugreifen|1
Zugverkehr|1
Zuhälter|1
Zuflucht|1
Zufriedenheit|1
ablösen|1
abreisen|1
abreißen|1
abklären|1
abknallen|1
abkoppeln|1
abkratzen|1
abkriegen|1
Zwischenfall|1
Zuspätkommen|1
Zustimmung|1
Zweifel|1
Zweig|1
ablesbar|1
ablesen|1
ablichten|1
abblättern|1
Zweikampf|1
Zweisamkeit|1
Zwetschgenschnaps|1
Zwiegespräch|1
Zwilling|1
Zwinger|1
Zwischendeck|1
abbuchen|1
abends|1
abermals|1
abfeuern|1
abfinden|1
abfließen|1
Zügel|1
abbiegen|1
Mängelrüge|1
Männerbad|1
Männlein|1
Musikunterricht|1
abgebrannt|1
abgeholzt|1
abgerissen|1
abgetragen|1
Müde|1
Müdigkeit|1
Märchenbuch|1
Märchenpark|1
Mätzchen|1
Möchtest|1
Mähdrescher|1
Mähne|1
Morgenlicht|1
Morgenrot|1
Morgentau|1
Moslem|1
Möhrchen|1
Mönch|1
Möwe|1
Mückenstich|1
ablegen|1
abgrenzen|1
abgrundtief|1
abhalten|1
abisolieren|1
abkacken|1
abfloss|1
abführen|1
Musikkünstler|1
Musikliebhaber|1
Musikschule|1
Musikstunde|1
Muffe|1
Mund|1
Mundgeruch|1
Mundhygiene|1
absteigen|1
abstellen|1
abschaffen|1
Mittelaltermarkt|1
Mittelpunkt|1
Mittelstand|1
Musikfan|1
Musikhören|1
abstumpfen|1
abtragen|1
abtrocknen|1
abverlangen|1
abwaschbar|1
absichern|1
abstammen|1
abstehen|1
abgießen|1
abweisen|1
abwenden|1
abwählen|1
abzapfen|1
abzweigen|1
achteen|1
abstreifen|1
achtlos|1
achtsam|1
ackern|1
ahnden|1
ahnen|1
akademisch|1
angeben|1
angebracht|1
allzeit|1
allzu|1
allerbest|1
akribisch|1
aktivieren|1
alarmieren|1
alarmierend|1
albern|1
Mottenkugel|1
Mucke|1
Mucks|1
Morgendämmerung|1
abschieben|1
abschnitt|1
abschweifen|1
allerneust|1
Mundschenk|1
Mundschutz|1
Muschi|1
Motorhaube|1
Motorleistung|1
Motorrad|1
Motorventil|1
Motte|1
Morast|1
Modenschau|1
Moderator|1
Modetrend|1
Mohn|1
Mohnkuchen|1
Mohrenkopf|1
Mittwoch|1
Milch|1
Militärlager|1
Monatslohn|1
Montag|1
Montagmorgen|1
Moor|1
Moos|1
Mopp|1
andauernd|1
andächtig|1
aneinander|1
anfahren|1
altbekannt|1
Mieter|1
Mietvertrag|1
Mietwagen|1
angehen|1
angeklagter|1
angepassn|1
angesagt|1
anfangs|1
anfehen|1
anfällig|1
and|1
angrenzend|1
anhaben|1
anwesend|1
anwidern|1
anstarren|1
anstehen|1
anstehend|1
anstellen|1
anmutend|1
anhand|1
anhängen|1
anklopfen|1
anlachen|1
angesichts|1
angestellt|1
angreifen|1
anpacken|1
anpissen|1
anrichten|1
anlassen|1
anleiten|1
anliefern|1
anlügen|1
anmelden|1
Mixtape|1
Mob|1
Mobil|1
Mobilfunk|1
Mobilität|1
amüsant|1
amüsieren|1
anMach|1
Ministerin|1
Minnesang|1
Mischung|1
Miese|1
Miete|1
anschau|1
anschielen|1
anschießen|1
Missbrauch|1
Missgeburt|1
Missionar|1
Mist|1
Mistvieh|1
Million|1
Millionär|1
Milz|1
Meister|1
Meistertitel|1
Mitarbeiterin|1
Mitgliedschaft|1
Mitleid|1
Mitschuld|1
Mitsingen|1
Mittag|1
anstieg|1
anstifteen|1
anspitzen|1
anspringen|1
anspruchslos|1
ansagen|1
anschalten|1
Meisel|1
Mentor|1
Messi|1
Met|1
Melone|1
Menschengedenken|1
Menschenjahr|1
Menschheit|1
Meinungsfreiheit|1
Materie|1
Matratze|1
Meteorit|1
Meter|1
Mettigel|1
Metzger|1
Meute|1
Menstruationszyklus|1
aufeinandertreffen|1
artig|1
atmen|1
attraktiv|1
aufbeißen|1
anzünden|1
anöden|1
Materiali|1
anschließen|1
anschwärzen|1
auffangen|1
aufforsten|1
aufbiegen|1
aufblasen|1
aufbrechen|1
aufdrücken|1
Meeresgrund|1
Mehrwegflasche|1
Mehrwertsteuer|1
Meier|1
Meilenstein|1
Meine|1
Medaille|1
Medizin|1
auflegen|1
auflehnen|1
aufgehen|1
aufgehend|1
Maklerprovision|1
Mal|1
Malen|1
Malerei|1
aufrichtig|1
auflockern|1
auflösen|1
aufmarschieren|1
aufmuntern|1
aufmüpfig|1
aufknacken|1
aufladen|1
appetitlich|1
arbeitsam|1
archivieren|1
argumentieren|1
aufpumpen|1
aufrecht|1
aufregen|1
aufreißen|1
aufsetzen|1
aufspannen|1
aufspringen|1
ausreichend|1
ausreiten|1
ausrollen|1
ausruhen|1
ausrutschen|1
ausblenden|1
aufstieg|1
aufstocken|1
aufschlagen|1
aufschlussreich|1
aufschnallen|1
aufschreiben|1
aufschreien|1
ausbuhen|1
auschecken|1
ausfeilen|1
ausflippen|1
aufwecken|1
aufwischen|1
aufwärts|1
aufziehen|1
Matroschka|1
Matt|1
Maulesel|1
Mausefalle|1
Match|1
aufgeklärt|1
aufgelöst|1
aufgreifen|1
aß|1
austragen|1
austreiben|1
ausversehen|1
auswirken|1
ausziehen|1
auszulegen|1
ausstellen|1
ausgefallen|1
ausgefuchst|1
ausgehoben|1
ausüben|1
authentisch|1
autorisiert|1
außerhalb|1
außerordentlich|1
ausgeprägt|1
ausgewählt|1
ausgezeichnet|1
ausgraben|1
ausgrenzen|1
ausharren|1
ausheben|1
ausführlich|1
aussagen|1
aushändigen|1
auskugeln|1
auslaugen|1
auslegen|1
ausloten|1
ausmerzen|1
auspacken|1
Manipulation|1
Mannequin|1
Manta|1
Maikäfer|1
ausschöpfen|1
aussehend|1
aussichtslos|1
aussortieren|1
Martyrium|1
Maschinengewehr|1
Maschinenraum|1
Marktblase|1
Marktforscher|1
Marktplatz|1
Marktstand|1
Malle|1
Luke|1
Lunte|1
Lurch|1
Lustgewinn|1
Luther|1
Marmelade|1
Marquis|1
Martinshorn|1
aussterben|1
ausstrecken|1
aussuchen|1
austauschen|1
austicken|1
ausschließlich|1
ausschreiben|1
Lukas|1
Lügenbaron|1
Lügengeschichte|1
Lügenpresse|1
Lutherstadt|1
Lutte|1
Lynchmob|1
Lärmbelästigung|1
Luftzug|1
Linse|1
Mach|1
Machenschaft|1
Machtergreifung|1
Magazin|1
Magie|1
Magier|1
Löwen|1
baten|1
beachten|1
bearbeitet|1
beben|1
Lieferwagen|1
Liege|1
Lifestyle|1
Linie|1
aussperren|1
bedroht|1
bedrückend|1
beeilen|1
bechern|1
bedeckt|1
bedienen|1
barfuß|1
Lende|1
Lenker|1
Lenkrakete|1
Lotos|1
Lotterie|1
Luftballon|1
Luftfahrt|1
Luftkontakt|1
beflügeln|1
befragen|1
befreiend|1
befriedigend|1
befristen|1
Leitplanke|1
Leitung|1
Lektion|1
begreifen|1
begrenzen|1
begaffen|1
began|1
begehen|1
begehren|1
begehrt|1
beflissen|1
Lug|1
ballen|1
ballern|1
bange|1
bangen|1
bannen|1
bar|1
begradigen|1
begutachten|1
begünstigen|1
behaart|1
beheben|1
bequemen|1
berauben|1
berechnend|1
bereicheren|1
belagern|1
belauschen|1
beisammen|1
beisammensitzensitzen|1
bejahen|1
beibehalten|1
beibringen|1
beifügen|1
Literaturgeschichte|1
Litfaßsäule|1
Lobeshymne|1
Lieferdatum|1
befehlen|1
befestigt|1
befiel|1
beladen|1
Luftverschmutzung|1
Lok|1
Lokal|1
London|1
Longdrink|1
Lorbeerkranz|1
Los|1
List|1
Liebesspiel|1
Lernerfolg|1
Lesen|1
Leuchtfeuer|1
Lex|1
Leistungsgesellschaft|1
Leistungskurs|1
beleidigen|1
Lieblingsspielzeug|1
Liebsten|1
Lichtschranke|1
Lichtstrahl|1
Lichtung|1
Liebesgedicht|1
Liebeskummer|1
Liebeskunst|1
Lebertran|1
Lebzeiten|1
Leck|1
Lieblingscafé|1
Lieblingsfilm|1
Lieblingsfoto|1
Lieblingsort|1
Lieblingssong|1
bepinseln|1
bellend|1
belächeln|1
bemannen|1
bemerkenswert|1
belegen|1
beleibt|1
Leber|1
Leerlauf|1
Legalfrage|1
Legebatterie|1
Legislatur|1
Lehm|1
Lebensstil|1
Lebensweg|1
bereitstellen|1
Leiste|1
Leistungsdruck|1
Leistungsfähigkeit|1
Lehrkörper|1
Lehrmaterialie|1
Leib|1
Leckerli|1
Lederjacke|1
beschissen|1
beschlagnahmen|1
berührend|1
Landwirtschaftsbetrieb|1
Langfristige|1
Lappen|1
Leidtragende|1
Leine|1
beleuchten|1
beliebig|1
beschlossen|1
beschmieren|1
beschwören|1
beschatten|1
bescheiden|1
beschenken|1
Laugenbrezel|1
Laut|1
Laute|1
Lebemann|1
Lasst|1
Laster|1
Latrine|1
Latte|1
Kürzen|1
Lebensaufgabe|1
Lebensbedingung|1
Lebensfreude|1
Lebensgefühl|1
Lebensmut|1
Laufbahn|1
Lauffeuer|1
bestialisch|1
bestreichen|1
besserem|1
bessern|1
besteigen|1
beschützen|1
Kühlwasser|1
Küken|1
bereuen|1
bereun|1
beten|1
betrat|1
bestellt|1
bestens|1
bestes|1
besteuern|1
Lackschuh|1
Ladebaum|1
Ladung|1
Lagan|1
La|1
Label|1
Lachs|1
Lack|1
beulen|1
bevorstehen|1
betraten|1
betreffen|1
Kuppel|1
Kur|1
Lagerbestand|1
Landgericht|1
beworben|1
bewundernd|1
bewachen|1
bewachsen|1
bewachten|1
betäuben|1
betörend|1
beugen|1
Lauer|1
besiegeln|1
besiegen|1
besingen|1
besonnen|1
bewirken|1
bewirtschaften|1
bewohnen|1
Kronleuchter|1
Krähe|1
Köpfchen|1
Körperbau|1
Körpersaft|1
Kübel|1
Küchenbereich|1
Küchenrolle|1
bezüglich|1
beängstigend|1
binden|1
birgen|1
bewundert|1
bewusst|1
Kriterium|1
Kronkorken|1
blendend|1
blicken|1
bisher|1
bisherig|1
bisweilen|1
bitterkalt|1
blass|1
bezwingen|1
Küchenschublade|1
betroffen|1
betrüben|1
betätigen|1
bleibend|1
bleibst|1
blendeen|1
blenden|1
blockieren|1
blutgetränkt|1
blutjung|1
böser|1
bücken|1
bügelen|1
bündeln|1
cake|1
blutleer|1
blähen|1
blöd|1
blöken|1
bodenlos|1
blinken|1
blinzeln|1
blitzschnell|1
bezauberen|1
bezeichnen|1
brenzlich|1
brenzlig|1
bohren|1
brachliegen|1
brainstormen|1
braten|1
Königsdisziplin|1
Könnte|1
Kutte|1
Käfer|1
Kämpfer|1
Kästchen|1
bewährt|1
bezahlen|1
Kunstschüler|1
Kunststoffschicht|1
Kugel|1
Kugelblitz|1
Kulisse|1
Kulturszene|1
Kundenfrage|1
Kundgebung|1
Korruption|1
Korsett|1
Kostüm|1
Kundschaft|1
Kunstfigur|1
Kunstgriff|1
Kunstliebhaber|1
Kunstmesse|1
brüllen|1
brüsten|1
buchstabieren|1
buckeln|1
buddeln|1
bullern|1
bum|1
Korrosion|1
celebration|1
bummeln|1
bundesweit|1
bändigen|1
bärenstark|1
bäumen|1
bös|1
bösartig|1
chemisch|1
chillig|1
chippen|1
cleverst|1
colorful|1
cool|1
dekantieren|1
dekorieren|1
damals|1
dampfend|1
danach|1
daneben|1
dabeihaben|1
dachte|1
dachten|1
dadurch|1
brunchen|1
brutal|1
brühen|1
danken|1
darbringen|1
darein|1
daher|1
dahinter|1
Kränkung|1
Kröte|1
Krüger|1
Krümeltee|1
Kuckucksuhr|1
Kristall|1
brummeln|1
brummen|1
Krankenschwester|1
Krawall|1
Kreatur|1
Kostümparty|1
Kotze|1
Kotztüte|1
Kracher|1
Krage|1
Kondensmilch|1
Konditorei|1
Kondom|1
Kreissaal|1
Kreisverkehr|1
Kreuz|1
Kriegsdienst|1
Kringel|1
davonfliegen|1
davonkommen|1
davonrannen|1
davontapfen|1
dareinschweifen|1
dargelegt|1
Kompromiss|1
Komödie|1
dekoriert|1
delikat|1
demonstrieren|1
demütig|1
daß|1
definieren|1
deftig|1
dasselbe|1
Kontinent|1
Kontoführungsgebühr|1
Kontra|1
Konzentrat|1
Konjunktur|1
Konsequenz|1
Konstruktives|1
Konsument|1
Knopfauge|1
Knödel|1
Koordination|1
Kopfnuss|1
Kopfschmerz|1
Kopfschmuck|1
Kopfsprung|1
Konterbier|1
dieß|1
desensibilisieren|1
desinfizieren|1
deutsche|1
denkbar|1
Knicks|1
Knie|1
Knochen|1
Kram|1
Korken|1
diggen|1
dimmen|1
dinieren|1
dokumentieren|1
diamantbesetzt|1
diebisch|1
durchsichtig|1
durchstreifen|1
durchtrainieren|1
dämlich|1
durchhalten|1
durchlassen|1
durchlöchern|1
durchmachen|1
draufkommen|1
draufsetzen|1
drehn|1
dreihundert|1
donnern|1
doof|1
drankriegen|1
drauf|1
dufen|1
dulden|1
dreimal|1
dreist|1
driften|1
drohend|1
drucken|1
draufgehen|1
Konter|1
Kompliment|1
denkn|1
dennoch|1
den销售|1
derb|1
drängend|1
dröhnen|1
Komfort|1
Kochplatte|1
Kochraum|1
Kochwäsche|1
Kofferraum|1
Kneipenschlägerei|1
Knete|1
dunkelen|1
Komm|1
Kommandoturm|1
Kommode|1
Komplikation|1
Kohlensäure|1
Koks|1
Kollegin|1
Kombizange|1
durchgegart|1
dumpf|1
Klatschen|1
Klaue|1
Klavierspiel|1
Klei|1
Kleiderbügel|1
Komiker|1
durchnässen|1
durchschallen|1
durchschauen|1
durchschlafen|1
durcheinander|1
durcheinanderwerfen|1
durchfahren|1
durchgearbeitet|1
einkeilen|1
einkleistern|1
eingegeben|1
eingehen|1
eingeladen|1
eingeschlossen|1
eingestehen|1
einhalten|1
dösen|1
eben|1
ebenfalls|1
ebenso|1
ebnen|1
echauffieren|1
einherziehen|1
einig|1
ehren|1
ehrenwert|1
ehrfurchtgebietend|1
ehrwürdig|1
eifrig|1
eckeln|1
edl|1
ehemalig|1
durchbohren|1
durchdachen|1
durchdrehen|1
eigendlich|1
eigennützig|1
eilen|1
eiln|1
einarbeiten|1
Kleingeld|1
Kleinigkeit|1
Klette|1
Kletterer|1
einbringen|1
eindringen|1
einen|1
einer|1
Knast|1
Knasterbart|1
Klimaschutz|1
Klinge|1
Klingel|1
Klinke|1
Kleiderschrank|1
Kleidungsstil|1
Kinderfest|1
Kinderherz|1
Kinderschar|1
Kinderschänder|1
Klofrau|1
Klotz|1
Knaller|1
Knarren|1
einher|1
einfahren|1
einfangen|1
einflößen|1
einfügen|1
einfühlsam|1
eingeben|1
einatmen|1
endgültig|1
ekelhaft|1
elektrisch|1
elend|1
empfehlenswert|1
empfinden|1
einwerfen|1
einwickeln|1
einreißen|1
einrenken|1
einmarschieren|1
einnehmen|1
emporragen|1
emporschweben|1
empören|1
emsig|1
einsam|1
einsammeln|1
einschlafen|1
einpacken|1
einprägen|1
einprägsam|1
einrahmen|1
einreden|1
einschlalfen|1
einschränken|1
einsperren|1
einstellen|1
einstieg|1
einrichten|1
einrollen|1
einrätselhaft|1
Kinderspiel|1
Kinn|1
Kipp|1
Kippe|1
Kippenstummel|1
Kiez|1
eintreten|1
eintönig|1
Klassenkamerad|1
Klassenraum|1
Kirchenmitglied|1
Kirschbaum|1
Kirsche|1
Kissen|1
Kitsch|1
Klabautermann|1
Kaufprozeß|1
Kavaliersdelikt|1
Kaviar|1
Kebap|1
Klampfe|1
Klappcouch|1
Klappe|1
Klaps|1
einzeln|1
einziehen|1
einzig|1
eisgekühlt|1
eitel|1
eintauchen|1
einteilen|1
Kaufmannsladen|1
Kieferorthopäde|1
Kieselstein|1
Kiesinger|1
Kern|1
Kernseife|1
Kerzenlicht|1
Kerzenständer|1
Ketchup|1
Kardanwelle|1
Karibik|1
Karies|1
Kette|1
Kettensäge|1
Keule|1
Kick|1
Kieferbruch|1
entgleisen|1
entglitt|1
enthaupten|1
entbehren|1
entbinden|1
enterben|1
entfesseln|1
Karaffe|1
einvernehmlich|1
einweihen|1
entkoppeln|1
entlangfahren|1
entlanggehen|1
entlasten|1
entfliehen|1
entführen|1
entschieden|1
entsetzlich|1
erglühen|1
ergründen|1
erhaben|1
erfreut|1
erfrieren|1
erfrischen|1
enttäuscht|1
entwirren|1
entwischen|1
entzwei|1
entzücken|1
entspann|1
entnehmen|1
entrechten|1
energisch|1
entarten|1
erachten|1
erahnen|1
erarbeiten|1
erbaut|1
erben|1
enttäuschend|1
Keim|1
Keinen|1
Kelle|1
Keramik|1
Kerbe|1
Kauf|1
Kaufhaus|1
energetisierend|1
Karriereweg|1
Kapelle|1
Kapitalanleger|1
erden|1
erdenklich|1
erdrücken|1
ereilen|1
erfahrbar|1
Kaserne|1
Kassenbon|1
Kassenwart|1
Kassierer|1
Kassiererin|1
Karneval|1
Karosse|1
Karren|1
Kacka|1
Kacke|1
Kaffeefleck|1
Kaffeegenuss|1
Kate|1
Katheter|1
Kauen|1
Kartoffelpüree|1
erfrischn|1
ergeben|1
ergehen|1
erfassen|1
erfreulich|1
erblühen|1
erbringen|1
Kachel|1
Kandidat|1
Kaffeetrinken|1
Kaffeevollautomat|1
Kaiserreich|1
Kaiserschnitt|1
Kalb|1
Kalkül|1
Kalt|1
Jahreszahl|1
Kanne|1
Kannen|1
Kanonenkugel|1
Kanzlei|1
Kammerflimmern|1
Kampagne|1
Kampfkandidatur|1
erlöschen|1
erklimmen|1
erlangen|1
erhitzen|1
erhoben|1
Jagdgrund|1
Jahreslohn|1
Jahresring|1
erlösen|1
ermahnen|1
ermutigen|1
ermüdend|1
erlegen|1
erleiden|1
erleuchtet|1
erläutern|1
Justiz|1
Jutta|1
Jubilarin|1
Judikative|1
Jugendgruppe|1
Jugendjahr|1
Jung|1
Jakobsweg|1
erschaffen|1
erneut|1
Initiale|1
Initiative|1
Innenhof|1
Innenkern|1
Innovation|1
Jungfrau|1
erschließen|1
erschreckend|1
erschrocken|1
erogen|1
errechnen|1
errichten|1
erröten|1
ersaufen|1
Kabelsalat|1
Kabeltrommel|1
erholen|1
erhöht|1
erschütteren|1
erschüttern|1
ersehnt|1
erschlagen|1
erteilen|1
ertragreich|1
fallengelassen|1
falteen|1
farbig|1
farblich|1
fad|1
fahl|1
erziehen|1
erträglich|1
erwachen|1
erwartet|1
ersticken|1
erstmal|1
erstrahlen|1
ertappen|1
erzogen|1
erörtern|1
essentiell|1
essenziell|1
erweitern|1
erweitert|1
erwähnen|1
erwürgen|1
Jap|1
Jazzer|1
Jeans|1
Jemand|1
Joghurt|1
Jagdgebiet|1
ernstnehmen|1
eroberen|1
Interview|1
Investition|1
Insasse|1
Inschrift|1
Inschrifte|1
Insel|1
Instanzenzug|1
Instinkt|1
Irrlicht|1
Irrsinn|1
Irrtum|1
Islam|1
Jabot|1
Integrität|1
Intensiver|1
Intervall|1
essn|1
etablieren|1
Höchstform|1
Höhe|1
Höhlenmensch|1
Hölzer|1
Irgendjemand|1
Irrer|1
fahrend|1
exen|1
exkludieren|1
exklusiv|1
exotisch|1
experimentell|1
experimentieren|1
explodieren|1
Ingenieur|1
IV|1
Ideal|1
Ideologie|1
Ihr|1
Illusionist|1
Imbissbude|1
Immobilienhai|1
Hopfen|1
Horde|1
Hormon|1
Horn|1
Impfstoff|1
Inbesitznahme|1
Infektion|1
Info|1
fernhalten|1
fernsehen|1
fertigmachen|1
fehlen|1
feinfühlig|1
feinst|1
faschieren|1
Hook|1
Ingwer|1
ethisch|1
europäisch|1
ewig|1
festgelegt|1
festnehmen|1
feststecken|1
fern|1
fettig|1
feurig|1
freiräumen|1
freisprechen|1
freiwillig|1
freizugeben|1
frequentiert|1
fotografieren|1
ficken|1
fighten|1
filmen|1
filmreif|1
finster|1
feststehen|1
festziehen|1
fettarm|1
faul|1
faulen|1
floh|1
floral|1
fisten|1
flackern|1
flauschig|1
flennen|1
Hörsprechgarnitur|1
Höschen|1
Hüpfburg|1
Hürde|1
Hüte|1
Häufung|1
Häuptling|1
fauchen|1
Hosentasche|1
Huf|1
Hufeisen|1
Hummer|1
Holzstück|1
Honigtopf|1
flutschen|1
flächendeckend|1
Hälfte|1
Häppchen|1
Hundeblick|1
Hundejahr|1
Hundekuchen|1
Hundert|1
Hupen|1
Hosenbein|1
fluffig|1
Hinterlist|1
Hintern|1
Hinterteil|1
Hintertür|1
Husch|1
Hutmacher|1
Häkelhaken|1
fraglos|1
fraß|1
freihalten|1
flügge|1
foppen|1
fortblies|1
fortschreitend|1
flott|1
Holzfläche|1
Holzlatte|1
Holzplatte|1
Holzsteg|1
Hocker|1
Hoffnungsträger|1
Hohlkopf|1
Hohn|1
frustriert|1
Hengst|1
Henker|1
Henning|1
Herausforderugen|1
Hologramm|1
Holzbank|1
Holzfigur|1
frönen|1
frösteln|1
frühmorgens|1
fulminant|1
fristgerecht|1
frohmachen|1
fromm|1
frustrierend|1
flötend|1
flüchten|1
flüchtig|1
flügellahm|1
funkelnd|1
funken|1
funzen|1
furchterregend|1
Hausmann|1
Haustelefon|1
Hilfsmittel|1
Hilfssheriff|1
Himmelbett|1
Himmelreich|1
Himmelszelt|1
Hingabe|1
gebannt|1
geborgen|1
galoppieren|1
gant|1
förmlich|1
fügen|1
Hausbesitzer|1
Hausflur|1
freundschaftlich|1
frisbee|1
frisieren|1
frissen|1
gebrauchen|1
gebrochen|1
gedanklich|1
gedenken|1
Hollandrad|1
Hiwi|1
Hobby|1
Hoch|1
Hochverrat|1
Hochwasser|1
Hochzeitsfeier|1
Hinrichtung|1
gefangener|1
gefertigt|1
gefiedert|1
geflochten|1
geformt|1
gepresst|1
geradeaus|1
genauso|1
gekocht|1
gekonnt|1
gegnerisch|1
geh|1
gehorchen|1
gefährdet|1
gefälligst|1
gefügig|1
Hermelin|1
Herrlichkeit|1
fünfmal|1
gehorsam|1
gehörig|1
geistig|1
geizen|1
geizig|1
Herzrhythmusstörung|1
Herzstück|1
Hesse|1
Hetze|1
Heuwagen|1
Hexenkunst|1
Hexenwerk|1
Herkunft|1
Havel|1
Havelland|1
Haxe|1
Headbangen|1
Hausarbeit|1
gemacht|1
gemahlen|1
gemein|1
Hebamme|1
Heben|1
Heckscheibe|1
Heer|1
Heiligen|1
Heiligenschein|1
Hausverbot|1
Hautcreme|1
Handyvertrag|1
Hanswurst|1
Harke|1
Heim|1
Heimteam|1
Heimwerker|1
Heinz|1
Hektik|1
genial|1
genießn|1
gemeint|1
gemischt|1
gemächlich|1
gemäß|1
gen|1
Handwerkzeuge|1
Hauptspeise|1
Hauptstadt|1
Hauptthese|1
Haufen|1
Haupt|1
Hauptbestandteil|1
Hauptdarsteller|1
Hauptfigur|1
Hab|1
Hacker|1
Hackfresse|1
Haen|1
Hauptkommissar|1
Hauptnahrungsmittel|1
Hauptplatine|1
Hauptpunkt|1
geschützt|1
gessen|1
gescheitert|1
geschmückt|1
geschrieben|1
geschweige|1
gerinnen|1
Haarschnitt|1
gestatten|1
gestehen|1
gestochen|1
gestresst|1
gestört|1
geschwind|1
geschworen|1
geschäftig|1
geweiht|1
grinsend|1
grob|1
grollen|1
großartig|1
großmäulig|1
grundlegend|1
grau|1
gewittern|1
gewonnen|1
gewählt|1
gezackt|1
gesundheitlich|1
gesunken|1
geteert|1
gewalttätig|1
Handwerksmeister|1
glaubhaft|1
gleichermaßen|1
gezeichnet|1
gezielt|1
gipfeln|1
glasfaserverstärkt|1
gewiss|1
Hauptgericht|1
Hauptgewinn|1
Hartz|1
Hase|1
Hasenscharte|1
Hassprediger|1
Hatten|1
Hau|1
Hammer|1
Hagen|1
Haifisch|1
Hakenkreuz|1
Halbleiter|1
Halbschranke|1
Halloween-Feier|1
Haaransatz|1
Handgepäck|1
Handlung|1
Handschelle|1
Handschlag|1
Handwerk|1
Halter|1
Hammel|1
Hammelbraten|1
gradebiegen|1
grantig|1
global|1
Großereignis|1
Großstadt|1
Großtat|1
Großteil|1
Handel|1
grausam|1
grazil|1
griechisch|1
grinsen|1
glühen|1
goldbraun|1
golden|1
grade|1
Gurt|1
Gutes|1
Gästebett|1
Götterbote|1
Güte|1
Größe|1
Grünfläche|1
Grüße|1
gültig|1
h|1
grundsätzlich|1
Gottesdienst|1
Grab|1
Graben|1
Grabenkampf|1
Grad|1
hacken|1
hafteen|1
halbgeöffnet|1
halbstark|1
halbvoll|1
hallen|1
gängig|1
gären|1
gläsern|1
haltmachen|1
hamstern|1
handgefertigt|1
handgemacht|1
handgeröstet|1
handhaben|1
handwarm|1
harren|1
hassen|1
hastig|1
hauen|1
hauptsächlich|1
herumtollen|1
herunterbringen|1
herunterlaufen|1
heiter|1
hautfreundlich|1
hautnah|1
heften|1
heilen|1
heilig|1
heiligen|1
harmonieren|1
grölen|1
gründen|1
heranschlich|1
heranwachsen|1
herausfordern|1
heim|1
heimführen|1
heimsuchen|1
Guacamole|1
Gummibär|1
Gummizelle|1
Gurgel|1
Grundpfeiler|1
Gruppierung|1
Gruß|1
Großer|1
hinderlich|1
hindurch|1
hinabrutschen|1
hinabziehen|1
hinaufbegleiten|1
hinaufschauen|1
heutzutage|1
hierher|1
herausrannen|1
herausstechen|1
herauszubekommen|1
herbeieilen|1
hinausgehen|1
hinausragen|1
hinausrannen|1
hinausziehen|1
herbstlich|1
hereinfallen|1
hereinlassen|1
hereinströmen|1
hereintrat|1
herausgefordert|1
herauskommen|1
herauslecken|1
hereinziehen|1
herlaufen|1
hernehmen|1
herreisen|1
herrlich|1
herrschen|1
hertreiben|1
herbeikommen|1
Grauen|1
Gold|1
Goldmedaille|1
hervorstach|1
hinterrücks|1
hinunterfallen|1
hinuntergehen|1
hinunterklettern|1
Griff|1
Grillabend|1
Graffiti|1
Graffiti-Wand|1
Gral|1
Grand|1
Grau|1
Graubrot|1
Grippe|1
Groschen|1
Groupie|1
Großangriff|1
Graus|1
Grausamkeit|1
Greif|1
Gremium|1
hiervon|1
hervorkönnen|1
Gitarre|1
Glasball|1
Glasperle|1
Grillfest|1
Grillgut|1
Grillparty|1
hochleben|1
hochnehmen|1
hochverehrt|1
hochwürgen|1
hochziehen|1
hip|1
hissen|1
hitzig|1
hineinleben|1
hinfallen|1
hinführen|1
hocken|1
hohl|1
holpern|1
humpeln|1
hochheben|1
hinlegen|1
hinmüssen|1
hinschlagen|1
hinschmeißen|1
hindurchkommen|1
hindurchschlüpfen|1
hineinbiss|1
hineinbringen|1
hinunterlaufen|1
hinunterrollen|1
hintereinander|1
hinterherspringen|1
hinterlässen|1
hinterlässt|1
hingebungsvoll|1
hinkriegen|1
Glaubenssatz|1
Gleichgesinnte|1
Gleichnis|1
Gezeit|1
hinwegziehen|1
hinzu|1
hinüber|1
hinüberziehen|1
Goethe|1
Gleisstrecke|1
Glied|1
Gloria|1
Gläs|1
Gläser|1
Gläsern|1
Glatzkopf|1
Gesinnung|1
Gesinnungslump|1
Gläubige|1
Glücksbringer|1
Glückseligkeit|1
Glücksmoment|1
Glühwürmchen|1
Gnade|1
hochgelobt|1
hochgestellt|1
hochgewachsen|1
hinweggehen|1
hinwegschweben|1
Gesichtsausdruck|1
Gesichtsfarbe|1
Gesindel|1
Gespäche|1
Gespür|1
Geste|1
Gestein|1
Gestüt|1
Gesundheitsdiktatur|1
Gesetzesentwurf|1
husten|1
Gewissen|1
Gewissheit|1
Gewitterwolke|1
Gesundheitszentrum|1
Gesundung|1
Getreide|1
Gewehr|1
Gesprächspartner|1
höchstwahrscheinlich|1
höhlen|1
hörbar|1
hörig|1
husch|1
Geräuschen|1
Geröll|1
Gerüst|1
immerfort|1
immerhin|1
implodieren|1
hüpfen|1
hüten|1
identifizieren|1
idyllisch|1
höchst|1
Gesetzbuch|1
Geschichtenerzähler|1
Geschichtswissen|1
Geschmackserfahrung|1
Gesamtbetrag|1
Gesang|1
Geschehen|1
Geschehnis|1
inneree|1
improvisieren|1
Gelöbnis|1
Gelüsten|1
Geschwister|1
Geschäftsgebaren|1
Geschäftsmann|1
Geselle|1
innerlich|1
innerorts|1
innig|1
insgesamt|1
instabil|1
informativ|1
inmitten|1
innehalten|1
häkeln|1
händeringend|1
häufen|1
inszenieren|1
intakt|1
intensivieren|1
interagieren|1
interessieren|1
Gerichtssaal|1
Gerichtssystem|1
Genesung|1
Genick|1
Geniestreich|1
Genießer|1
Gemeine|1
Gemischtware|1
isolieren|1
interkulturell|1
Gefallenen|1
Geflügelschere|1
Gefrierpunkt|1
Genuß|1
Gepflogenheit|1
Gerichtsmediziner|1
jahrzehntelang|1
jedenfalls|1
jeglicher|1
jemals|1
irgendwo|1
irr|1
irren|1
irritierend|1
Geschenkidee|1
Geschichtenerzählen|1
Gerstensaft|1
inbegriffen|1
indigen|1
ineffizient|1
jener|1
jubelnd|1
kahl|1
kapieren|1
kaputtgehen|1
knarren|1
kneten|1
knibbeln|1
knicken|1
knipsen|1
kennzeichnen|1
kerngesund|1
kiffen|1
kitzeln|1
kassieren|1
katapultieren|1
kauen|1
keifen|1
klammern|1
klappen|1
klappern|1
klarerklären|1
klarmachen|1
keiner|1
kennen|1
kennenlernen|1
Gemäuer|1
Gemüseart|1
Geliebten|1
Gelsenkirchen|1
interviewen|1
intuitiv|1
irgendwann|1
klaffen|1
Gehupe|1
Geige|1
Geisel|1
Gegend|1
Gegenfrage|1
Gegenwind|1
Geheimakte|1
Gedärm|1
Geisterbahn|1
Gelassenheit|1
Gelb|1
Geldwäsche|1
Gelegenheit|1
Gelenk|1
Geheimratsecke|1
Geheul|1
kleinlich|1
klettern|1
klingeln|1
klarzustellen|1
klasse|1
Gardine|1
Garn|1
Gartengerät|1
knurren|1
knusperen|1
kläglich|1
km|1
knabbern|1
knack|1
knackig|1
kleine|1
Fußboden|1
Geburtstagskind|1
Gebäck|1
Gedeih|1
Gedränge|1
Gauner|1
Gebein|1
Gebirge|1
kompostieren|1
konfiszieren|1
konsequent|1
konstruktiv|1
knutschen|1
Fußballer|1
Fußballmannschaft|1
Fußballspielen|1
kratzen|1
kontrovers|1
konzipieren|1
koordinieren|1
korrekt|1
korrigieren|1
kostbar|1
komplett|1
klatschen|1
klauen|1
klebrig|1
kleckern|1
kotzen|1
krabbeln|1
krachen|1
krass|1
krächzen|1
krebsrot|1
kreiern|1
kreisen|1
kreuchen|1
kreuzbrav|1
kreuzen|1
lass|1
kultiviert|1
kulturell|1
kund|1
kurvenreich|1
kurvig|1
kritzeln|1
kroch|1
krud|1
Gardasee|1
komm|1
kuschelen|1
kuscheln|1
königlich|1
könntest|1
köpfen|1
kugelrund|1
Geborgenheit|1
Gasse|1
Gassi|1
Gasthaus|1
Gatte|1
Gaumen|1
Gaumenfreude|1
Garantie|1
Fünfer|1
Fürsorge|1
Füttern|1
GG|1
Gabelung|1
Fußmatte|1
Fußstapfe|1
Fußtritt|1
Fruchtbarkeit|1
Fruchtblase|1
Gackerl|1
Galgen|1
Gangster|1
Füchse|1
Führer|1
Fünf-Prozent-Hürde|1
lachend|1
laden|1
lagern|1
lahmen|1
langanhaltend|1
Frohsinn|1
Front|1
Frontscheibe|1
lasten|1
laufend|1
launisch|1
lausig|1
langfristig|1
langjährig|1
langweiln|1
langwierig|1
Futterkrippe|1
Frühlingsgarten|1
Frühlingstag|1
Frühstückseier|1
Fuge|1
Fund|1
Fruchtsaft|1
Früchten|1
leeren|1
lauthals|1
Fraß|1
Freibad|1
Freiheitskämpfer|1
Funker|1
Fusel|1
Fussballspiel|1
leistungssteigernd|1
leerstehen|1
lehnen|1
lehrreich|1
leichtgängig|1
leblos|1
leck|1
lediglich|1
Fußvolk|1
Fährte|1
Förderung|1
Fußball|1
kühlen|1
kühn|1
labern|1
leis|1
Fresko|1
Fresse|1
Frettchen|1
Freundlichkeit|1
Freimaurer|1
Freiwilligen|1
Freizeichen|1
Freizeit|1
Flugblatt|1
Flugplatz|1
Flugverkehr|1
Flur|1
Friedenspfeife|1
Frische|1
Frischer|1
Friseurin|1
liebkosen|1
lieblos|1
lindern|1
linientreu|1
letztlich|1
leugnen|1
liebenswert|1
leiwand|1
Friteuse|1
leasen|1
lebensbedrohlich|1
listig|1
locker|1
lockerlassen|1
lohnend|1
lieber|1
Fitnessbegeisterte|1
Fotoshooting|1
Fotze|1
Foul|1
Fohle|1
Forstamt|1
Flussufer|1
Flut|1
losmachen|1
loyal|1
luftig|1
lungern|1
losbinden|1
Fischfang|1
Fischmarkt|1
Fischschwarm|1
lutschen|1
lächelen|1
lähmen|1
läng|1
längst|1
loshaben|1
loslassen|1
loslegen|1
Fremde|1
Fremdsprache|1
Frakturschrift|1
lesbar|1
lässig|1
lästern|1
löchern|1
löffeln|1
miserabel|1
menschenleer|1
merkwürdig|1
miefen|1
mies|1
miesepetrig|1
meisterhaft|1
meistern|1
makellos|1
mampfen|1
lückenlos|1
lügen|1
m|1
mahlen|1
minder|1
mindern|1
maßgeblich|1
mangelhaft|1
mangelnd|1
manifestieren|1
manisch|1
manövrierfähig|1
marinieren|1
makaber|1
Fläche|1
Flöckchen|1
Flügel|1
Fluchtwagen|1
losbrechen|1
losfuhr|1
losfuhren|1
matt|1
Flaschenzug|1
Flashback|1
Flause|1
Fleck|1
Flecke|1
Fischer|1
meilenweit|1
meineidig|1
Flecken|1
Flegel|1
Fleischeslust|1
Fleischhauer|1
Fleischspieß|1
Fleischware|1
Flex|1
Flagge|1
Feuerwehrmann|1
Fliegenfänger|1
Flieger|1
Fliesenleger|1
Fliesenlegerin|1
Flitterwoche|1
Flitzebogen|1
Floskel|1
meißeln|1
melancholisch|1
melieren|1
melodisch|1
menschenfeindlich|1
mehrfach|1
Feueralarm|1
Feuerholz|1
misslich|1
misstrauisch|1
mitbekommen|1
miteinander|1
möglicherweise|1
mörderisch|1
mühelos|1
mythologisch|1
mitfühlen|1
mitfühlend|1
mithaben|1
mitkommen|1
mitlaufen|1
mitmachen|1
missbilligen|1
missen|1
mitnimm|1
mitreißen|1
mitreißend|1
mitriss|1
mittelmäßig|1
mittels|1
mitfeiern|1
mitfieberen|1
meistens|1
mitzählen|1
mixen|1
mobilisieren|1
modellieren|1
modelliern|1
modernisieren|1
mollig|1
Feuerzeug|1
Fichte|1
Fieber|1
Fiesta|1
Filet|1
Festung|1
Fettsack|1
morsch|1
Filmprojekt|1
Filtertüte|1
Filterung|1
Filzlaus|1
Final|1
Finale|1
Finalspiel|1
Feuerwerk-Show|1
Feldweg|1
Felge|1
Finanz|1
Finanzamt|1
Finanzplanung|1
Finden|1
Fink|1
Filmclip|1
mäh|1
mästen|1
mucken|1
mulmig|1
musikalisch|1
monatelang|1
Feldlandschaft|1
Feldsalat|1
Festsaal|1
Ferienzeit|1
Fernbedienung|1
Fernsehsendung|1
Fernweh|1
Fessel|1
Fensterbank|1
Fensterladen|1
Farbenlehre|1
Farm|1
Farmer|1
Fascho|1
Festanstellung|1
Festessen|1
Festlichkeit|1
Festplatte|1
naschen|1
nachmittags|1
nachrennen|1
nachschauen|1
nachsteigen|1
nachtanken|1
nachvollziehen|1
Farbanstrich|1
motivierend|1
national|1
natürlich|1
nebenbei|1
nahe|1
nahezu|1
nahrhaft|1
namentlich|1
Fahrstil|1
Feierns|1
Feigenblatt|1
Feile|1
Feinripp|1
Feinschliff|1
Feinstaub|1
Fee|1
neulich|1
nichtig|1
nicken|1
nektar|1
Fahrradstreifen|1
Fahrradständer|1
Fahrräd|1
Fahrschein|1
nischt|1
normalerweise|1
notorisch|1
niederknien|1
niederschreiben|1
niedersinken|1
niedlich|1
neuer|1
Fensterrahmen|1
Ferien|1
Feriengast|1
Ferienlager|1
Feldherr|1
nachgeben|1
niesen|1
nimmer|1
Familienfeier|1
Familienkutsche|1
Familienmitglied|1
Familienvermögen|1
Fanfare|1
Fangen|1
Fallen|1
Fallobst|1
oberster|1
offenlassen|1
näherbringen|1
näherrücken|1
nährend|1
nüchtern|1
Expertise|1
Explosion|1
Feature|1
Federvieh|1
Fanmeile|1
nervig|1
ohnmächtig|1
ohrenbetäubend|1
oll|1
oberer|1
Fehlverhalten|1
Feierabend|1
Feierlaune|1
Fass|1
Faustkeil|1
Faustschlag|1
Favorit|1
Fax|1
partout|1
operieren|1
orten|1
pack|1
prahlen|1
prall|1
predigen|1
preiswert|1
patriotisch|1
peilen|1
peitschen|1
penetrant|1
peng|1
paffen|1
parathaben|1
parieren|1
Fahrraddemo|1
Fahrradfahren|1
nächtelang|1
performers|1
perplex|1
pfiff|1
pflanzlich|1
passé|1
Fallschirm|1
Fallschirmspringen|1
Falsche|1
Familienessen|1
Fahrtwind|1
Fahrzeughalter|1
Fairness|1
Falafel|1
Fahre|1
Extremistische|1
Exzellent|1
Fabelwesen|1
Fabrikbetrieb|1
Fachleute|1
Fachmann|1
Fachzeitschrift|1
Fahrersitz|1
Fahrkarte|1
Fahrlehrer|1
Fahrplan|1
Fackelträger|1
Fahndung|1
Fahnenmast|1
Fahrbahn|1
ploppen|1
plumpsen|1
plätschern|1
Ernteausfall|1
Erntezeit|1
Ernährungsweise|1
Erotik|1
Fahrerin|1
preußisch|1
prickeln|1
plündern|1
poetisch|1
poliert|1
polstern|1
pompös|1
pleite|1
primitiv|1
prinzipiell|1
proben|1
probiern|1
problemlos|1
rasend|1
raspeln|1
rasten|1
prächtig|1
produktiv|1
produziert|1
profitieren|1
projiziert|1
prollig|1
promoviert|1
pries|1
pubertär|1
pullern|1
punkten|1
pur|1
protestieren|1
protzen|1
provisorisch|1
provozieren|1
Exemplar|1
Exklusion|1
pflücken|1
piepen|1
pikieren|1
plagen|1
planschen|1
psychisch|1
Erzieherin|1
Erziehungsmittel|1
Erzählung|1
Espresso|1
Essbarem|1
Essens|1
Esszimmer|1
Errungenschaft|1
Erbse|1
Erdball|1
Erdboden|1
Etage|1
Etikett|1
Etui|1
Eunuche|1
Eventualität|1
rasch|1
quietschen|1
quollen|1
quotidian|1
rabenschwarz|1
rabiat|1
radeln|1
pusten|1
raten|1
rational|1
ratlos|1
radikalisieren|1
raffen|1
ran|1
randalieren|1
ranfahren|1
Energiesparlampe|1
Engagement|1
Erklärung|1
Erlaubnis|1
Erlebniswelt|1
Erlösung|1
Ermittler|1
Erfüllung|1
redlich|1
rausschmeißen|1
rausziehen|1
rechtlich|1
rechtmäßig|1
rechtwinklig|1
Endlösung|1
Endzeit|1
qualvoll|1
quellen|1
quer|1
regennasse|1
regional|1
registrieren|1
reglos|1
recycelt|1
Ersatz|1
Erschaffung|1
Erwachsenen|1
Erzeuger|1
Erzgebirge|1
Ernst|1
quaken|1
qualmn|1
reinziehen|1
reichhaltig|1
reichtum|1
rosen|1
routinemäßig|1
ruhen|1
rissig|1
ritzen|1
relativ|1
religiös|1
reinKommen|1
reinfallen|1
reinhören|1
reinkommen|1
reinpassen|1
reinwaschen|1
raunen|1
raus|1
rausgehen|1
rausnehmen|1
renoviert|1
respektlos|1
reiten|1
reißfest|1
Erhalt|1
Erheiterung|1
Erdenbürger|1
Erderwärmung|1
Erdhörnchen|1
Erdreich|1
Erblindung|1
rauf|1
Enkeltrick|1
Entbindung|1
Entdecker|1
retuschieren|1
rezensieren|1
richten|1
richtend|1
sag|1
Enterhaken|1
Entfernung|1
Enthusiasmus|1
Entlassung|1
Engel|1
Englischunterricht|1
Enkel|1
Enkelkind|1
Eintrittsgeld|1
Einwanderer|1
Einwohner|1
Einzelfall|1
Entwurf|1
Entzündung|1
Epidemie|1
Erbarmen|1
roden|1
roh|1
richtige|1
riechend|1
rigoros|1
rissen|1
respektvoll|1
Eintritt|1
Empathie|1
Eiweißgehalt|1
Ekel|1
Ekstase|1
Elefant|1
Elektrik|1
Einzelhaft|1
Einzelner|1
rumbringen|1
Einbrecher|1
Eindringlingen|1
Elend|1
Elite|1
Ellbogen|1
Ellenbogen|1
Elmsfeuer|1
sachgrundlos|1
runterholen|1
runterlaufen|1
runterziehen|1
ruppig|1
rustikal|1
rutschen|1
räumlich|1
saisonal|1
sammlen|1
rücksichtslos|1
rühren|1
rümpfen|1
rüpelhaft|1
rüsten|1
rütteln|1
saufen|1
saur|1
scannen|1
schaben|1
schaden|1
schadenfroh|1
schmelzen|1
schmettern|1
schelmisch|1
schenken|1
scheuen|1
schalten|1
schamlos|1
schattig|1
schaufeln|1
schaukeln|1
rumstehen|1
runden|1
runter|1
runtergehen|1
schier|1
schinden|1
schippern|1
scheißegal|1
Eisen|1
Eiskruste|1
Eisprung|1
Eitelkeit|1
Eiweiß|1
Einsicht|1
Einspruch|1
rumpöbeln|1
Einfluß|1
Einführung|1
Eingangstür|1
Einhaltung|1
Einhorn|1
Eimer|1
schlagen|1
schlapp|1
Einschenken|1
Einse|1
Einigung|1
Einkaufen|1
Einkaufsmeile|1
Einkommen|1
Einlass|1
Einfallspinsel|1
schlicht|1
schlaff|1
E-Mail-Postfach|1
Eber|1
Echo|1
Echtheit|1
Einparkhilfe|1
Einrichtung|1
schlingern|1
schlängeln|1
schlüpfen|1
schlüssig|1
schmachten|1
schleichen|1
schleppen|1
schleppend|1
Eigenbedarf|1
Eigentümer|1
Eile|1
Effizienzsteigerung|1
Ehrfurcht|1
Ehrung|1
Eidechse|1
Eck|1
Drink|1
Droge|1
Dromedar|1
Dropkick|1
Eierbecher|1
Eierkocher|1
Eierschneider|1
Eierwärmer|1
schnuppe|1
schnarchen|1
schnattern|1
schnauben|1
schneebedeckt|1
schmieden|1
schminken|1
Drecksarbeit|1
schlau|1
schlechte|1
schlecken|1
schnüren|1
schnipsen|1
schnitten|1
schnitzen|1
schnulzen|1
schrubben|1
schrumpeln|1
schrumpfen|1
schräg|1
sehnen|1
seinerseits|1
seitlich|1
schüren|1
schweißen|1
schweißgebadet|1
schufen|1
schulden|1
schuldig|1
schunkeln|1
schrien|1
schritt|1
schnackseln|1
schnallen|1
schweißtreibend|1
schwerbelasten|1
schwerelos|1
schwermachen|1
schwebn|1
schweifen|1
Edelmetall|1
Edelstahl|1
Edelstein|1
Effekthascherei|1
Effizienz|1
Dürre|1
schmolz|1
schmusen|1
Dur|1
Durchgang|1
Durchschnittsmenge|1
Drudenfuß|1
Dräht|1
Drücken|1
Dschinn|1
Duftnote|1
Dusche|1
Dyskalkulie|1
Dämmerlicht|1
Däumchen|1
Dödel|1
Dummheit|1
Dunkel|1
Dunkelmann|1
Dinosaurier|1
Dip|1
Direktorin|1
Dirne|1
Disco|1
Diskokugel|1
Durst|1
Durstigen|1
schürfen|1
sechziger|1
seelenruhig|1
segnen|1
schwören|1
schärfen|1
schäumen|1
schöpfen|1
Downer|1
Drahtesel|1
Donnergrolle|1
Dopamin|1
Doppel|1
Doppeldecker|1
Doppelkorn|1
Dorfplatz|1
Deckung|1
Deich|1
Deko|1
Delikatessenladen|1
Dorn|1
Dose|1
Dosenbier|1
Dosenpfand|1
simpel|1
sinngemäß|1
sicherhalten|1
sengend|1
senil|1
serviert|1
seufzen|1
selbstgemacht|1
Drahtseil|1
Drama|1
schwor|1
schwupps|1
schwächen|1
schwängern|1
schwärmen|1
siegreich|1
Designerin|1
Dessert|1
Destillat|1
Detektiv|1
Deutschtum|1
Deutschtümelei|1
Denker|1
Deo|1
Community|1
Couleur|1
Diabetes|1
Dichter|1
Diebe|1
Diebstahl|1
Dienstleistung|1
Diktat|1
sowieso|1
somit|1
sonnenklar|1
sogar|1
sogleich|1
solange|1
sitzenbleiben|1
Code|1
Dit|1
Diät|1
Dompteur|1
Donner|1
selbständig|1
selig|1
sengen|1
soweit|1
Daseinsfrist|1
Dauerschleife|1
Dauerwelle|1
Daumen|1
Deadline|1
Damenrad|1
Damenwelt|1
Damm|1
spießig|1
spinnen|1
spirituell|1
spannen|1
Caipi|1
Callcenter|1
Camp|1
Dasein|1
spucken|1
spitzen|1
spontan|1
sportlich|1
sprachlich|1
spreizen|1
sperren|1
spielerisch|1
Depp|1
sitzend|1
sitzenlassen|1
skandalös|1
skandieren|1
skateboarden|1
smile|1
sprichen|1
stach|1
stahl|1
stramm|1
streichen|1
streifen|1
streitlustig|1
stolpern|1
stopfen|1
stechen|1
stechend|1
stampfen|1
standhaft|1
stapfen|1
starr|1
staatlich|1
stabilhalten|1
DJ|1
DNA|1
Dachziegel|1
speien|1
steif|1
steigend|1
starren|1
staunend|1
Dampf|1
Dampfer|1
Darbietung|1
Darlehen|1
Dartpfeil|1
Crème|1
Cuxhaven|1
D-Zug|1
Campingplatz|1
Cappuccino|1
Capybara|1
Cent|1
Chance|1
Büsche|1
steinigen|1
stet|1
Chor|1
Claus|1
Cliffhanger|1
Charaktere|1
Charmeur|1
Chauffeur|1
Chefköchin|1
Campingkocher|1
Bundeswehr|1
Bungeespringer|1
Bunker|1
Burge|1
Chemotherapie|1
Chili|1
Chip|1
Chirurg|1
stottern|1
stieren|1
stiften|1
stillbleiben|1
stillen|1
stocksteif|1
steinig|1
Bundespresseball|1
Bühnenaufführung|1
Bürgermeisterin|1
Bäre|1
Böe|1
Börse|1
Börsentrend|1
Bösewicht|1
Büchse|1
stylish|1
städtisch|1
Brombeere|1
Brotaufstrich|1
Bruch|1
Bruchteil|1
Büffel|1
Bügeleisen|1
störend|1
stürmen|1
stürmisch|1
studieren|1
stumpf|1
stur|1
stutzen|1
stylen|1
stützen|1
subtil|1
super|1
surren|1
symbolisch|1
symbolisieren|1
stählen|1
stärk|1
säubern|1
säumen|1
süchtig|1
tagsüber|1
treffsicher|1
trendy|1
treudeutsch|1
tranken|1
tendieren|1
terrorisieren|1
tagtäglich|1
tanzend|1
taugen|1
säen|1
sägen|1
säkular|1
textlich|1
thematisieren|1
tiefgreifend|1
tieftauchen|1
tauschen|1
tausend|1
technisch|1
teils|1
Bushalte|1
Buss|1
Busse|1
Bär|1
Bundespolizei|1
stressig|1
stricken|1
strudeln|1
Brüder|1
Buchhandlung|1
Bruder|1
Brumm|1
Brunnen|1
Brusthaartoupet|1
Brustkorb|1
Brut|1
Buchse|1
Buchstabe|1
Bude|1
Budget|1
Buffet|1
Buh|1
Bulle|1
Bräutigam|1
tragbar|1
tierisch|1
tierärztlich|1
Bohne|1
Bohrer|1
Bombenleger|1
Bonbon|1
Bondage|1
trauen|1
trauern|1
traun|1
totlachen|1
totschlagen|1
toung|1
tracken|1
traditionsbewusst|1
unappetitlich|1
unauffindbar|1
unaufmerksam|1
umsorgen|1
umstritten|1
umwandeln|1
umwehen|1
umweltfreundlich|1
tugen|1
tugendhaft|1
tummeln|1
treuest|1
trostlos|1
trotzen|1
unangemessen|1
unantastbar|1
umgeben|1
tätigen|1
tönen|1
töpfern|1
umdrehen|1
träge|1
trösten|1
trüben|1
Bräuche|1
Bräune|1
Briefkasten|1
to|1
toppen|1
torkeln|1
umfallenfallen|1
umgaben|1
Bong|1
Bord|1
Bordstein|1
Bordüre|1
Born|1
Boss|1
Bogen|1
Bogenschütze|1
Bremse|1
Brennen|1
Box|1
Boxkampf|1
Brand|1
Branntwein|1
Brathähnchen|1
Brauerei|1
umherblicken|1
Bittre|1
Blamage|1
Blau|1
Blechdose|1
Braus|1
Brausen|1
Brautkleid|1
umweltgerecht|1
umnachten|1
umpflanzen|1
umrunden|1
umschauen|1
umschließen|1
umschlingen|1
umschnallen|1
Bläser|1
Blätt|1
Blödmann|1
Blütenstaub|1
Blumenbeet|1
Blutbahn|1
Blutdruckmessung|1
Blutentnahme|1
unbestechlich|1
unbeständig|1
unehrlich|1
unbarmherzig|1
unbeachtet|1
Bewachung|1
Beweglichkeit|1
Bewerbungsschreiben|1
unfassbar|1
unentschlossen|1
unentschuldbar|1
unerbittlich|1
unerhört|1
unerkannt|1
unerklärlich|1
unbesiegbar|1
umhüllen|1
umkehren|1
umlügen|1
ummelden|1
unersetzlich|1
unerträglich|1
unerwartetkommen|1
unerwünscht|1
ungeklärt|1
ungelesen|1
ungelöst|1
ungenau|1
unterstützend|1
unterwegs|1
untreu|1
unvergessen|1
unkontrolliert|1
unmerklich|1
ungerührt|1
ungestraft|1
ungesund|1
ungewöhnlich|1
unglücklicherweise|1
ungeduldig|1
unbemerkt|1
unparteiisch|1
unpassend|1
unrechtmäßig|1
ungünstig|1
unhygienisch|1
unkenntlich|1
unklug|1
Blutzirkulation|1
Blinde|1
Blinder|1
Blinker|1
Blitzer|1
Blockflöte|1
Bisswunde|1
unbeliebt|1
Biskuitteig|1
Biss|1
Bissen|1
Bibliothekarin|1
Bienenschwarm|1
Bierarsch|1
Bierbauch|1
Biergarten|1
Besserwisser|1
Bestandteil|1
Besteck|1
Bildhauer|1
Bildschirm|1
Bildschirmzeit|1
Bildung|1
Bildverarbeitung|1
unterbrochen|1
untereinander|1
untergeben|1
untergehend|1
unsagbar|1
unschlagbar|1
Besonderes|1
Besorgnis|1
unvergleichlich|1
unvermittelt|1
unterhaltsam|1
unterliegen|1
unternehmen|1
unterspülen|1
unterstehen|1
unterbelichten|1
unverrückbar|1
unverwechselbar|1
unverzeihlich|1
unvollständig|1
unvorhergesehen|1
unvorhersehbar|1
vergas|1
vergeblich|1
verantwortliche|1
verbannen|1
unwichtig|1
unwiderstehlich|1
unzufrieden|1
unzureichend|1
verachten|1
veraltet|1
verbeugen|1
verbiegen|1
verbieten|1
verborgen|1
verboten|1
verankern|1
veranschaulichen|1
verantwortlich|1
Bewunderer|1
Bewusstsein|1
Bewölkung|1
Bezugspunkt|1
Biber|1
Bettdecke|1
unsicher|1
unsinnig|1
Beta|1
Beton|1
Betonschicht|1
Betrachter|1
Besteigung|1
Bestellung|1
Bestzeit|1
Bestätigung|1
Beobachter|1
Betrieb|1
Betriebsablauf|1
Betrugsfall|1
Betrugsmasche|1
Betrunkenen|1
Bettbezug|1
Besucherkreis|1
verdrängen|1
verdächtig|1
verdünnen|1
verbrennen|1
Benutze|1
Benutzeroberfläche|1
Benutzung|1
Benzin|1
vergissen|1
verglühen|1
vereiteln|1
verfassen|1
verfeinern|1
verfügen|1
verdient|1
verdrecken|1
vergönnen|1
verhauen|1
verheilen|1
verhieß|1
verhuren|1
vermöbeln|1
vernaschen|1
verneigen|1
verkörpern|1
verhängen|1
verhärten|1
verhüllen|1
verirren|1
verjagen|1
verkacken|1
verkehren|1
verladen|1
verklagen|1
verkleben|1
verkleiden|1
verklemmen|1
verklingen|1
verknoten|1
verkriechen|1
Besitzerin|1
Besoffener|1
verbuchen|1
verdammen|1
verdecken|1
verderben|1
verkürzen|1
verlachen|1
Berufsverkehr|1
Bescheid|1
Beobachtung|1
Beratung|1
Bergkette|1
Berglandschaft|1
Bergpfad|1
Bemühung|1
Beschwerde|1
Beschädigung|1
Besenstiel|1
Besichtigungstermin|1
Besitz|1
Bergspitze|1
Bergziege|1
Berufsbezeichnung|1
vermutlich|1
vermählen|1
verliebter|1
verliegen|1
Bedrängnis|1
Beds|1
Beschiss|1
Beschluss|1
verneinen|1
vernetzen|1
vernichten|1
verpackt|1
verlässlich|1
vermeintlich|1
vermischen|1
vermisst|1
Basteln|1
Bastelprojekt|1
Bekämpfung|1
Bel|1
Belang|1
Beleg|1
Begleitmusik|1
Behandlungsraum|1
verschaffen|1
verschandeln|1
verschanzen|1
verschenken|1
verpfeifen|1
Barkeeper|1
Barriere|1
Basilikum|1
verschicken|1
verschlagen|1
verschleiern|1
verschlingen|1
verschlossen|1
verschlucken|1
verrücken|1
versammelt|1
verletzlich|1
verlieben|1
verliebt|1
verschluckt|1
verschmähen|1
verschonen|1
verschreiben|1
verschweigen|1
verstauben|1
verschüttet|1
versenken|1
versetzen|1
versiegeln|1
verwittern|1
verwunden|1
verwurzeln|1
versäumt|1
versteinert|1
verstimmen|1
verstopfen|1
verspeisen|1
versperren|1
verspielt|1
verspüren|1
Begleiter|1
Becken|1
verpflichten|1
verpissen|1
verprügeln|1
verriegelen|1
verrotten|1
versäumen|1
Beherrschung|1
Behinderung|1
Beichte|1
Beilage|1
Beere|1
Befreiung|1
Befruchtung|1
Begehr|1
Baumwolle|1
Bauprojekt|1
Bauschaum|1
Baustein|1
Bauarbeit|1
Bauernkrieg|1
Bauernmarkt|1
Bauklötzen|1
Backup-Plan|1
Bauwerk|1
Beachtung|1
Beamtenbund|1
Bearbeitungszeit|1
Beck|1
Baumpflanz|1
Baumrest|1
verwahren|1
verwehren|1
verweigern|1
verteufeln|1
Backenzahn|1
Backofen|1
Backpfeife|1
Backstein|1
verwählen|1
verwässern|1
verwöhnen|1
verzauberen|1
verwendeen|1
verwirklichen|1
verwirrend|1
verwirrt|1
verzweifeln|1
verzählen|1
verzögern|1
verzögert|1
vorher|1
vorherchecken|1
vorherig|1
vorhin|1
verzücken|1
verärgern|1
veröffentlichen|1
verübeln|1
vibrieren|1
videoüberwacht|1
verzerren|1
verziehen|1
vollenden|1
vollgepackt|1
volljährig|1
vielerlei|1
vielmehr|1
vielseitig|1
vielversprechend|1
vierten|1
Barfrau|1
vertonen|1
vertrackt|1
vertragen|1
verträumen|1
visiert|1
vollbesetzt|1
vollbringen|1
Balancier|1
Balkendiagramm|1
Balletttänzer|1
Badesache|1
Badewanne|1
Bahn|1
Bahncard|1
Bakschisch|1
Austauschprogramm|1
Austauschware|1
Banause|1
Bandite|1
Bangkok|1
Bankberater|1
Banner|1
Balance|1
vorhanden|1
vorausdenken|1
vorausfahren|1
voraussichtlich|1
vorbeigehender|1
vorbeikommen|1
Aussichtspunkt|1
Ausstieg|1
vorkommen|1
vorliegen|1
vormachen|1
vorbeischwimmen|1
vorbeispazieren|1
vorbeiziehend|1
vorder|1
voreinander|1
Babykleidung|1
Automobil|1
Autorin|1
Außenwelt|1
Ave|1
Ausweg|1
Ausweis|1
Auswirkung|1
Aufstrich|1
Aufwand|1
Aufwärmung|1
Avocado|1
Aydin|1
BMW|1
BWL|1
Babo|1
wahrnehmen|1
walten|1
vorzeigen|1
vorübergehen|1
wackelig|1
vorne|1
vornehm|1
Aufstieg|1
Bach|1
Backe|1
vorab|1
voran|1
voranschritten|1
voraus|1
waren|1
weben|1
wert|1
wertgeschätzt|1
westlich|1
weltberühmt|1
wen|1
weitertanzen|1
weiterwissen|1
weiterzuarbeiten|1
wegrasen|1
wegrationalisieren|1
wegschaufeln|1
wegstecken|1
wechselhaft|1
wedeln|1
wegbrechen|1
weggehen|1
weisungsgebunden|1
weiterarbeiten|1
wehrhaft|1
weiblich|1
weichen|1
weglassen|1
weglaufen|1
wegmachen|1
Auszeit|1
Autobahn|1
vorsehen|1
vorsetzen|1
vorsorgen|1
vorstellen|1
vorweinen|1
weinend|1
Augenwischerei|1
Aus|1
Ausblicke|1
Aufsichtsrat|1
weiterführen|1
weiterhin|1
weiterkommen|1
windgeschützt|1
Ausschuss|1
Ausschuß|1
Ausdauer|1
Ausgang|1
Ausgangspunkt|1
Ausgangssituation|1
Aufzeichnung|1
Aufzug|1
Ast|1
Astronom|1
Asylbewerberheim|1
Auskunft|1
Auslaufmodell|1
Ausmaß|1
Ausrufezeichen|1
Ausrüstung|1
weiterzugehen|1
weitläufig|1
welcher|1
welcomed|1
weiterdrehen|1
weiterempfehlen|1
Asservatenkammer|1
Assi|1
Aufruhr|1
Aufschneider|1
Attentäter|1
Attraktion|1
Au|1
Aufenthalt|1
Aufforstung|1
Auflage|1
wichsen|1
Arbeitsplatz|1
Arbeitsrecht|1
Arbeitsstunde|1
Arbeitsweise|1
Arbeitswelt|1
Aufprall|1
Aufruf|1
willen|1
willig|1
winden|1
widmen|1
widrig|1
wiedererkennen|1
wiederherzustellen|1
weswegen|1
winterlich|1
wippen|1
wirbeln|1
wiren|1
wirkend|1
wiederholt|1
wieso|1
wildern|1
Antithese|1
Antrieb|1
Arznei|1
Aschenbecher|1
Ascheregen|1
Asien|1
Argumentation|1
Armaturenbrett|1
worauf|1
wortgewandt|1
woher|1
wohlbekannt|1
wohlfühlen|1
wohltemperiert|1
Anteilnahme|1
Antenne|1
wringen|1
wuchsen|1
wund|1
wundervoll|1
wurschteln|1
wohltuend|1
wohlverdient|1
woran|1
Atelier|1
Atmen|1
Atmung|1
Atom|1
Attentat|1
widerlegen|1
widersetzen|1
wowte|1
wägen|1
wärmen|1
wärmend|1
wöchentlich|1
zocken|1
zuallererst|1
zubereiteen|1
zucken|1
zanken|1
zart|1
wörtlich|1
würdigen|1
würgen|1
würzen|1
würzig|1
wuselig|1
wirr|1
wissenschaftlich|1
wittern|1
zeitgemäß|1
zeitgleich|1
zentral|1
zerbeißen|1
zahm|1
Armbewegung|1
Arome|1
Arschgesicht|1
Arche|1
Architekt|1
Architektin|1
Archäologie|1
Areal|1
Anwesen|1
Anwohner-Diskussion|1
Anstrengung|1
zerhäckseln|1
zerknüllen|1
zerplatzen|1
zerquetschen|1
zerreißen|1
Aquarium|1
Arbeitgeber|1
Anwärter|1
Anzeige|1
Aperitif|1
Apfelbaum|1
Apologie|1
Anwalt|1
zerstechen|1
zerbröseln|1
zerfallen|1
Angelhaken|1
Angelplatz|1
Angesicht|1
Angetraute|1
Apothekerin|1
zimmern|1
zirkeln|1
zitieren|1
zittern|1
zerren|1
zerschellen|1
zerschlagen|1
zersetzen|1
zusammenrufen|1
zusammenräumen|1
zusammenarbeitend|1
zusammenbacken|1
zusammenbauen|1
zusammenfallen|1
zusammenfassen|1
zusammenhalten|1
zugeben|1
zugewiesen|1
zugezogen|1
zusammenhangslos|1
zusammenheften|1
zusammenknüllen|1
zusammenkrachen|1
zusammenkratzen|1
zuletzt|1
zuliessen|1
zuordnen|1
zuprosten|1
zugreifen|1
zugucken|1
zujubeln|1
zufliegen|1
zurasen|1
zurecht|1
zurechtzählen|1
zurückbekommen|1
zurückgeben|1
zulaufend|1
zulegen|1
zuleide|1
Anker|1
Ankündigung|1
Anfänger|1
zurückkommen|1
zurücklässen|1
zurückschlagen|1
zwicken|1
zwinkern|1
Anpassungsfähigkeit|1
Anruf|1
Ansicht|1
Anliegen|1
Anmache|1
Anmeldemöglichkeit|1
Angstschweiß|1
Anhang|1
Alpen|1
Alpha|1
Alphabet|1
Alps|1
Alptraum|1
Annahme|1
Anordnung|1
Anpassung|1
zurückstellen|1
zurückweichen|1
zurückweisen|1
zurückwünschen|1
zurückzugeben|1
zusagen|1
zurückgegeben|1
zurückgerufen|1
Amphetamin|1
Anagramm|1
Alt|1
Altar|1
Alternative|1
Altersschwäche|1
Amalgam|1
Amerika|1
Achte|1
Achterbahnfahrt|1
Anbrennen|1
Anbruch|1
Andenken|1
Anfahrt|1
Anforderung|1
Amor|1
zusperren|1
zuständig|1
zusammenschneiden|1
zusammenziehen|1
Abwertung|1
Abwesenheit|1
Accessoire|1
Achsel|1
zwischendrin|1
zwischendurch|1
zwitschern|1
zuwinken|1
zuziehen|1
zweifeln|1
zweihundert|1
zweiter|1
züchten|1
zügeln|1
züngeln|1
öd|1
öffneen|1
öffnend|1
ökologisch|1
übel|1
Öko|1
{|1
Ähre|1
Äpfeln|1
Ärmel|1
Ärztin|1
zäh|1
zögerlich|1
Übelkeit|1
Überbiss|1
Überflieger|1
Übergang|1
Überholspur|1
Ästhetik|1
Äußerung|1
Öffnen|1
Allerbeste|1
Allergie|1
zusammenzubringen|1
zusammenzucken|1
zuschauen|1
zuschnappen|1
zuschneiden|1
Übel|1
9|1
ADHS|1
80ern|1
500|1
überblicken|1
50.|1
übereinander|1
1|1
Ablauf|1
Absatz|1
Abschaum|1
Abendland|1
Abendrot|1
Abendsonne|1
Abfahrt|1
Abfahrtszeit|1
Überraschungsplan|1
Überraschungswirkung|1
Abschiedsbrief|1
Abschluss|1
Absolvent|1
Absperrung|1
Abgang|1
Abgas|1
Adlermerkmal|1
Adrenalin|1
Adresse|1
Affekt|1
Abteilung|1
Abwasch|1
Übernachtung|1
Überraschungsfeier|1
überquellen|1
19.|1
überheblich|1
überlegen|1
überfallen|1
überfordern|1
überfällig|1
überführen|1
Aalglatte|1
Abdruck|1
Abendatmosphäre|1
200|1
überlisteen|1
übermäßig|1
überpeinlich|1
überpersönlich|1
übersetzen|1
überspannen|1
überspringen|1
überstehen|1
übersteigen|1
übersäen|1
überquillen|1
ALG|1
üblich|1
для|1
многих|1
24|1
übertreffen|1
übertönen|1
überschwemmen|1
übersehen|1
