adashmoq             |блуждать, заблудиться
afsona               |легенда, миф
aft                  |лицо [см. yuz]
agar(da)             |если
ahamiyat             |значение
ahil                 |дружный
aholi                |население, жители
ahvol                |положение, состояние, обстоятельство
ajal                 |смертный час, смерть
ajdodlar             |деды, предки
ajin                 |морщина
ajoyib               |удивительный, изумительный
ajralmoq             |1. разделяться [разделиться], разъединяться [разъединиться] <br> 2. лишаться [лишиться [потерять] [см. ayrilmoq]], терять
ajratmoq             |1. разделять [разделить], разъединять [разъ­единить] <br> 2. отличать, различать [см. farqlamoq]
aka                  |старший брат
aksincha             |напротив, наоборот
aksirmoq             |чихать
alanga               |пламя
alangalanmoq         |воспламеняться, пылать
albatta              |обязательно, безусловно, конечно
aldamoq              |обманывать [обмануть]
aldamchi             |обманщик, обманщица
alla                 |колыбельная
allakim              |кто-то
allalamoq            |баюкать
allanarsa            |что-то
almashmoq            |меняться, обмениваться
alohida              |отдельный, обособленный
amaki                |дядя
amma                 |тётя
ammo                 |но, однако
ana                  |вон, вот
andava               |мастерок, шпатель
aniq                 |точный, точно
aniqlamoq            |уточнять, выяснять                                                                                                        ;определить
anjir                |инжир
anor                 |гранат
anhor                |речка
ancha                |много, довольно много
aql                  |ум, разум, рассудок
aqlli                |умный, разумный
aralashmoq           |вмешиваться, соваться
arang                |едва, еле-еле, с трудом
ari                  |оса
arava                |арба, телега
aravacha             |тележка, коляска
arazlamoq            |быть в ссоре, дуться, обижаться
arqon                |аркан, веревка, канат
arra                 |пила
arralamoq            |пилить
artmoq               |вытирать, обтирать
arzimoq              |стоить                                                                                                                    ;быть достойным
arzon                |дешёвый, недорогой
arg'imchoq           |качели
archa                |ёлка
arch(i)moq           |очищать, обдирать, чистить
asab                 |нервы
asal                 |мёд
asalari              |пчела
asar                 |произведение
asbob                |инструмент, прибор
askar                |воин, солдат
asr                  |век, столетие
asramoq              |1. беречь <br> 2. спасать, выручать [см. saqlamoq]
assalomu alaykum     |здравствуйте
atrof                |вокруг, окружность
avaylamoq            |беречь
avlod                |потомки, потомок
avval                |раньше, сперва, сначала
axborot              |сообщение, известие, информация
axir                 |ведь
axloq                |поведение [см. xulq]
axloqli              |воспитанный
axloqsiz             |невоспитанный
axtarmoq             |искать, отыскивать, разыскивать [см. qidirmoq, izlamoq]
ayamoq               |жалеть
ayb                  |вина, проступок
aybdor               |виновный, виновник
ayirmoq              |вычитать
ayiq                 |медведь
ayiqcha              |медвежонок
aylanmoq             |1. кружиться <br> 2. превращаться
aynan                |точь-в-точь, точно
ayol                 |женщина
aytmoq               |1. говорить, сказать <br> 2. рассказывать [рассказать]
ayvon                |веранда, терраса
ayyor                |хитрый, лукавый [см. mug'ambir]
aziz                 |уважаемый, дорогой
azob                 |мучение, мука
azoblamoq            |мучить, истязать                                                                                                          ;пытать
ashula               |песня [см. qo'shiq]
ashula aytmoq        |петь
achinmoq             |жалеть, сожалеть
achomlamoq           |обнимать
achchiq              |горький                                                                                                                   ;кислый
achchiqlanmoq        |сердиться, злиться
a'lo                 |отличный
a'lochi              |отличник
a'zo                 |член
badan                |тело [см. tana]
badantarbiya         |физзарядка
baho                 |цена, стоимость, оценка, отметка
bahona               |повод, причина, предлог
bahor                |весна [см. ko'klam]
bahorgi              |весенний
bajarmoq             |выполнять [выполнить]
baland               |высокий
baliq                |рыба
balki                |может быть, возможно
band                 |занятый
baqirmoq             |кричать
barg                 |лист, листья
baravar              |равный, одинаковый, поровну
baribir              |всё равно, безразлично
barmoq               |палец
barobar              |наравне, поровну
barcha               |весь, вся, всё, все
battar               |хуже, ещё хуже
baxil                |скупой, жадный
baxt                 |счастье
baxtli               |счастливый
baxtsiz              |несчастливый, несчастный
bayram               |праздник
bayroq               |знамя, флаг
bashara              |лицо
bazm                 |вечеринка
ba'zan               |иногда
begona               |чужой, посторонний
behi                 |айва
bekat                |остановка
bel                  |поясница, талия
belgi                |знак, отметка
belgilamoq           |намечать, обозначать
belkurak             |лопата
bemaza               |невкусный
bemor                |больной [см. kasal]
bermoq               |давать [дать], отдавать [отдать], вручать [вручить]
bekinmoq             |прятаться, укрываться
bekitmoq             |закрывать, запирать, прятать, укрывать
bet                  |лицо
betob                |больной
bezatmoq             |украшать
besh                 |пять, пятёрка
beshik               |колыбель
bechora              |бедный, несчастный
bilak                |кисть
bilan                |с, со, вместе с
bildirmoq            |заявлять, выражать
bilim                |знание, познание
bilmoq               |знать, понимать
binafsha             |фиалка
bino                 |здание, помещение, стройка
binokor              |строитель [см. quruvchi]
bir                  |один [одна, одно]
biram                |такой [преувеличение]
birdan               |вдруг, неожиданно-нега­данно, сразу, разом
birga                |вместе, совместно
birinchi             |первый, впервые, первый раз                                                                                               ;первоклассный
birinchilik          |первенство
birlashmoq           |соединяться, объединяться
birlik               |единство, единение, солидарность
biroq                |но, однако
birov                |кто-то, некто, некий
birpas               |один миг, одно мгновение, немного
bitta                |один, одна, штука
biz                  |мы
bobo                 |дед, дедушка
bodom                |миндаль
bodring              |огурец
bol                  |мёд
bola                 |младенец, ребенок, мальчик, детёныш
bolalik              |детство, ребячество, мальчишество
bolakay              |мальчуган
bolta                |топор
bolg'a               |молоток
bor                  |есть, существует
bormoq               |идти, пойти                                                                                                               ;ехать
bosmaxona            |типография
bosmoq               |давить, нажать                                                                                                            ;наступать
boy                  |богатый
boya                 |немного раньше, недавно
boylik               |богатство
boychechak           |подснежник
bozor                |базар, рынок
bog'                 |сад
bog'bon              |садовник
bog'lamoq            |привязывать, связывать, завязывать
bog'cha              |садик, детский сад
bosh                 |1. голова <br> 2. вершина, верхушка <br> 3. начало
boshlamoq            |начинать [начать], приступать [приступить]
boshlang'ich         |начальный
boshliq              |руководитель, начальник
boshqa               |другой
boshqatdan           |снова, заново
boshqotirma          |головоломка
bu                   |этот, эта, это
bugun                |сегодня
bugungi              |сегодняшний
bukmoq               |сложить, гнуть, сгибать
bulbul               |соловей
buloq                |родник, источник
bulut                |облако, туча
bulutli              |облачный, пасмурный
buramoq              |вертеть, крутить, закручивать, ввинчивать, завинчивать
burgut               |орёл
burun                |нос
burch                |долг, обязанность
burchak              |угол
butun                |целый, весь
butunlay             |совсем, целиком, полностью
buva                 |дед, дедушка
buvi                 |бабушка
buyuk                |1. великий <br> 2. грандиозный, громадный, огромный
buyrak               |почка
buyum                |вещь, предмет [см. narsa]
buzmoq               |ломать [сломать], нарушать
buzoq                |телёнок
bug'doy              |пшено, пшеница
bug'                 |пар
bug'u                |олень
bo'lak               |часть, кусок, пачка                                                                                                       ;початок
bo'lmoq              |делить, разделять, распределять
bo'pti               |ладно
bo'r                 |мел
bo'ri                |волк
bo'yamoq             |красить, окрашивать
bo'yin               |шея
bo'yoq               |краска
bo'yoqchi            |красильщик, маляр
bo'ysunmoq           |подчиняться
bo'taloq             |верблюжонок
bo'g'in              |сустав
bo'g'iq              |хриплый, сиплый
bo'g'iz              |горло, глоток, гортань
bo'g'moq             |душить
bo'sh                |пустой, порожний                                                                                                          ;свободный
bo'shamoq            |освобождаться
dada                 |отец, папа
daftar               |тетрадь
dahliz               |сени, прихожая
dahshat              |страх, ужас
dala                 |поле
dam                  |отдых
dam olmoq            |отдыхать
dangasa              |лодырь, лентяй
daraxt               |дерево
dard                 |болезнь, недуг                                                                                                            ;горе
darrov               |быстро, немедленно
dars                 |урок, учебное занятие
darslik              |учебник
darsxona             |аудитория, помещение для учебных занятий
darvoza              |ворота
daryo                |река
dasta                |1. рукоятка, ручка <br> 2. связка <br> 3. стопка, пачка, пучок
dastro'mol           |носовой платок
dasturxon            |1. скатерть <br> 2. скатерть с угощением
dastyor              |подручный, помощник
davlat               |государство                                                                                                               ;богатство                                           ;счастье
davolamoq            |лечить
davom ettirmoq       |продолжать
davr                 |эпоха, век, время
davra                |круг
dazmollamoq          |гладить
dehqon               |дехканин, земледелец, крестьянин
demoq                |говорить, сказать
deraza               |окно
devor                |стена, дувал, забор
doim                 |всегда, постоянно
don                  |зерно, хлебное зерно
dona                 |штука
dori                 |лекарство
dovyurak             |смелый, храбрый
duduq                |заика
duduqlanmoq          |заикаться
dugona               |подруга
dum                  |хвост
dumalamoq            |катиться, кувыркаться
dumaloq              |круглый, шарообразный
dunyo                |мир
duo                  |благословение
duradgor             |столяр
durbin               |бинокль
dutor                |дутар [двухструнный музыкальный инструмент]
duxoba               |бархат
dushanba             |понедельник
dushman              |враг, противник
duch kelmoq          |повстречаться                                                                                                             ;очутиться
do'kon               |магазин, лавка
do'l                 |град
do'ppi               |тюбетейка
do'q                 |угроза, запугивание
do'st                |друг
do'stlik             |дружба
ega                  |хозяин, владелец, обладатель
egmoq                |нагибать, склонять
egov                 |напильник, подпилок
egovlamoq            |пилить, опиливать напильником
egri                 |кривой, искривлённый, изогнутый
ehtimol              |вероятно, возможно
ehtiyot              |осторожность
ehtiyot qilmoq       |оберегать
ekin                 |посев, культура
ekmoq                |сеять, сажать
elak                 |сито
elamoq               |сеять, просеивать
elektrchi            |электрик
ellik                |пятьдесят
emaklamoq            |ползать, ползти, на четвереньках
emlamoq              |производить прививку
en                   |ширина
eng                  |самый
engak                |подбородок
engashmoq            |наклоняться
endi                 |теперь, сейчас, только
enli                 |широкий
ensiz                |узкий, неширокий
eplamoq              |справляться
epchil               |ловкий
ergashmoq            |1. идти, следовать [за кем-л.] <br> 2. увязаться
erimoq               |таять
erinmoq              |лениться
erinchoq             |ленивый
erka (toy)           |любимец, неженка, избалованный
erkak                |1. мужчина <br> 2. самец
erkalamoq            |баловать, ласкать
erkin                |свободный, вольный
erta                 |1. рано <br> 2. утро
ertaga               |завтра
ertagi               |ранний
ertak                |сказка
ertalab              |утром
ertalabki            |утренний
es                   |1. ум, разум, рассудок <br> 2. память
esankiramoq          |растеряться
esdalik              |воспоминание, память
eski                 |старый, изношенный
eskirmoq             |изнашиваться, стареть, устареть
eslamoq              |помнить, вспоминать, припоминать
esli                 |умный, понятливый
esmoq                |веять, дуть
esnamoq              |зевать, позёвывать
esnoq                |зеванье, зевота, зевок
etak                 |подол, фартук
etik                 |сапог, сапоги
ezma                 |надоедливо болтливый, многословный
ezmalanmoq           |надоедливо болтать
eshak                |осёл
eshik                |дверь
eshitmoq             |слышать, слушать
eshittirish          |передача
echkemar             |варан
echki                |коза
e'lon                |объявление, извещение
e'tiroz              |возражение, несогласие
fahm                 |сообразительность, сметливость, разум, рассудок
fahmli               |понятливый, сообразительный, смышлёный
fahmsiz              |бестолковый, несообразительный, непонятливый
fan                  |дисциплина, предмет
faqat                |только, лишь, лишь только
farosat              |догадливость, сообразительность, находчивость
farosatli            |догадливый, сообразительный, находчивый
farosatsiz           |недогадливый, несообразительный
farq                 |разница, различие, отличие
farqlamoq            |различать, отличать
farrosh              |уборщица
farzand              |дитя, ребёнок
fasl                 |время года, сезон
favvora              |фонтан
fe'l                 |нрав, характер, натура
fikr                 |1. мысль, идея, дума <br> 2. мнение, точка зрения, взгляд
fikrlamoq            |думать, раздумывать, размышлять
fil                  |слон
filcha               |слонёнок
firibgar             |плут, мошенник, обманщик, воспользоваться, использовать
foyda                |польза, выгода
foydalanmoq          |пользоваться,
foydali              |полезный
foydasiz             |бесполезный
fursat               |время, момент, удобный случай
futbolchi            |футболист
gal                  |очередь, черёд, говорить, поговорить, беседовать, побеседовать
gap                  |разговор, речь, слово
gapirmoq             |говорить, сказать
gaplashmoq           |разговаривать,
garang               |глухой
garmdori             |красный стручковый перец
gazli                |содержащий газ, с газом
gazmol               |ткань
gilam                |ковёр
gilos                |черешня
goh                  |иногда, время от времени
gugurt               |спичка
gul                  |цветок
gulbog'              |сад-цветник, сад с цветами
guldasta             |букет цветов
guldon               |ваза для цветов
gullamoq             |цвести
gulxan               |костёр
gulzor               |цветник
gulchambar           |венок
gumon                |подозрение, сомнение, сомнительно
gunohkor             |грешник, виновник
gunohsiz             |безгрешный, невиновный, безвинный
gung                 |немой, глухонемой
guruh                |группа
guvoh                |свидетель, очевидец
guvohnoma            |удостоверение, свидетельство
go'dak               |младенец [маленький, ребёнок]
go'zal               |красивый, прекрасный
go'zallik            |красота, прелесть
go'sht               |мясо
go'shtli             |мясной, смясом
go'shtsiz            |без мяса
ha                   |да, хорошо, ладно
hafta                |неделя
hakka                |сорока
hali                 |ещё, пока что
halloslamoq          |тяжело дышать, задыхаться, запыхаться
halok bo'lmoq        |гибнуть, погибать
halqa                |кольцо, обруч
ham                  |и, также, даже, ещё
hamisha              |всё время, всегда, постоянно
hamma                |все, весь
hammom               |баня
hamroh               |спутник, попутчик
hamshira             |медсестра
hansiramoq           |тяжело дышать, задыхаться
haqida               |о, об, обо
haqiqiy              |истинный, правдивый
haqorat              |оскорбление, ругань, брань
haqoratlamoq         |оскорблять
haqorat qilmoq       |оскорблять
har                  |каждый, всякий
har kuni             |ежедневно, каждый день
harakat              |движение, действие
harakatlanmoq        |двигаться, приходить в движение [действие]
harakatchan          |расторопный, подвижный, энергичный
harakat qilmoq       |стараться
harorat              |жар, теплота, тепло                                                                                                       ;температура
harsillamoq          |тяжело дышать, задыхаться
harf                 |буква
hassa                |палка, посох
hatto                |даже
havas                |желание, охота, интерес, любовь
havaskor             |любитель, охотник
havas qilmoq         |желать, хотеть
havo                 |воздух                                                                                                                    ;небо                                                ;погода
haydamoq             |1. гнать, гонять, погонять, изгонять <br> 2. водить, управлять <br> 3. пахать
haydovchi            |водитель
hayot                |жизнь [см. turmush]
hayqirmoq            |кричать, вопить
hayron               |удивлённый, изумлённый, поражённый
hayron bo'lmoq       |удивляться
hayvon               |животное, зверь
hayvonot             |животные, фауна
hazil                |шутка
hazilkash            |шутник, остряк
hazillashmoq         |шутить, подшучивать, шутить, друг с другом
hasharot             |насекомое
hech kim             |никто
hech narsa           |ничто
hech qachon          |никогда
hid                  |запах
hidlamoq             |нюхать, понюхать
hidlanmoq            |пропахнуть, протухнуть
hidli                |имеющий запах, ароматный
hikoya               |рассказ
hilpiramoq           |развеваться, веять, трепетать
himoya qilmoq        |защищать
hingillamoq          |хихикать
hisoblamoq           |считать, посчитать
holat                |положение, состояние
holsiz               |обессиленный, бессильный, слабый
hosil                |урожай
hovli                |двор                                                                                                                      ;дом
hovoncha             |ступа, ступка
hovuz                |хауз, пруд
hovuch               |пригоршня, горсть
hozir                |сейчас, теперь
hozirgi              |современный, настоящий, теперешний, нынешний
hudud                |территория
hunar                |ремесло
hurmat               |почёт, уважение, почтение, честь
hurmatlamoq          |уважать, почитать
hurmatli             |почтенный, уважаемый
hurmat qilmoq        |уважать, почитать
husn                 |красота, изящество, прелесть
hushtak              |свист                                                                                                                     ;дудка, свистулька, свисток
ho'l                 |мокрый, влажный, сырой
ho'llamoq            |делать мокрым, мочить, смачивать
ho'plamoq            |глотать
ho'ngramoq           |рыдать, реветь, громко плакать
idish                |посуда, посудина, сосуд
iflos                |грязный, загрязнённый, испачканный
ifoda                |выражение, отражение
iflos qilmoq         |загрязнять, пачкать
ifodalamoq           |выражать
ifodali              |выразительный
igna                 |игла, иголка
ikkala               |двое, вдвоём, оба
ikki                 |два
ikkilanmoq           |колебаться, сомневаться
ildiz                |корень
ilgak                |крючок, зацепка
ilgari               |раньше, прежде
ilgarilamoq          |продвигаться вперёд
ilimoq               |теплеть, нагреваться
iliq                 |тёплый, тепло
ilm                  |знание, наука
ilmoq                |1. зацеплять, повесить <br> 2. крючок
ilon                 |змея
iltimos              |просьба
imlamoq              |манить, звать, подзывать знаками
imlo                 |орфография, правописание
imo                  |знак, намёк
imorat               |строение, здание, постройка
in                   |гнездо, нора, берлога
indin(ga)            |послезавтра
ingichka             |тонкий
ingramoq             |стонать
injiq                |капризный
inoqlashmoq          |подружиться, сдружиться
inson                |человек [cm. odam]
intizom              |дисциплина
intizomli            |дисциплинированный
intizomsiz           |недисциплинированный
ip                   |нить, нитка, шнур, шнурок
ipak                 |шёлк
ipak qurt            |кокон, коконы
isimoq               |нагреваться, разогреваться, теплеть
isitma               |жар, высокая температура
isitmalamoq          |температурить
ism                  |имя [см. nom, ot]
issiq                |горячий, тёплый, жаркий, тепло, жарко
issiqxona            |теплица
istak                |желание, намерение
istamoq              |желать [см. xohlamoq]
istiqlol             |независимость
isqirt               |неряха
it                   |собака
itarmoq              |толкать, отталкивать, сдвигать, подвигать
ivimoq               |намокать, промокать, размокать, промокнуть
ixlos                |преданность, привязанность
ixtiyor              |воля, желание, намерение
ixcham               |миниатюрный, ладный, изящный
iyak                 |подбородок
iqlim                |климат
iz                   |след, отпечаток
izlamoq              |искать, разыскивать, отыскивать
ig'vo                |провокация, провоцирование
ig'vogar             |провокатор, смутьян
ish                  |труд, работа, дело, занятие
ishbilarmon          |знаток своего дела
ishlamoq             |работать, поработать
ishonmoq             |верить, поверить, доверять
ishonch              |вера, доверие, уверенность, надежда
ishonchli            |надёжный, доверенный
ishqalamoq           |тереть, потирать
ishtaha              |аппетит
ishyoqmas            |лентяй
ishchi               |рабочий
ich                  |внутренность, внутренняя часть, нутро
ichak                |кишка, кишки
ichida               |внутри
ichimlik             |напиток, питьё
ichkari              |внутренняя часть                                                                                                          ;внутрь
ichki                |внутренний
ichmoq               |пить, выпить
jadval               |таблица, расписание
jahl                 |злоба, злость
jahldor              |злой
jahli chiqmoq        |сердиться, злиться
jahon                |мир, вселенная, свет, [см. dunyo, olam]
jajji                |миниатюрный [очеловеке]
jala                 |ливень, проливной дождь
jam bo'lmoq          |собираться
jamlamoq             |собирать, подытоживать
janjal               |скандал, ссора, спор, конфликт
janjallashmoq        |ссориться, скандалить, спорить, конфликтовать
janjalchi            |скандалист, спорщик, забияка
janub                |юг
janubiy              |южный
jar                  |овраг, ров
jaranglamoq          |звенеть, звучать, издавать звон
jarima               |штраф
javdiramoq           |сверкать, блестеть [о глазах]
javob                |ответ, разрешение
javob bermoq         |1. отвечать, ответить <br> 2. отпускать [отпустить] <br> 3. разрешать, разрешить [см. ruxsat bermoq]
jazo                 |наказание, кара
jazolamoq            |наказывать, карать
jag'                 |челюсть
jigar                |печень
jilmaymoq            |улыбаться, улыбнуться
jilg'a               |ручей, проток
jimjit               |совершенно тихий
jimlik               |тишина
jingalak             |кудри, кудрявый
jindek               |чуть-чуть, чуточку, немножко
jinni                |сумасшедший, безумный
jismoniy             |физический
jiyan                |племянник, племянница
jon                  |душа, дух
jonajon              |любимый, родной
jonivor              |живое существо, живой организм
josus                |шпион, агент
jovdiramoq           |сверкать, блестеть [о глазах]
joy                  |место, местность, жилище, жилье
joylamoq             |помещать, размещать, складывать, укладывать
juda                 |очень
juma                 |пятница
jun                  |шерсть, руно
juft                 |пара
jo'ja                |цыплёнок, птенец
jo'mrak              |кран, носик
jo'namoq             |отправляться, отправиться
jo'natmoq            |отправлять, отправить
jo'xori              |кукуруза [см. makkajo'xori]
kabi                 |наподобие, подобно, вроде
kaft                 |ладонь
kalamush             |крыса
kalit                |ключ
kalish               |калоши [галоши]
kalta                |короткий [против. uzun]
kaltak               |палка, дубинка
kaltaklamoq          |бить, колотить, избивать палкой
kalxat               |коршун
kam                  |мало, немного [против. ko'p]
kamaymoq             |уменьшаться [уменьшиться], убавляться [убавиться]
kamar                |пояс, кушак
kambag'al            |бедный [против. boy]
kamon                |лук
kampir               |старуха, старушка
kapalak              |бабочка
kapgir               |1. шумовка <br> 2. маятник
kaptar               |голубь
kar                  |глухой
karam                |капуста
karra                |раз
kasal                |больной, нездоровый, больной человек
kasal bo'lmoq        |заболевать [заболеть]
kasallanmoq          |то же, что kasal bolmoq
kasallik             |болезнь
kasalxona            |больница
kasb                 |профессия, специальность
katak                |клетка
katta                |большой, огромный [против. kichik]
kavlamoq             |раскапывать
kavshamoq            |жевать
kashta               |вышивка
kekkaymoq            |см. gerdaymoq
keksa                |старый, пожилой
kelajak              |будущее, будущность
kelin                |невеста
kelishmovchilik      |разногласие, отсутствие согласия
kelmoq               |приходить, приезжать, являться [против. ketmoq]
keltirmoq            |приносить, привозить
kema                 |корабль, судно
kenja                |самый младший ребёнок в семье
kerak                |нужный, нужно, надо, необходимо
kerakli              |нужный, необходимый [против. keraksiz]
keraksiz             |ненужный [против. kerakli]
kesak                |комок, кусок сухой глины
kesmoq               |резать, отрезать, рубить [разрубить], срубать [срубить]
ketma-ket            |друг за другом, один за другим
ketmoq               |уходить, уезжать, уйти [против. kelmoq]
keyin                |потом, после, через, спустя
keyingi              |следующий, последующий, последний [см. so'nggi]
kech                 |вечер, поздно
kecha                |1. ночь, вечер <br> 2. вчера
kechagi              |вчерашний
kechasi              |ночью, в ночь
kezak                |комок, кусок сухой глины
kechikmoq            |опаздывать
kechirmoq            |прощать, извинять
kechki               |вечерний, поздний
kechki ovqat         |ужин
kechqurun            |вечером
keng                 |широкий, обширный
kengaymoq            |расширяться, шириться
kim                  |кто
kimdir               |кто-то
kiprik               |ресница
kir                  |грязь [на теле, белье и т. п. ], грязный
kirmoq               |входить, заходить, поступать, поступить
kitob                |книга
kiyik                |олень
kiyim                |одежда
kiymoq               |надевать [на себя]
kishi                |человек
kichik               |маленький, малый
kon                  |рудник, шахта
koptok               |мяч [см. to'p]
korxona              |предприятие
kosa                 |чаша
kovak                |дупло, выемка, углубление [в чём-л.]
kovlamoq             |копать, рыть, раскапывать, рыться
kul                  |зола, пепел
kulgi                |смех
kulgili              |смешной, смешно
kulmoq               |смеяться, высмеивать
kulrang              |серый
kumush               |серебро
kun                  |1. день <br> 2. солнце
kungaboqar           |подсолнечник
kunda                |ежедневно, повседневно
kunduz               |день, дневное время
kunduzgi             |днём
kurash               |борьба
kurashmoq            |вести борьбу, бороться
kurashchi            |борец
kurka                |индюк
kurtak               |почка, зародыш
kutmoq               |ждать, ожидать
kutib olmoq          |встречать, встретить
kutubxona            |библиотека
kuymoq               |горевать                                                                                                                  ;обжечься, сгореть
kuz                  |осень
kuzatmoq             |провожать
kuzgi                |осенний
kuch                 |сила, мощь
kuchanmoq            |тужиться, натуживаться
kuchaymoq            |усиливаться, крепчать, крепнуть
kuchli               |сильный, мощный [против. kuchsiz]
kuchsiz              |слабый
kuchuk               |собака, собачонка, щенок
ko'k                 |1. синий, голубой <br> 2. небо <br> 3. зелёный
ko'karmoq            |зеленеть, зазеленеть, расти
ko'kat               |зелень, трава [см. o't]
ko'klam              |весна [см. bahor]
ko'krak              |грудь
ko'l                 |озеро
ko'mir               |уголь
ko'mmoq              |закапывать [закапаться], закрывать [закрыть], хоронить [похоронить]
ko'nmoq              |соглашаться, давать соглашение
ko'p                 |много, значительно
ko'paymoq            |множиться, увеличиваться, расти
ko'pik               |пена
ko'pirmoq            |пениться, вспениваться
ko'prik              |мост
ko'pchilik           |большинство, масса, люди, народ
ko'r                 |слепой
ko'rgazma            |выставка
ko'rinish            |внешний вид, вид
ko'rinmoq            |казаться [показаться], представляться
ko'rmoq              |видеть, рассматривать [рассмотреть]
ko'rsatkich          |указатель, показатель
ko'rsatmoq           |показывать [показать]
ko'tarmoq            |поднимать, поднять
ko'ylak              |платье, рубашка
ko'z                 |глаз
ko'zgu               |зеркало
ko'zoynak            |очки
ko'cha               |улица
ko'chat              |саженец [саженцы], насаждения, рассада
ko'chmoq             |1. переезжать, переселяться, переходить <br> 2. облупливаться [облупиться]
ko'ngil              |душа, сердце
ko'ngilchan          |добродушный, мягкосердечный
lab                  |1. губа <br> 2. берег [см. yoqa, bet, chekka]
lagan                |большое блюдо с плоским дном
lapashang            |растяпа, разиня
laqab                |прозвище, прозвание
laqma                |легковерный, простак, простофиля
latta                |тряпка
lavlagi              |свёкла
laylak               |аист
lekin                |но, однако, зато
likop(cha)           |тарелка
lola                 |тюльпан
lolaqizg'aldoq       |полевоймак
loy                  |грязь, жидкая глина
loyiq                |достойный, заслуживающий, подходящий
loyqa                |муть                                                                                                                      ;мутный
lochin               |сокол
lug'at               |словарь
lo'ppi               |пухлый, пышный
madhiya              |гимн
mahmadona            |всезнайка, болтун
mahsulot             |продукция, товар
majlis               |собрание, заседание
makkajo'xori         |кукуруза
maktab               |школа
mamnun               |довольный
mana                 |вот
manzara              |вид, пейзаж
manzil               |адрес
maqol                |пословица
maqsad               |цель
maqtamoq             |хвалить, восхвалять
maqtanmoq            |хвалиться, хвастаться
maqtanchoq           |хвастун
markaz               |центр, столица
marta                |раз
masalan              |например, к примеру
masofa               |расстояние
masxara              |насмешка, издевка
masxaraboz           |клоун, шутник
masxara qilmoq       |насмехаться, издеваться
mayda                |мелкий
maydalamoq           |мельчить, дробить
maydon               |площадь, поле
maydoncha            |площадка
mayin                |нежный, мягкий
mayiz                |изюм, кишмиш
mayli                |ладно, хорошо
maymun               |обезьяна
maysa                |первая зелень, нежная мягкая травка
maza                 |1. вкус <br> 2. приятно, хорошо
mazali               |вкусный
maza qilmoq          |наслаждаться
mashhur              |знаменитый
ma'lum               |известный
ma'no                |значение, смысл
mehmon               |гость
mehmon qilmoq        |угощать
mehmonxona           |гостиная, гостиница
mehnat               |труд
mehnat qilmoq        |трудиться
men                  |я
meros                |наследие
merosxo'r            |наследник
meva                 |фрукт, плод
mevali               |фруктовый, плодовый
millat               |нация, национальность
milliy               |национальный
miltiq               |винтовка
misol                |пример
mitti                |очень маленький, крохотный
mix                  |гвоздь
miya                 |мозг, ум
ming                 |тысяча
ming'irlamoq         |бормотать, ворчать
mol                  |1. скот <br> 2. имущество, богатство <br> 3. товар
momaqaldiroq         |гроза
motam                |траур
moy                  |масло, сало, жир, мазь, смазка
mozor                |кладбище [см. qabriston], могила [см. qabr]
muallim              |учитель, преподаватель, педагог [см. o'qituvchi]
muddat               |срок
mudramoq             |дремать
muhr                 |печать
mukofot              |награда, премия
mukofotlamoq         |награждать, премировать
mumkin               |возможный, вероятный, возможно, вероятно
muqova               |переплёт, обложка
muqovalamoq          |переплетать
musobaqa             |соревнование, состязание
musobaqalashmoq      |соревноваться, состязаться
mustaqil             |самостоятельный                                                                                                           ;самостоятельно
mustaqillik          |независимость
muz                  |лёд [см. yax]
muzlamoq             |замерзать, замёрзнуть, сильно озябнуть, леденеть
muzqaymoq            |мороженое
mug'ambir            |лукавый, хитрый
musht                |кулак
mushtlamoq           |бить, побить кулаком
mushtum              |кулак
mushuk               |кошка, кот
mo'l                 |много, обильно
mo'ralamoq           |подсматривать, подглядывать
mo'ylov              |усы
nabira               |внук, внучка
nafaqa               |пенсия
nafaqaxo'r           |пенсионер
nafas                |дыхание, вздох
nafasolmoq           |дышать
nafs                 |желание [есть]
nam                  |влага, сырость
namlamoq             |увлажнять
naqarot              |припев
naqd                 |наличный
nari                 |туда, по той стороне, дальше
narsa                |вещь, предмет
narvon               |приставная лестница
narx                 |цена, стоимость
navbat               |очередь, черёд
navbatchi            |дежурный
navbatchilik         |дежурство
navro'z              |1. весна <br> 2. Навруз [праздник]
nay                  |най, флейта, свирель
nayza                |пика, копьё, штык
na'matak             |шиповник
nega                 |почему, зачем
necha                |сколько
nechanchi            |который [по счёту], какой [по порядку]
nechta               |сколько
nihol                |молодой росток
nihoyat              |наконец, в конце концов
nima                 |что
nimadir              |что-то
nimjon               |слабый, хилый
niqob                |маска
niyat                |намерение, цель [см. maqsad]
niyat qilmoq         |намереваться
nishonlamoq          |отличать
nogiron              |инвалид                                                                                                                   ;ослабевший
noiloj               |невольно, поневоле, безвыходность
nok                  |груша
nom                  |имя, название [см. ism, ot]
nomli                |именуемый, под именем, под названием
nom qo'ymoq          |давать имя, давать название                                                                                               ;называть
non                  |лепёшка, хлеб
nonushta             |завтрак
nonushta qilmoq      |завтракать
nordon               |кислый
norozi               |недовольный, несогласный
notanish             |незнакомый
notinch              |неспокойный, беспокойный
notinchlanmoq        |беспокоиться
noto'g'ri            |неправильный, неверный
novvoy               |пекарь
novcha               |высокий, рослый
nozik                |нежный, тонкий, изящный, хрупкий, ломкий
nog'ora              |литавры
nuqta                |точка
nur                  |луч
nurli                |лучистый, светлый
nusxa                |образец
nutq                 |речь
no'xat               |нут
ob-havo              |погода
odam                 |человек
odat                 |привычка, обычай
odatlanmoq           |привыкать, приучаться
oddiy                |обыкновенный, обычный, простой
odob                 |воспитанность, вежливость, приличие, учтивость
odobli               |воспитанный, вежливый, учтивый
odobsiz              |невоспитанный, невежливый, неучтивый
oftob                |солнце [см. quyosh]
oila                 |семья
oilaviy              |относящийся к семье, семейный
oilali               |имеющий семью, семейный
ola                  |пёстрый, рябой, пегий
olam                 |мир [см. dunyo, jahon]
oldin                |сначала, сперва, прежде
oldingi              |1. передний <br> 2. прежний, прошлый
oldinda              |впереди
olib bormoq          |нести, относить
olib kelmoq          |приносить, привозить
olifta               |щёголь, франт
olim                 |учёный
olis                 |далёкий, дальний [см. uzoq]
olishmoq             |бороться, драться
olma                 |яблоко
olmaxon              |белка
olmoq                |брать, взять, принимать
olov                 |огонь
olti                 |шесть
oltin                |золото
oltmish              |шестьдесят
olxo'ri              |слива
olg'a                |вперёд
olcha                |вишня
ombur                |щипцы
ona                  |мать
onajon               |мама, мамочка
ont                  |клятва
opa                  |старшая сестра
opichmoq             |носить на закорках, на спине
oppoq                |совершенно белый
oq                   |белый, седой
oqarmoq              |белеть, становиться белым
oqizmoq              |спускать по воде, сплавлять
oqlamoq              |белить, производить побелку
oqmoq                |течь, протекать
oqsamoq              |хромать, прихрамывать [см. cho'loqlanmoq]
oqsoq                |хромой [см. cho'loq]
oqshom               |сумерки, вечер
oriq                 |худой, тощий
orol                 |остров
orqa                 |1. спина <br> 2. зад, задняя часть
orqalamoq            |взваливать на спину, нести на спине
orqali               |через, по, посредством
ortiq                |больше
ortiqcha             |лишний
orzu                 |желание, мечта [см. maqsad, niyat]
orzu qilmoq          |желать, мечтать
osmon                |небо
osmoq                |вешать, повесить
oson                 |лёгкий, нетрудный
osonlashmoq          |облегчаться, становиться более лёгким
ost                  |низ, дно
ostki                |нижний
ostona               |порог, подворотня
ot                   |1. лошадь, конь <br> 2. имя [см. ism], кличка, название
ota                  |отец
otajon               |1. папочка <br> 2. отец
ota-ona              |родители
otlanmoq             |готовиться, собираться
otmoq                |1. бросать, кидать, метать <br> 2. стрелять
ov                   |охота, ловля
ovlamoq              |охотиться, ловить
ovoz                 |голос, звук
ovoz bermoq          |голосовать
ovqat                |пища, кушанье, еда, питание
ovqatlanmoq          |есть, кушать
ovunmoq              |перестать плакать, перестать капризничать
ovchi                |охотник, ловец
ohak                 |известь, извёстка
oxir                 |конец, окончание, предел
oxirgi               |последний, конечный
oy                   |1. луна <br> 2. месяц
oydin                |лунный, освещённый луной
oyi                  |мама, мать
oylik                |месячный, месячная зарплата [см. maosh]
oyna                 |стекло, зеркало
oynachi              |стекольщик
oyoq                 |нога, ноги, ножка
oz                   |мало, немного
ozaymoq              |уменьшаться, убавляться, убывать
ozmoq                |худеть, становиться худым
ozod                 |свободный, вольный
ozoda                |чистый
ozodlik              |свобода, воля
ozod qilmoq          |освободить
og'ayni              |приятель, друг
og'ir                |тяжёлый
og'iz                |рот, уста, зев
og'rimoq             |болеть, причинять боль
og'riq               |боль
og'zaki              |устный
osh                  |1. плов [см. palov] <br> 2. горячая пища
oshmoq               |возрастать, повышаться, умножаться
oshna                |приятель, друг, знакомый
oshpaz               |повар, кулинар
oshqozon             |желудок
och                  |голодный
ochiq                |1. открытый, раскрытый <br> 2. ясный
ochko'z              |жадный, алчный
ochlik               |голод, голодовка
ochmoq               |открывать, открыть
pahlavon             |богатырь, атлет, борец                                                                                                    ;силач
pakana               |1. малорослый, низкорослый <br> 2. карлик
palak                |плеть [дыни, арбуза]
pana                 |прикрытие, укрытие
panja                |кисть руки, пятерня
panjara              |ограда, решётка
paqir                |ведро [см. chelak]
par                  |пух, перо
parda                |занавес                                                                                                                   ;занавеска, портьера, штора
parranda             |птица
parvarish qilmoq     |ухаживать
parcha               |кусок, кусочек
past                 |низкий, невысокий
pastki               |нижний
pastlamoq            |понижаться, снижаться
pat                  |перо [птичье]
paxta                |1. хлопок, хлопчатник <br> 2. хлопок, вата
paxtakor             |хлопкороб
paydo bo'lmoq        |появляться, возникать
paypoq               |носки, чулки
payt                 |время, пора
payshanba            |четверг
pashsha              |муха
pachaq               |побитый, измятый, раздавленный
pachaqlamoq          |измять, помять, раздавить
peshana              |лоб
peshin               |полдень [см. tush]
pilla                |кокон, коконы
pillachi             |шелковод
piyoda               |1. пеший, пешеход <br> 2. пешка
piyoz                |лук
pishirmoq            |варить [сварить], жарить [пожарить], печь [испечь]
pishloq              |сыр
pishmoq              |1. вариться [кушанье]                                                                                                     ;жариться <br> 2. зреть, созревать, спеть, поспевать
pichan               |сено
pichirlamoq          |шептать, прошептать, нашёптывать
pichoq               |нож
poda                 |стадо
podsho               |царь
polvon               |силач, борец, богатырь
portlamoq            |взрываться, разрываться
posbon               |страж
poyabzal             |обувь
poyga                |бега, скачки                                                                                                              ;пробег
poygachi             |участник скачек или пробега
poylamoq             |ждать, выжидать, поджидать [см. kutmoq]
poytaxt              |столица
poshna               |каблук
pufak                |пузырь, резиновый шар
pufakcha             |пузырёк
puflamoq             |дуть
pul                  |деньги
puchuq               |курносый
po'st                |кожица, шкурка                                                                                                            ;кожура, корка
po'stloq             |кора, корьё
po'choq              |кожура, скорлупа, кожица, шелуха
qabr                 |могила
qabriston            |кладбище
qadam                |шаг, поступь
qadamoq              |вонзать                                                                                                                   ;застёгивать, пришивать
qafas                |клетка
qalam                |карандаш
qaldirg'och          |ласточка
qalin                |1. толстый <br> 2. плотный <br> 3. густой <br> 4. обильный, густой
qalpoq               |шапка
qaltiramoq           |дрожать, трепетать, трястись
qand                 |кусковой сахар
qanday               |как, какой, каков
qani                 |где
qanot                |крыло, крылья
qancha               |сколько
qaramoq              |смотреть, глядеть
qarash               |взгляд
qari                 |старый, старик, старец
qarimoq              |стареть, стариться
qarindosh            |родственник, родня
qariya               |старик
qarich               |пядь
qarmoq               |удочка
qarsak               |хлопок [аплодисменты]
qarz                 |долг, задолженность
qarg'a               |ворона
qatiq                |кислое молоко
qatnashmoq           |принимать участие, участвовать, посещать
qator                |ряд
qattiq               |твёрдый, крепкий, жесткий
qavat                |1. слой, пласт <br> 2. этаж
qayerga              |куда
qayerda              |где
qayerdan             |откуда
qayiq                |лодка
qaymoq               |сливки, сметана
qaynamoq             |кипеть
qaynatma             |варёный
qaynoq               |1. горячий <br> 2. кипучий
qaysar               |упрямый
qaysarlik            |упрямство
qaysi                |какой, который
qaytmoq              |1. возвращаться <br> 2. отступать, отказываться
qashimoq             |чесать, почёсывать
qachon               |когда
qidirmoq             |искать, разыскивать
qil                  |волос, волосок
qilich               |сабля, шпага, меч
qilichbozlik         |фехтование, рубка
qilmoq               |делать
qimirlamoq           |шевелиться, колебаться, качаться
qimmat               |дорогой
qirq                 |сорок
qirqmoq              |резать, отрезать, срезать, подрезать
qirg'ich             |тёрка
qirg'oq              |берег [см. yoqa, bet]
qisqa                |короткий, краткий, сокращённый
qisqarmoq            |укорачиваться, сокращаться
qitiqlamoq           |щекотать
qiyin                |трудный, затруднительный, сложный
qiyom                |варенье
qiyshiq              |кривой, искревлённый косой
qiz                  |девочка, девушка
qizarmoq             |краснеть
qizil                |красный
qiziq                |интересный, занимательный, забавный
qiziqish             |интерес
qiziqmoq             |интересоваться, увлекаться
qizg'anchiq          |скупой, жадный
qish                 |зима
qishki               |зимний
qishlamoq            |зимовать, проводить зиму [где-л.]
qoida                |правило
qolmoq               |оставаться
qoloq                |1. отстающий, неуспевающий <br> 2. отсталый, неразвитый
qon                  |кровь
qonamoq              |кровоточить
qop                  |мешок
qoplamoq             |1. насыпать в мешки, набивать в мешки <br> 2. покрывать, охватывать, окружать со всех сторон
qopqoq               |крышка
qor                  |снег
qora                 |чёрный
qoraymoq             |чернеть, темнеть
qorbobo              |Дед Мороз
qorin                |живот, пузо, брюхо
qorong'i             |тёмный, мрачный                                                                                                           ;тьма, темнота
qorovul              |1. охранник, сторож <br> 2. дворник
qorqiz               |снегурочка
qovoq                |тыква
qovun                |дыня
qovurma              |жареный
qovurmoq             |жарить
qovurg'a             |ребро
qoyil qolmoq         |восхищаться
qozon                |котёл, казан
qog'oz               |бумага
qosh                 |бровь, брови
qoshiq               |ложка
qochmoq              |бежать, убегать
quduq                |колодец
qulay                |удобный, благоприятный, подходящий
qulamoq              |падать, рухнуть                                                                                                           ;опрокидываться, сваливаться
qulaylik             |удобство
qulf                 |1. замок <br> 2. запертый
qulflamoq            |запиратьназамок, закрыватьназамок
quloq                |ухо, уши
qum                  |песок
qurbaqa              |лягушка
qurilish             |строительство, стройка
qurimoq              |сохнуть, высыхать, засыхать
qurmoq               |строить, воздвигать, сооружать
qurt                 |гусеница, червь
quruq                |сухой                                                                                                                     ;засохший, высохший
quruqlik             |суша
quruvchi             |строитель
qusmoq               |рвать [тошнить]
qutqarmoq            |освобождать, спасать
quvlamoq             |гоняться, гнаться
quvnoq               |весёлый, радостный
quvonmoq             |радоваться, веселиться, [см. sevinmoq]
quvonch              |радость, веселье [см. sevinch]
quvur                |труба, металлическая труба
quvvat               |сила, мощь, энергия [см. kuch]
quyon                |заяц, кролик
quyosh               |солнце
quymoq               |лить, вливать, наливать
quyoshli             |солнечный
quyuq                |густой
qush                 |птица
quchoqlamoq          |обнимать
qo'l                 |рука, руки
qo'lqop              |перчатки, рукавицы
qo'ltiq              |подмышки
qo'nmoq              |садиться, опускаться
qo'ng'iroq           |звонок, колокольчик
qo'riqlamoq          |охранять
qo'rqmoq             |опасаться, пугаться, бояться
qo'rqoq              |трусливый, пугливый, боязливый, трус
qo'y                 |овца, баран
qo'ymoq              |ставить, класть
qo'zi(choq)          |ягнёнок
qo'g'irchoq          |кукла
qo'shiq              |песня [см. ashula]
qo'shiqaytmoq        |петь
qo'shni              |сосед, соседка
rahbar               |руководитель
rahmat               |благодарность, благодарю
rais                 |председатель
rang                 |1. краска <br> 2. цвет
raqam                |1. цифра <br> 2. номер
raqqos               |танцор, плясун
raqqosa              |танцовщица, плясунья
raqs                 |танец, пляска
rasm                 |рисунок, изображение, картинка
rassom               |живописец, художник
rayhon               |базилик
reja                 |план
rivoch               |ревень
rohat                |1. удовольствие, наслаждение <br> 2. покой, спокойствие
rohatlanmoq          |наслаждаться, получать удовольствие
rost                 |1. правдивый, правильный, верный <br> 2. правда
rostdan              |в самом деле, действительно
rozi                 |1. довольный <br> 2. согласный
rozilik              |согласие
ruxsat               |разрешение, позволение
ruxsat bermoq        |1. позволить, разрешать <br> 2. отпускать
ruxsatsiz            |без разрешения
ro'mol               |платок
ro'yxat              |список, перечень
sabab                |причина
sababli              |1. имеющий причину <br> 2. по причине, вследствие того, что
sababsiz             |1. беспричинный <br> 2. беспричинно
sabr                 |терпение
sabr qilmoq          |терпеть, проявлять, терпение, терпеливо ждать
sabzavot             |овощи
sabzi                |морковь
saf                  |1. ряд, шеренга, ряды <br> 2. строй
saflamoq             |строить, выстраивать в ряды
sahar                |раннее утро
saharlab             |ранним утром
sahifa               |страница
sakkiz               |восемь
sakramoq             |прыгать, скакать, подпрыгивать
sakson               |восемьдесят
sal                  |чуть, чуть-чуть
salla                |чалма
salom                |привет, приветствие
salomlashmoq         |здороваться [поздороваться], приветствовать [поприветствовать]
salom bermoq         |приветствовать
salqin               |1. прохлада <br> 2. тенистое место <br> 3. прохладный, прохладно, тенистый
sanamoq              |считать, посчитать
sanchmoq             |втыкать, вонзать                                                                                                          ;колоть
saqich               |жевательная сера, жевательная смолка
saqlamoq             |хранить [сохранить], беречь [сберегать, уберечь]
sara                 |отборный, лучший
saralamoq            |отбирать, сортировать
sardor               |предводитель, командир
sarimsoq             |чеснок
sariq                |желтый
saroy                |дворец
sartarosh            |парикмахер
sartaroshxona        |парикмахерская
sariyog'             |масло [сливочное и топлёное]
sarg'aymoq           |желтеть
sassiq               |вонючий
savat                |плетёная корзина, плетёнка
savol                |вопрос
saylov               |выборы, баллотировка
sayohat              |путешествие, странствие                                                                                                   ;поездка
sayohatchi           |путешественник
sayramoq             |петь [о птицах]
sayyoh               |турист
sachramoq            |разбрызгиваться
sa'va                |щеголь
sekin                |1. медленно, тихо <br> 2. тихо, негромко
sekinlashmoq         |замедляться
sel                  |ливень, проливной дождь
semirmoq             |полнеть, толстеть
semiz                |1. толстый, полный <br> 2. жирный
sen                  |ты
sepkil               |веснушки
sepmoq               |1. брызгать, разбрызгивать                                                                                                ;плескать, поливать <br> 2. сеять, высевать
seskanmoq            |вздрагивать, содрагаться
sevinmoq             |радоваться
sevinch              |радость
sevmoq               |любить, полюбить
sezmoq               |чувствовать, почувствовать, ощущать, ощутить
seshanba             |вторник
sigir                |корова
silamoq              |гладить, поглаживать
silliq               |гладкий, полированный, отшлифованный
sim                  |1. проволока <br> 2. провод, провода
sinamoq              |испытывать, проверять
sinf                 |класс
sinfdosh             |товарищ по классу, одноклассник
sinmoq               |ломаться, сломаться, разбиваться, разбиться
siqim                |горсть, горстка
sira                 |совсем, совершенно, вовсе [см. hech]
sirka                |уксус
sirpanmoq            |скользнуть, поскользнуться
sirg'anmoq           |скользить, соскальзывать
sirg'anchiq          |скользкий
siyoh                |чернила
siz                  |вы
sig'moq              |вмещаться, умещаться, помещаться
sichqon              |мышь
singil               |младшая сестра, сестрёнка
soat                 |1. час <br> 2. часы
sohil                |берег, берега
solmoq               |класть, положить, вкладывать, вложить
son                  |число, количество
sop                  |ручка, рукоятка, черенок
soqol                |борода
soqov                |немой
soqovlanmoq          |заикаться
sotib olmoq          |покупать, купить
sotmoq               |продавать, продать
sotuvchi             |продавец
sovimoq              |остынуть, охлаждаться, остывать
sovun                |мыло
sovuq                |1. холодный, морозный <br> 2. холод, мороз
sovg'a               |подарок, дар
soya                 |тень
soz                  |музыкальный инструмент
sozanda              |музыкант
sog'                 |здоровый
sog'aymoq            |выздоравливать, излечиваться
sog'inmoq            |скучать, соскучиться, тосковать
sog'liq              |здоровье
sog'lom              |здоровый
sog'moq              |доить
soch                 |волос, волосы
sochilmoq            |рассыпаться
sochiq               |полотенце
sochmoq              |сыпать, рассыпать
sportchi             |спортсмен
suhbat               |беседа, разговор
suhbatlashmoq        |беседовать, вестибеседу, побеседовать
supurgi              |веник
supurmoq             |подметать, мести, подмести
surat                |1. рисунок, картина <br> 2. фотография
surmoq               |1. двигать <br> 2. мазать
sut                  |молоко
suv                  |1. вода <br> 2. сок
suvarak              |таракан
suyak                |кость
suyuq                |жидкий
suzmoq               |плавать, плыть
sug'ormoq            |1. поливать, орошать <br> 2. полить
so'kmoq              |ругать, отругать, бранить
so'lak               |слюна
so'lmoq              |вянуть, увядать, блёкнуть
so'nggi              |1. последний <br> 2. последующий
so'nmoq              |гаснуть, тухнуть
so'qmoq              |тропинка
so'ramoq             |спрашивать, спросить
so'rashmoq           |здороваться
so'roq               |вопрос
so'rg'ich            |соска
so'z                 |слово
so'z bermoq          |1. обещать <br> 2. предоставлять слово
so'zlamoq            |говорить, сказать, рассказать
so'ngra              |1. после <br> 2. потом, затем
tabiat               |природа
tabriklamoq          |поздравлять, поздравить
tag                  |низ, нижняя часть
tajriba              |опыт, эксперимент
takror               |повторение, повтор
takrorlamoq          |повторять, повторить
talaba               |студент
talaffuz             |произношение
talay                |много, немало
tamom                |конец                                                                                                                     ;совершенно, полностью, совсем
tamomlamoq           |кончать, кончить, заканчивать, закончить
tana                 |1. тело, туловище <br> 2. ствол
tanaffus             |перерыв, перемена
tanbeh               |замечание, предостережение, предупреждение
tanbeh bermoq        |делать замечание
tanimoq              |1. знать <br> 2. узнавать, узнать <br> 3. признавать, признать
tanish               |знакомый
tanlamoq             |выбирать, отбирать, подбирать, выделять
taom                 |пища, еда [см. ovqat]
taqmoq               |прицеплять, нацеплять, привешивать, привязывать, носить
taqsimlamoq          |1. делить, разделять <br> 2. раздавать, распределять
taraf                |сторона, направление [см. tomon]
taramoq              |причёсывать, причесать, расчёсывать, расчесать
tarbiya              |воспитание
tarbiyalamoq         |1. воспитывать <br> 2. ухаживать, присматривать
tarbiyali            |воспитанный
tarbiyasiz           |1. невоспитанный <br> 2. беспризорный
tarbiyachi           |воспитатель
tarix                |история
tarixiy              |исторический
taroq                |расчёска, гребёнка
tarozi               |весы
tartib               |порядок
tartibli             |1. упорядоченный, аккуратный <br> 2. дисциплинированный
tartibsiz            |беспорядочный, бессистемный, безалаберный
tarqalmoq            |1. расходиться <br> 2. распространяться
tarvuz               |арбуз
tasma                |лента
tasodifan            |случайно
taxir                |горечь, терпкость
taxlamoq             |складывать, укладывать
taxta                |доска
tayoq                |палка, дубинка
tayyor               |готовый
tayyorlamoq          |готовить, приготовить
tayyorlanmoq         |готовиться, приготовиться
tag'in               |ещё, опять, снова
tashimoq             |носить, переносить, таскать, перетаскивать
tashlamoq            |бросать, бросить, кидать, кинуть
tashna               |жаждущий
tashnalik            |жажда, желание пить [см. chanqov]
tanglay              |нёбо
ta'til               |каникулы
tebranmoq            |качаться, шевелиться, колебаться
tegmoq               |1. касаться, прикасаться <br> 2. трогать <br> 3. задевать <br> 4. доставать
tekin                |даровой, бесплатный
tekinga              |даром, бесплатно
tekis                |ровный, гладкий
tekislamoq           |ровнять, выровнять
tekshirish           |проверка, поверка
tekshirmoq           |проверять
telpak               |тёплая шапка, треух [тёплая шапка со спускающимися наушниками]
temir                |железо, железный
tepa                 |холм
tepalik              |возвышенность, холм
tepmoq               |пинать, лягать
ter                  |пот
terak                |тополь
teri                 |кожа, шкура
terimchi             |сборщик
terlamoq             |потеть, вспотеть
termoq               |1. собирать, собрать <br> 2. расставлять, расставить
teskari              |изнанка, обратная сторона
tevarak              |окружность                                                                                                                ;округа, окрестность [см. atrof]
tez                  |быстрый, скорый, быстро
tezlik               |быстрота, скорость
teshik               |дыра, отверстие
teshmoq              |пробивать, проделывать отверстие
teng                 |равный, одинаковый
tengdosh             |ровесник, сверстник, однолеток
tenglamoq            |уравнивать, равнять
tenglik              |равенство
tikan                |колючка, шип, заноза
tikilmoq             |уставиться, пристально смотреть
tikmoq               |шить, тачать
tikuvchi             |портной, портниха
til                  |1. язык <br> 2. язык, речь
tilak                |1. желание, пожелание, цель, мечта <br> 2. пожелание
tilamoq              |1. желать, хотеть <br> 2. выражатьпожелание
tilla                |золото [см. oltin]
timsoh               |крокодил
tiniq                |прозрачный, чистый
tinmoq               |1. отстаиваться [ожидкости] <br> 2. прекращаться, переставать
tinch                |спокойный, тихий                                                                                                          ;спокойно, тихо
tinchimoq            |успокаиваться, утихать
tinchlanmoq          |успокаиваться
tinchlik             |1. спокойствие, покой <br> 2. мир <br> 3. тишина
tipratikan           |ёж [см. kirpi]
tirik                |живой
tirishmoq            |стараться, прилагать усилия, стремиться
tirishqoq            |старательный, усердный
tirnamoq             |царапать, скрести
tirnoq               |1. ноготь, ногти <br> 2. коготь, когти
tirsak               |локоть
tirtiq               |шрам
titramoq             |трястись, дрожать
titroq               |трепетать, трепетание, дрожь
tiyin                |копейка
tizza                |колено, колени
tish                 |зуб
tishlamoq            |кусать, откусить, прикусывать, прикусить, укусить
tinglamoq            |слушать, внимать
tobut                |гроб
tok                  |виноград [растение]
tokcha               |1. ниша <br> 2. полка
tol                  |ива остролистная
tola                 |волокно, волосок, нить
tolqon               |толокно
tom                  |крыша
tomir                |1. жила <br> 2. кровеносный сосуд <br> 3. пульс
tomizmoq             |капать, лить каплями
tommoq               |капать, падать каплями
tomon                |1. сторона, направление <br> 2. край, сторона
tomoq                |горло, глотка, гортань
tomosha              |1. зрелище, представление <br> 2. забава, развлечение
tomoshabin           |зритель
tomchi               |капля
tomchilamoq          |капать, крапать, накрапывать
topishmoq            |загадка
topmoq               |находить, найти, отыскивать
topshiriq            |задание, поручение
topshirmoq           |1. вручать, вручить, передавать, передать <br> 2. сдавать, сдать <br> 3. поручать, поручит
toqat                |терпение, выдержка
toqat qilmoq         |терпеть
tor                  |1. узкий <br> 2. тесный
toraymoq             |суживаться, делаться тесным, узким
tortmoq              |тянуть, потянуть, вытягивать, вытянуть
totmoq               |попробовать навкус
tovon                |пята, пятка
tovoq                |блюдо
tovuq                |курица
tovus                |павлин
tovush               |1. голос <br> 2. звук
toy                  |стригун, стригунок [жеребёнок]
toychoq              |жеребёночек
toza                 |чистый, опрятный
tozalamoq            |чистить, почистить, очистить, очищать
tozalik              |чистота, опрятность
tog'                 |гора
tog'a                |дядя
tog'ora              |большая чашка, большая миска, таз
tosh                 |камень
toshbaqa             |черепаха
toshmoq              |1. разливаться, выходить изберегов <br> 2. переливаться через край <br> 3. появляться [о веснушках, сыпи и т. п. ]
tong                 |рассвет
tugamoq              |кончаться, оканчиваться, заканчиваться, завершаться
tugma                |пуговица
tugmacha             |пуговка
tuk                  |волосок [на теле], пушок
tulki                |лиса, лисица
tumov                |насморк
tumshuq              |клюв, нос
tun                  |ночь
tungi                |ночной
tunuka               |листовое [кровельное] железо
tup                  |1. куст растения <br> 2. куст
tuproq               |1. земля, глина <br> 2. почва
turar joy            |квартира, жильё
turmoq               |1. стоять <br> 2. вставать, встать, подниматься, подняться
turmush              |жизнь, быт
turna                |журавль
turp                 |редька
turtki               |толчок, удар
turtmoq              |толкать, подталкивать
turshak              |сушёный урюк
tut                  |1. тутовое дерево <br> 2. плод тутового дерева
tutamoq              |дымиться, дымить, тлеть
tutmoq               |ловить, поймать, схватить, хватать
tutqich              |ручка, рукоятка, рукоять
tutun                |дым
tuvak                |горшок
tuxum                |яйцо
tuya                 |верблюд
tuyaqush             |страус
tuynuk               |1. отверстие [напр                                                                                                        ;встене] <br> 2. люк
tuyoq                |копыто
tuz                  |соль
tuzalmoq             |1. выздоравливать, выздороветь, поправляться, поправиться <br> 2. заживать, зажить <br> 3. исправляться, исправиться
tuzatmoq             |1. править, выправлять, исправлять <br> 2. поправлять <br> 3. чинить, ремонтировать
tuzlamoq             |засаливать, засолить
tuzli                |солёный
tuzdon               |солонка
tuzoq                |ловушка
tush                 |1. сон                                                                                                                    ;сновидение <br> 2. полдень [см. peshin]
tushlik              |обед
tushmoq              |спускаться, спуститься, слезать, слезть, опускаться, опуститься
tushunarli           |понятный, ясный
tushunmoq            |понимать, понять
to'garak             |кружок
to'kmoq              |1. лить, выливать, проливать, разливать <br> 2. сыпать, высыпать, просыпать, рассыпать
to'la                |полный
to'lamoq             |платить, заплатить
to'ldirmoq           |1. наполнять <br> 2. заполнять <br> 3. пополнять <br> 4. выполнять
to'lmoq              |1. наполняться <br> 2. исполняться <br> 3. выполняться
to'lqin              |волна
to'nka               |пень
to'p                 |1. мяч [см. koptok] <br> 2. куча, стая
to'piq               |щиколотка, лодыжка
to'plamoq            |1. собирать, набирать, накапливать <br> 2. складывать [в одно место], собирать [в кучу]
to'polon             |1. суматоха, сумятица, шум, скандал <br> 2. буйство
to'polonchi          |1. тот, кто любит шуметь, скандалить <br> 2. озорной, шаловливый, озорник, шалун
to'pponcha           |пистолет, револьвер
to'q                 |сытый
to'qimoq             |1. ткать <br> 2. вязать <br> 3. сочинять, слагать, создавать
to'qqiz              |девять
to'qson              |девяносто
to'r                 |сеть, сетка
to'rt                |четыре
to'satdan            |внезапно, неожиданно, вдруг
to'siq               |препятствие, преграда, барьер
to'smoq              |заграждать, преграждать, загораживать
to'ti                |попугай
to'xtamoq            |останавливаться, остановиться, прекращаться, прекратиться
to'y                 |1. той, свадьба <br> 2. праздник
to'ymoq              |наедаться, насыщаться, стать сытым
to'g'ramoq           |резать
to'g'ri              |1. прямой <br> 2. правильный, точный, верный
to'g'rilamoq         |выпрямлять, выправлять, исправлять, поправлять
to'shak              |1. тюфяк, матрац <br> 2. постель
uka                  |младший брат
ulamoq               |соединять, связывать
ular                 |они
ulashmoq             |раздавать, распределять, наделять
ulgurmoq             |успевать, управляться
umid                 |надежда, чаяние
umr                  |жизнь
umumiy               |общий, всеобщий
un                   |мука
undosh               |согласный
uni                  |его, её
unli                 |гласный
unutmoq              |забывать
urinmoq              |1. трепыхаться, биться, рваться <br> 2. пытаться, делать попытки
urinchoq             |1. старательный, усердный <br> 2. пытливый
urishmoq             |1. биться, драться <br> 2. браниться, ругаться, ссориться
urishqoq             |драчливый, драчун, забияка, задира, скандалист
urmoq                |бить, ударять
ust                  |верх, верхняя часть, поверхность
usta                 |1. мастер <br> 2. ловкий, проворный
ustaxona             |мастерская
ust-bosh             |одежда [см. kiyim, kiyim-bosh]
ustki                |верхний, находящийся наверху
ustoz                |учитель, наставник
ustun                |столбик
uxlamoq              |спать
uya                  |гнездо, нора, берлога [см. in]
uyalmoq              |стыдиться, стесняться, смущаться
uyat                 |стыд, позор
uy                   |дом, жилище
uyatsiz              |1. бесстыдный, бессовестный <br> 2. наглый
uyatchang            |стыдливый, застенчивый, стеснительный
uyqu                 |сон, спячка
uyg'atmoq            |будить, разбудить, пробуждать, пробудить
uyg'onmoq            |просыпаться, проснуться, пробуждаться, очнуться
uyg'oq               |неспящий, бодрствующий
uzatmoq              |протягивать, подавать, передавать
uzaymoq              |удлиняться, прибавляться [против. qisqarmoq]
uzmoq                |1. срывать, отрывать, снимать <br> 2. обрывать, рвать
uzoq                 |1. далёкий, дальний, отдалённый <br> 2. долгий, длительный, продолжительный
uzoqlashmoq          |удаляться, отдаляться
uzuk                 |кольцо, перстень
uzum                 |виноград [плоды]
uzun                 |1. длинный <br> 2. длительный, продолжительный
ushlamoq             |1. держать, браться, хватать <br> 2. ловить, поймать, задержать
uch                  |1. конец <br> 2. кончик, остриё <br> 3. три
uchmoq               |летать, лететь, полететь
uchramoq             |1. попадаться <br> 2. встречаться, сталкиваться
uchrashuv            |встреча
uchqun               |искра
uchun                |для, ради, за, чтобы
uchuvchi             |лётчик, авиатор, пилот
va                   |и
vafot                |кончина, смерть
vafot etmoq (qilmoq) |умереть, скончаться
vahima               |страх, боязнь, ужас, паника
vahimali             |страшный, ужасный
vaqt                 |время
varaq                |лист, листы
varaqlamoq           |листать, перелистывать
varrak               |бумажный змей
vatan                |родина, отечество, отчизна
vazifa               |1. задача [см. topshiriq] <br> 2. обязанность, долг
va'da                |обещание
va'da bermoq         |обещать
vergul               |запятая
viloyat              |область
voqea                |событие
vovullamoq           |гавкать, лая ть
xabar                |известие, весть, сообщение
xafa                 |1. печальный, грустный <br> 2. обиженный
xafa qilmoq          |1. печалить, огорчить <br> 2. обижать, обидеть
xalaqit bermoq       |мешать, препятствовать
xalq                 |народ, население, жители
xalta                |сумка, мешок, торба, пакет
xamir                |тесто
xaridor              |покупатель, закупщик
xartum               |хобот
xarxasha             |каприз
xarxasha qilmoq      |капризничать
xat                  |письмо
xato                 |ошибка, ошибочный, неверный
xato qilmoq          |ошибаться, ошибиться
xayol                |мечты, думы [см. о'у]
xayr                 |досвидания, прощай [-те]
xil                  |вид, сорт, род, тип
xira                 |тусклый, непрозрачный
xizmat               |1. служба, работа, заслуга <br> 2. поручение, задание
xizmat qilmoq        |служить
xohlamoq             |желать, пожелать, хотеть, захотеть
xol                  |родинка
xola                 |тётя [сестра матери]
xom                  |1. сырой <br> 2. незрелый, зелёный
xona                 |комната
xonadon              |семья                                                                                                                     ;двор
xonanda              |певец
xotin                |1. женщина <br> 2. жена
xotira               |1. память <br> 2. воспоминание
xuddi                |как раз, точь-в-точь, точно
xudo                 |бог, господь
xulq                 |1. нрав, характер <br> 2. поведение
xunuk                |некрасивый [против. чиройли]
xurrak               |храп
xursand              |радостный, весёлый
xushmuomala          |вежливый
xo'mraymoq           |хмуриться, смотреть исподлобья
xo'p                 |хорошо, ладно
xo'roz               |петух
xo'rsinmoq           |1. вздыхать <br> 2. захлёбываться от плача <br> 3. всхлипывать
xo'tik               |ослёнок
xo'sh                |ну
yakshanba            |воскресенье
yalamoq              |лизать, облизывать
yalang'och           |голый, раздетый
yalinmoq             |1. умолять, упрашивать <br> 2. кланяться, преклоняться
yalpiz               |мята
yalpoq               |плоский
yalt etmoq           |промелкнуть, сверкнуть, блеснуть
yaltiramoq           |блестеть, поблёскивать, сверкать
yalqov               |лентяй, лодырь, ленивый
yaltiroq             |блеск, лоск                                                                                                               ;блестящий, сверкающий
yana                 |ещё, опять, снова, вновь
yangi                |новый, свежий
yangilik             |новость
yanchmoq             |молотить
yapaloq              |плоский
yaqin                |близкий, близко
yaqinda              |недавно
yaqinlashmoq         |приближаться, подходить, сближаться
yara                 |рана, ранение                                                                                                             ;язва
yarash               |перемирие
yarashmoq            |1. мириться, примириться <br> 2. подходить, быть клицу
yarim (yarmi)        |половина, пол                                                                                                             ;полу
yarimta              |половина, половинка
yarqiramoq           |сверкать, блестеть
yasama               |1. самодельный <br> 2. искусственный
yasamoq              |мастерить, изготовлять
yasanmoq             |наряжаться, принарядиться, украшаться
yax                  |лёд [см. muz]
yaxlamoq             |застывать, замерзать [см. muzlamoq]
yaxshi               |хороший
yaxshilik            |доброта, добро
yaxshilikcha         |по-хорошему, добром
yayov                |пешком [см. piyoda]
yashamoq             |жить, прожить
yashil               |зелёный
yashin               |молния
yashirin             |тайный, скрытый
yashirinmoq          |прятаться, спрятаться, укрываться
yashirincha          |тайно, скрытно, тайком
yashirmoq            |спрятать, прятать
yanglishmoq          |ошибаться, запутаться
yangramoq            |звучать, звенеть
yelim                |клей
yelimlamoq           |клеить, наклеить
yelka                |плечо
yelpimoq             |опахивать, обмахивать
yelpigich            |веер, опахало
yemoq                |есть, кушать, съесть
yer                  |земля
yerto'la             |1. подвал <br> 2. землянка
yetaklamoq           |вести за повод, вести заруку
yetim                |сирота
yetishmovchilik      |недостаток, дефект, недочёт
yetmish              |семьдесят
yetmoq               |1. доходить [дойти], доезжать [доехать], добираться [добраться] <br> 2. догонять [догнать], поравняться
yetti                |семь
yechinmoq            |раздеваться, раздеться
yechmoq              |развязывать [развязать], расстёгивать [расстегнуть]
yeng                 |рукав
yengil               |лёгкий, легко
yengmoq              |побеждать, одолевать
yigirma              |двадцать
yigit                |юноша, парень
yil                  |год
yilt etmoq           |сверкнуть, блеснуть
yiltiramoq           |1. блестеть, поблёскивать, сверкать <br> 2. мерцать
yirik                |крупный
yiring               |гной
yiringlamoq          |гноиться
yirtiq               |рваный, порванный, разорванный
yirtmoq              |рвать, разрывать, раздирать
yirtqich             |хищник, хищный
yiqilmoq             |упасть, падать
yiqitmoq             |1. валить, сваливать <br> 2. побороть
yig'i                |плач, рыдание
yig'ilish            |1. собрание <br> 2. сбор
yig'im-terim         |уборка урожая
yig'ishtirmoq        |1. собирать <br> 2. убирать, прибирать
yig'lamoq            |плакать
yig'loq              |плакса, плаксивый
yig'moq              |1. собирать <br> 2. убирать
yod                  |память
yodlamoq             |1. заучивать наизусть, зубрить <br> 2. вспоминать [см. eslamoq]
yoki                 |или, илиже
yol                  |грива
yolg'iz              |1. один, одинокий <br> 2. единственный
yolg'on              |ложный, лживый
yolg'onchi           |лгун, лжец, враль
yomon                |плохой, нехороший, дурной, плохо, нехорошо
yomg'ir              |дождь
yon                  |бок
yonida               |рядом, около
yonbosh              |бок, боковая сторона
yonboshlamoq         |ложиться, лечь набок
yonmoq               |гореть
yong'in              |пожар
yong'oq              |орех
yopilmoq             |закрываться, закрыться
yopiq                |закрытый, запертый
yopishmoq            |приклеиваться, прилипать
yopmoq               |1. закрывать <br> 2. накрывать, покрывать, укрывать <br> 3. печь
yoq                  |сторона, край, направление
yoqa                 |1. ворот, воротник <br> 2. берег, край
yoqimli              |приятный
yoqmoq               |1. зажигать <br> 2. нравиться
yordam               |помощь
yordamlashmoq        |помогать [помочь], оказывать помощь
yordamchi            |помощник
yorilmoq             |1. раскалываться <br> 2. трескаться, растрескиваться <br> 3. разрываться
yormoq               |колоть, рубить
yorug'               |светлый, яркий, освещённый
yorug'lik            |свет, сила света
yostiq               |подушка
yotmoq               |лежать, лечь, ложиться
yovvoyi              |дикий
yoz                  |лето
yozgi                |летний
yozma                |письменный
yozmoq               |1. писать, написать <br> 2. расстилать, стлать
yozuv                |надпись, запись
yozuvchi             |писатель
yog'                 |сало, жир, масло
yog'moq              |идти, падать
yog'och              |1. дерево, бревно <br> 2. лес, древесина
yosh                 |1. возраст, год <br> 2. молодой, малолетний, юный <br> 3. слеза
yoshlik              |молодость, детство
yubormoq             |посылать, отправлять                                                                                                      ;присылать
yugurish             |бег
yugurmoq             |бегать, бежать
yuk                  |груз, ноша, багаж
yuklamoq             |грузить, нагружать
yulduz               |звезда
yumaloq              |круглый, округлый
yummoq               |закрывать [глаза, рот]
yumuq                |закрытый [о глазах, рте]
yumshoq              |мягкий, нежный
yupqa                |тонкий, нетолстый
yuqori               |1. верх, верхний <br> 2. высший, высокий
yuqumli              |заразный, инфекционный [о болезни]
yurak                |сердце
yurakli              |храбрый, смелый
yurish               |1. ходьба, хождение <br> 2. ход <br> 3. езда
yurmoq               |1. ходить, идти <br> 2. ездить, ехать
yurt                 |край, родина, страна
yutmoq               |1. глотать, проглатывать <br> 2. выигрывать
yutqazmoq            |проигрывать
yutuq                |1. достижение, успех <br> 2. выигрыш
yuvinmoq             |1. мыться, умываться
yuvmoq               |1. мыть <br> 2. стирать
yuvosh               |мирный, тихий, спокойный
yuz                  |1. лицо, физиономия <br> 2. сто
yung                 |шерсть
yo'l                 |дорога, путь, трасса
yo'lak               |проход, коридор
yo'lbars             |тигр
yo'boshchi           |руководитель, вождь
yo'ka                |тротуар, дорожка
yo'lovchi            |1. путник, прохожий <br> 2. пассажир
yo'q                 |нет
yo'qlama             |поверка, перекличка
yo'qolmoq            |теряться, пропадать, исчезать
yo'qotmoq            |1. терять <br> 2. уничтожать, ликвидировать
yo'tal               |кашель
yo'talmoq            |кашлять, покашливать
yo'g'on              |толстый, полный
zahar                |яд, отрава
zaharlanmoq          |отравляться, травиться
zaharli              |ядовитый
zamonaviy            |современный
zanjir               |цепь, цепочка
zararli              |1. вредный <br> 2. убыточный
zarba                |удар
zag'izg'on           |сорока [см. hakka]
zang                 |ржавчина
zanglamoq            |ржаветь
zerikarli            |скучный, скучно
zerikmoq             |скучать
zilzila              |землетрясение
zina                 |1. лестница <br> 2. ступень, ступенька
ziqna                |скупой, жадный
ziyon                |вред, ущерб, убыток
ziyofat              |1. угощение <br> 2. банкет
ziyrak               |1. сметливый, смышлёный <br> 2. чуткий
zumda                |моментально
zo'raymoq            |1. усиливаться <br> 2. ухудшаться, осложняться [о болезни]
zo'rlamoq            |заставлять, принуждать
zo'rg'a              |еле-еле, едва-едва, с трудом
o'jar                |упрямый
o'lik                |1. мертвец, труп <br> 2. мёртвый, неживой
o'lim                |смерть, кончина
o'lka                |край
o'lmoq               |умирать [умереть], скончаться
o'lchamoq            |мерить, измерять
o'lchov              |измерение, мера
o'n                  |десять
o'nqir-cho'nqir      |ухабистый, неровный
o'pka                |лёгкое, лёгкие
o'pmoq               |целовать, поцеловать
o'q                  |1. стрела <br> 2. пуля <br> 3. снаряд
o'qimoq              |1. читать <br> 2. учить, учиться
o'qituvchi           |учитель
o'qish               |чтение
oqraymoq             |вытаращить глаза                                                                                                          ;хмуро, сердито смотреть [см. xo'mraymoq]
o'quv                |учение, учёба, учебный
o'quvchi             |ученик, учащийся
o'quv qurollari      |учебные принадлежности
o'ramoq              |1. закутывать, укутывать <br> 2. окружать
o'rganmoq            |1. учиться, обучаться <br> 2. привыкать, приучаться
o'rgatmoq            |1. учить, обучать, научить <br> 2. приучать
o'rgimchak           |паук
o'rdak               |утка
o'rik                |абрикос, урюк
o'rin                |место
o'rinbosar           |заместитель, преемник
o'rmon               |лес
o'rmoq               |жать, косить
o'rnak               |образец                                                                                                                   ;пример
o'roq                |серп
o'rta                |1. середина, центр <br> 2. средний
o'rtoq               |товарищ, друг
o'simlik             |растение
o'smoq               |расти, вырастать
o't                  |1. огонь <br> 2. трава
o'tgan               |прошлый
o'tirmoq             |сидеть, садиться
o'tish               |переход
o'tkazmoq            |пропускать
o'tkir               |острый
o'tlamoq             |пастись
o'tmas               |тупой, неострый
o'tmoq               |проходить, прое зжать, переходить, переезжать
o'tqazmoq            |1. сажать, усаживать <br> 2. сажать, насаживать
o'ttiz               |тридцать
o'xshamoq            |походить, быть похожим
o'xshash             |похожий, схожий, подобный
o'y                  |дума, мысль
o'yin                |1. игра <br> 2. танец, пляска
o'yin-kulgi          |веселье
o'yinchoq            |игрушка
o'ylamoq             |думать, размышлять, мыслить
o'ymoq               |1. долбить, делать углубление <br> 2. выкапывать, рыть
o'ynamoq             |играть, танцевать, плясать
o'ychan              |1. задумчивый <br> 2. вдумчивый
o'z(i)               |сам, сама, само
o'zboshimcha         |самовольный, непослушный
o'zgarish            |перемена, изменение
o'zgarmoq            |меняться, измениться
o'zlashtirmoq        |1. усваивать, осваивать <br> 2. присваивать
o'zmoq               |обгонять, опережать
o'g'il               |1. сын <br> 2. мальчик
o'g'irlamoq          |воровать, красть, похищать
o'g'rilik            |воровство, кража
o'sha                |тот, та, то
o'chirmoq            |1. гасить, тушить <br> 2. вычёркивать, зачёркивать
o'chmoq              |гаснуть, тухнуть
o'ng                 |правый
g'alaba              |победа, успех
g'alaba qilmoq       |побеждать
g'alati              |необыкновенный, необычный, чудесный, чудный
g'alla               |зерно, хлеб
g'alva               |скандал, ссора, шум
g'alva qilmoq        |поднимать шум, скандалить
g'am                 |горе, печаль, тоска, скорбь
g'amgin              |грустный, печальный
g'arb                |запад
g'arbiy              |западный
g'ayrat              |энергия, рвение, старание, усердие
g'ayratli            |энергичный, усердный
g'ilay               |косой, косоглазый
g'ildirak            |колесо
g'ilof               |чехол, футляр
g'irrom              |нечестный, склонный к обману
g'izillamoq          |быстро двигаться, мчаться
g'isht               |кирпич
g'olib               |победитель
g'or                 |пещера
g'oya                |идея
g'oz                 |гусь
g'uncha              |бутон
g'unchalamoq         |завязывать бутоны
g'urra               |опухоль, шишка
g'o'r                |недозрелый, зелёный, неспелый
g'o'ra               |неспелый зелёный фрукт
g'o'za               |хлопчатник
shaftoli             |персик
shahar               |город
shakar               |сахар
shakl                |форма
shamol               |ветер
shamollamoq          |простужаться, простудиться
shanba               |суббота
shanbalik            |субботник
sharaf               |честь
sharbat              |сок
sharoit              |условие
sharq                |восток
sharqiy              |восточный
sharsimon            |шаровидный, шарообразный
shart                |1. условие <br> 2. обязательно, необходимо
sharshara            |водопад
shag'al              |галька, гравий
shekilli             |кажется
sher                 |лев
sherik               |1. товарищ, друг <br> 2. соучастник, сообщник
she'r                |стих, стихотворение
shifokor             |врач, лекарь
shifoxona            |больница, лечебница
shim                 |брюки
shimarmoq            |засучивать, загибать, завёртывать
shimmoq              |1. всасывать, впитывать <br> 2. сосать
shimol               |север
shimoliy             |северный
ship                 |потолок
shippak              |чувяки, тапочки
shirin               |1. сладкий <br> 2. вкусный
shivirlamoq          |шептать, нашёптывать
shish                |опухоль, шишка
shisha               |1. стекло <br> 2. стеклянный сосуд, флакон
shishirmoq           |надувать
shishmoq             |пухнуть, опухать, распухать
shoda                |связка
shodlik              |радость, веселье
shogird              |ученик, подмастерье
shoir                |поэт
shol                 |паралич
sholg'om             |репа
shon-shuhrat         |слава
shovqin              |шум, крик
shox                 |1. ветка, ветвь <br> 2. рог, рога
shoshmoq             |торопиться, поторопиться, спешить, поспешить
shu                  |этот, эта, это
shudring             |роса, утренняя роса
shunday              |так, такой
shuncha              |сколько, столько, столь
shug'ullanmoq        |заниматься
shu'la               |1. луч, свет <br> 2. пламя
sho'ng'imoq          |окунуться, нырять
sho'r                |солёный, пересоленный
sho'x                |1. шаловливый, озорной <br> 2. живой, весёлый, резвый
chalmoq              |1. играть [на музыкальном инструменте] <br> 2. давать подножку
chalqancha(siga)     |на спине, вверх лицом, навзничь
chana                |сани, салазки
chandiq              |рубец, шрам
chanqamoq            |жаждать, хотеть пить
chanqov              |жажда
chang'i              |лыжи
chap                 |левый
chapak               |хлопанье в ладоши, рукоплескание, аплодисменты
chapaqay             |левша
chaqaloq             |новорождённый, грудной ребёнок
chaqirmoq            |1. звать, позвать <br> 2. приглашать, пригласить
chaqmoq              |1. колоть, раскалывать, грызть <br> 2. молния
chaqqon              |ловкий, проворный, расторопный
charxlamoq           |точить, оттачивать
charchamoq           |уставать, устать, утомляться, утомиться
chaynamoq            |жевать, разжёвывать
chayon               |скорпион
chang                |пыль
changimoq            |пылиться, запылиться
chegara              |граница
chekmoq              |курить
chelak               |ведро
chertmoq             |щёлкать, щёлкнуть
chidamoq             |терпеть, переносить, выдержать
chigirtka            |саранча, кузнечик
chigit               |семена хлопчатника
chiniqmoq            |закаляться
chinni               |фарфор, фарфоровая посуда
chinqirmoq           |резко кричать, визжать, стонать
chiqmoq              |1. выходить, вый ти <br> 2. всходить, восходить <br> 3. взбираться, подниматься
chiranmoq            |1. тужиться, напрягаться <br> 2. бахвалиться, кичиться
chirillamoq          |чирикать
chiroq               |лампа, светильник
chiroyli             |красивый, миловидный
chivin               |комар
chiziq               |черта, линия
chizmoq              |чертить
chizg'ich            |линейка
chol                 |старик
chopmoq              |1. бежать, бегать <br> 2. скакать <br> 3. рубить, зарубить, изрубить                                                      ;окучивать
chorak               |четверть, четвёртая часть
chorraha             |перекрёсток
chorshanba           |среда
chovli               |шумовка
choyshab             |простыня                                                                                                                  ;покрывало
chumoli              |муравей
chumchuq             |воробей
chuqur               |1. яма, впадина <br> 2. глубокий, глубоко
chuvalchang          |червяк
chuchvara            |пельмени
cho'kmoq             |тонуть
cho'loq              |хромой
cho'loqlanmoq        |хромать, охрометь
cho'milmoq           |купаться, мыться
cho'mich             |половник, черпак
cho'ntak             |карман
cho'qimoq            |клевать
cho'qqi              |вершина, горный пик
cho'yan              |чугун
cho'zmoq             |1. растягивать, вытягивать, протягивать, удлинять <br> 2. тянуть, затягивать
cho'g'               |раскалённые угли, жар
cho'chimoq           |1. вздрагивать <br> 2. бояться, опасаться
cho'chqa             |свинья
