0|Действия 1
1|Действия 2
2|Действия 3
3|Древний Египет
4|Части тела животных 1
5|Части тела животных 2
6|Птицы
7|Дни рождения
8|Жуки и насекомые
9|Часы 1
10|Часы 2
11|Рождество 1
12|Рождество 2
13|Цирковые профессии
14|Действия в классе 1
15|Действия в классе 2
16|Одежда - аксессуары
17|Одежда 1
18|Одежда 2
19|Цвета
20|Распорядок дня
21|Описание 1
22|Описание 2
23|Динозавры
24|Направления
25|Напитки
26|Пасха
27|Эмоции и чувства 1
28|Эмоции и чувства 2
29|Окружающая среда
30|Повседневные предметы 1
31|Повседневные предметы 2
32|Повседневные предметы 3
33|Сказочные истории
34|Семья
35|Животные на ферме
36|Флаги
37|Еда 1
38|Еда 2
39|Свободное время 1
40|Свободное время 2
41|Фрукты 1
42|Фрукты 2
43|Мебель
44|Хэллоуин 1
45|Хэллоуин 2
46|Здоровье и болезнь
47|Праздничные мероприятия
48|Предметы домашнего обихода
49|Работа 1
50|Рабочие места 2
51|Объекты кухни
52|Ориентиры 1
53|Ориентиры 2
54|Деньги
55|Деньги в Великобритании
56|Музыкальные инструменты 1
57|Музыкальные инструменты 2
58|Мифические существа
59|Числа 1-10
60|Числа 10-100
61|Числа 11-20
62|Олимпийские и Паралимпийские игры 1
63|Олимпийские и Паралимпийские игры 2
64|Части здания
65|Части тела - голова
66|Части тела 1
67|Части тела 2
68|Домашние животные
69|Пираты
70|Места в природе 1
71|Места в природе 2
72|Места в городе 1
73|Места в городе 2
74|Места в городе 3
75|Места для жизни
76|Растения
77|Детская площадка
78|Предлоги места
79|Рептилии и земноводные
80|Комнаты
81|Школьные предметы
82|Школьные предметы 1
83|Школьные предметы 2
84|Формы
85|Космос
86|Спорт - экстремальный
87|Спорт 1
88|Спорт 2
89|Спортивное оборудование
90|Технологии
91|Время
92|Игрушки 1
93|Игрушки 2
94|Транспорт 1
95|Транспорт 2
96|Подводные животные 1
97|Подводные животные 2
98|Овощи 1
99|Овощи 2
100|Погода 1
101|Погода 2
102|Дикие животные 1
103|Дикие животные 2
104|Дикие животные 3
