0|catch
1|clap
2|dance
3|hop
4|jump
5|run
6|skip
7|touch
8|walk
9|wave
10|blow
11|dig
12|follow
13|hide
14|hug
15|laugh
16|look
17|shout
18|smell
19|taste
20|argue
21|crawl
22|dream
23|leave
24|pat
25|pull
26|say sorry
27|scream
28|turn around
29|wait
30|whisper
31|yawn
32|Anubis
33|Bastet
34|cobra
35|hieroglyphs
36|pyramids
37|Ra
38|Thoth
39|tomb
40|beak
41|claws
42|feathers
43|fins
44|fur
45|shell
46|tail
47|wing
48|fang
49|hoof
50|horn
51|jaws
52|paws
53|scales
54|snout
55|whiskers
56|dove
57|duck
58|eagle
59|emu
60|flamingo
61|owl
62|parrot
63|robin
64|turkey
65|vulture
66|balloons
67|birthday cake
68|candles
69|make a wish
70|party
71|party hats
72|present
73|streamers
74|ant
75|bee
76|beetle
77|butterfly
78|caterpillar
79|cockroach
80|dragonfly
81|fly
82|grasshopper
83|ladybird
84|mosquito
85|spider
86|clean the car
87|cook
88|make the bed
89|sweep the floor
90|tidy
91|walk the dog
92|do the laundry
93|do the washing up
94|dry the dishes
95|dust
96|iron
97|lay the table
98|mop the floor
99|vacuum
100|Christmas tree
101|elf
102|holly
103|present
104|reindeer
105|Santa
106|sleigh
107|snowflake
108|snowman
109|stocking
110|baubles
111|bells
112|candle
113|carols
114|chimney
115|cracker
116|fairy lights
117|greetings card
118|star
119|tinsel
120|acrobat
121|clown
122|juggler
123|magician
124|ringmaster
125|strongman
126|tightrope walker
127|trapeze artist
128|be quiet
129|colour
130|help
131|listen
132|play
133|point
134|sing
135|sit down
136|stand up
137|trace
138|circle
139|cut
140|draw a line
141|number
142|say
143|tick
144|underline
145|write
146|bag
147|belt
148|cap
149|glasses
150|gloves
151|hat
152|headscarf
153|scarf
154|sunglasses
155|watch
156|coat
157|dress
158|jacket
159|jeans
160|jumper
161|sandals
162|shirt
163|shoes
164|skirt
165|socks
166|t-shirt
167|trousers
168|blouse
169|boots
170|cardigan
171|flip flops
172|pyjamas
173|shorts
174|slippers
175|tie
176|tights
177|trainers
178|underpants
179|vest
180|black
181|blue
182|brown
183|green
184|grey
185|orange
186|pink
187|purple
188|red
189|white
190|yellow
191|clean my teeth
192|do homework
193|get dressed
194|get up
195|go home
196|go to bed
197|go to school
198|have a shower
199|have breakfast
200|have dinner
201|have lunch
202|wake up
203|beautiful
204|clean
205|dirty
206|fat
207|old
208|short
209|tall
210|thin
211|ugly
212|young
213|big
214|far
215|fast
216|long
217|near
218|short
219|slow
220|small
221|strong
222|weak
223|Baryonyx
224|Brachiosaurus
225|Diplodocus
226|Giganotosaurus
227|Iguanodon
228|Stegosaurus
229|Triceratops
230|Troodon
231|Tyrannosaurus rex
232|Velociraptor
233|cross the road
234|follow the signs
235|go along the road
236|go over the bridge
237|go past
238|go round the roundabout
239|go straight on
240|go through the tunnel
241|read the map
242|stop
243|turn left
244|turn right
245|cola
246|hot chocolate
247|juice
248|lemonade
249|milk
250|milkshake
251|tea
252|water
253|basket
254|chicks
255|chocolates
256|Easter bunnies
257|Easter eggs
258|hot cross buns
259|lamb
260|nest
261|angry
262|bored
263|happy
264|hungry
265|sad
266|thirsty
267|tired
268|worried
269|confused
270|embarrassed
271|excited
272|scared
273|shocked
274|surprised
275|alternative energy
276|chemical waste
277|deforestation
278|global warming
279|littering
280|melting ice caps
281|polluted rivers
282|pollution
283|recycling
284|batteries
285|brush
286|bucket
287|camera
288|comb
289|lightbulb
290|soap
291|tin
292|toothbrush
293|toothpaste
294|torch
295|towel
296|cork
297|hammer
298|map
299|pin
300|rope
301|saw
302|screw
303|shopping bag
304|shopping trolley
305|tissue
306|umbrella
307|book
308|box
309|cage
310|calendar
311|comic
312|flag
313|keyrings
314|ladder
315|rubbish bin
316|sack
317|telephone
318|tent
319|castle
320|crown
321|gold
322|jewels
323|king
324|knight
325|prince
326|princess
327|queen
328|sword
329|throne
330|tower
331|baby
332|brother
333|family
334|father
335|grandfather
336|grandmother
337|mother
338|sister
339|chicken
340|cow
341|dog
342|duck
343|goat
344|horse
345|rooster
346|sheep
347|Algeria
348|Azerbaijan
349|Brazil
350|Canada
351|Georgia
352|Ghana
353|Greece
354|Jordan
355|Namibia
356|Nepal
357|Switzerland
358|Vietnam
359|cake
360|chicken
361|chips
362|fish
363|hamburger
364|noodles
365|pasta
366|pie
367|pizza
368|sandwich
369|sausage
370|toast
371|biscuits
372|bread
373|cheese
374|chocolate
375|crisps
376|eggs
377|ice cream
378|meat
379|nuts
380|rice
381|sweets
382|yogurt
383|do crafts
384|go fishing
385|go hiking
386|paint a picture
387|play board games
388|play cards
389|play dress up
390|read a book
391|ride a bike
392|watch T.V.
393|climb trees
394|go rollerblading
395|go skateboarding
396|have a party
397|knit
398|listen to music
399|play an instrument
400|play on the computer
401|sew
402|write emails
403|apple
404|banana
405|coconut
406|grapes
407|orange
408|pear
409|pineapple
410|watermelon
411|cherry
412|kiwi
413|lime
414|melon
415|peach
416|strawberry
417|armchair
418|bath
419|bed
420|bookcase
421|chair
422|cupboard
423|fridge
424|oven
425|shower
426|sofa
427|table
428|wardrobe
429|bat
430|black cat
431|pumpkin
432|skeleton
433|spider
434|witch
435|cauldron
436|ghost
437|haunted house
438|monster
439|mummy
440|wizard
441|a cut
442|broken leg
443|cold
444|cough
445|dizzy
446|earache
447|fever
448|headache
449|sneeze
450|sore throat
451|toothache
452|tummyache
453|go camping
454|go sightseeing
455|have a picnic
456|make a sandcastle
457|pack a bag
458|play beach volleyball
459|ride on a rollercoaster
460|row a boat
461|snorkel
462|stay in a hotel
463|take photos
464|write a postcard
465|bin
466|box
467|clock
468|cushion
469|lamp
470|mirror
471|picture
472|rug
473|shelf
474|sink
475|tap
476|TV
477|dancer
478|dentist
479|doctor
480|farmer
481|firefighter
482|nurse
483|pilot
484|police officer
485|singer
486|taxi driver
487|teacher
488|vet
489|actor
490|artist
491|astronaut
492|butcher
493|chef
494|engineer
495|mechanic
496|photographer
497|plumber
498|postal worker
499|sailor
500|zoo-keeper
501|bottle
502|bowl
503|chopsticks
504|cup
505|fork
506|glass
507|knife
508|plate
509|saucepan
510|spoon
511|straw
512|tray
513|Big Ben
514|Eiffel Tower
515|Leaning Tower of Pisa
516|Pyramids
517|Stonehenge
518|Sydney Opera House
519|Angkor Wat
520|Ayers Rock
521|Colosseum
522|Great Wall of China
523|London Eye
524|Statue of Liberty
525|Tower Bridge
526|ATM
527|banknote
528|coins
529|credit card
530|piggy bank
531|purse
532|safe
533|wallet
534|1 pence
535|2 pence
536|5 pence
537|5 pounds
538|10 pence
539|10 pounds
540|20 pence
541|50 pence
542|drums
543|flute
544|guitar
545|piano
546|recorder
547|violin
548|xylophone
549|cello
550|clarinet
551|harp
552|lute
553|maracas
554|saxophone
555|tambourine
556|trumpet
557|centaur
558|dragon
559|fairy
560|genie
561|giant
562|griffin
563|mermaid
564|minotaur
565|ogre
566|unicorn
567|eight
568|five
569|four
570|nine
571|one
572|seven
573|six
574|ten
575|three
576|two
577|eighty
578|fifty
579|forty
580|ninety
581|one hundred
582|seventy
583|sixty
584|ten
585|thirty
586|twenty
587|eighteen
588|eleven
589|fifteen
590|fourteen
591|nineteen
592|seventeen
593|sixteen
594|thirteen
595|twelve
596|twenty
597|archery
598|athletics
599|diving
600|gymnastics
601|handball
602|judo
603|rugby
604|sailing
605|table tennis
606|weightlifting
607|fencing
608|high jump
609|hurdles
610|javelin
611|long jump
612|marathon
613|rowing
614|trampolining
615|waterpolo
616|wrestling
617|balcony
618|ceiling
619|door
620|floor
621|roof
622|stairs
623|wall
624|window
625|cheek
626|chin
627|ear
628|eye
629|face
630|hair
631|head
632|mouth
633|neck
634|nose
635|teeth
636|tongue
637|arm
638|foot
639|hand
640|head
641|knee
642|leg
643|shoulders
644|ankle
645|back
646|body
647|feet
648|finger
649|heel
650|thumb
651|toes
652|budgie
653|cat
654|dog
655|goldfish
656|guinea pig
657|hamster
658|mouse
659|rabbit
660|island
661|Jolly Roger
662|mermaid
663|message in a bottle
664|parrot
665|pirate
666|pirate ship
667|shipwreck
668|treasure chest
669|treasure map
670|beach
671|desert
672|field
673|forest
674|lake
675|mountain
676|river
677|sea
678|cave
679|hill
680|island
681|pond
682|rainforest
683|the Arctic
684|volcano
685|wetlands
686|bookshop
687|cinema
688|factory
689|park
690|playground
691|school
692|shop
693|stadium
694|supermarket
695|train station
696|zoo
697|airport
698|apartments
699|baker's
700|bank
701|butcher's
702|fairground
703|farm
704|florist
705|hairdresser's
706|library
707|sports centre
708|theatre
709|bridge
710|gate
711|path
712|signpost
713|statue
714|street
715|tunnel
716|apartment
717|camper van
718|caravan
719|castle
720|farm
721|hotel
722|house
723|igloo
724|tent
725|flowers
726|grass
727|leaf
728|plants
729|roots
730|seed
731|tree
732|climbing frame
733|drinking fountain
734|monkey bars
735|rope bridge
736|roundabout
737|sandpit
738|see saw
739|slide
740|springy
741|swings
742|behind
743|between
744|in
745|in front of
746|next to
747|on
748|opposite
749|under
750|crocodile
751|frog
752|lizard
753|scorpion
754|snail
755|snake
756|tortoise
757|turtle
758|bathroom
759|bedroom
760|dining room
761|garage
762|garden
763|hall
764|kitchen
765|living room
766|art
767|drama
768|English
769|geography
770|history
771|IT
772|maths
773|music
774|PE
775|science
776|bag
777|board
778|crayons
779|desk
780|eraser
781|pen
782|pencil
783|ruler
784|calculator
785|felt tips
786|folder
787|glue
788|notebook
789|paper
790|pencil case
791|scissors
792|sharpener
793|stickers
794|circle
795|diamond
796|heart
797|hexagon
798|oval
799|pentagon
800|rectangle
801|square
802|star
803|triangle
804|alien
805|asteroid
806|comet
807|Earth
808|flying saucer
809|galaxy
810|moon
811|planet
812|rocket
813|solar system
814|stars
815|sun
816|BMX biking
817|bungee jumping
818|canoeing
819|caving
820|parachuting
821|rock climbing
822|ski jumping
823|skiing
824|snowboarding
825|surfing
826|badminton
827|basketball
828|football
829|hockey
830|swimming
831|table tennis
832|tennis
833|bowling
834|cycling
835|golf
836|horse riding
837|rugby
838|volleyball
839|bat
840|football
841|football kit
842|goggles
843|golf club
844|helmet
845|hockey stick
846|net
847|oars
848|pads
849|racquet
850|skis and poles
851|computer
852|computer game
853|internet
854|keyboard
855|mobile phone
856|mouse
857|plug
858|tablet
859|eleven o'clock
860|five past ten
861|five to twelve
862|half past five
863|quarter past eight
864|quarter to two
865|ten past nine
866|ten to one
867|twenty past seven
868|twenty to three
869|twenty-five past six
870|twenty-five to four
871|ball
872|bat
873|doll
874|football
875|kite
876|robot
877|scooter
878|teddy
879|board game
880|bricks
881|drum
882|frisbee
883|marbles
884|paintbox
885|puppet
886|puzzle
887|bike
888|boat
889|bus
890|car
891|helicopter
892|lorry
893|plane
894|train
895|camper van
896|caravan
897|hot air balloon
898|jeep
899|jet
900|motorbike
901|ship
902|submarine
903|underground
904|van
905|crab
906|fish
907|jellyfish
908|octopus
909|seahorse
910|shark
911|starfish
912|whale
913|dolphin
914|lobster
915|oyster
916|penguin
917|piranha
918|seal
919|squid
920|walrus
921|carrot
922|corn
923|green beans
924|mushrooms
925|onion
926|peas
927|potato
928|tomato
929|aubergine
930|broccoli
931|cabbage
932|courgettes
933|cucumber
934|leeks
935|lettuce
936|pepper
937|cloudy
938|cold
939|hot
940|raining
941|snowing
942|stormy
943|sunny
944|windy
945|boiling
946|flood
947|foggy
948|freezing
949|hailing
950|hurricane
951|icy
952|tornado
953|warm
954|camel
955|elephant
956|giraffe
957|hippo
958|kangaroo
959|lion
960|monkey
961|panda
962|tiger
963|zebra
964|antelope
965|cheetah
966|chimpanzee
967|fox
968|koala
969|leopard
970|polar bear
971|rhino
972|squirrel
973|wolf
974|aardvark
975|coyote
976|deer
977|hare
978|hyena
979|lemur
980|meerkat
981|orangutan
982|sloth
983|yak
