Actions 1                  |Действия 1
Actions 2                  |Действия 2
Actions 3                  |Действия 3
Ancient Egypt              |Древний Египет
Animal body parts 1        |Части тела животных 1
Animal body parts 2        |Части тела животных 2
Birds                      |Птицы
Birthdays                  |Дни рождения
Bugs and insects           |Жуки и насекомые
Chores 1                   |Часы 1
Chores 2                   |Часы 2
Christmas 1                |Рождество 1
Christmas 2                |Рождество 2
Circus jobs                |Цирковые профессии
Classroom actions 1        |Действия в классе 1
Classroom actions 2        |Действия в классе 2
Clothes - accessories      |Одежда - аксессуары
Clothes 1                  |Одежда 1
Clothes 2                  |Одежда 2
Colours                    |Цвета
Daily routines             |Распорядок дня
Describing 1               |Описание 1
Describing 2               |Описание 2
Dinosaurs                  |Динозавры
Directions                 |Направления
Drinks                     |Напитки
Easter                     |Пасха
Emotions and feelings 1    |Эмоции и чувства 1
Emotions and feelings 2    |Эмоции и чувства 2
Environment                |Окружающая среда
Everyday objects 1         |Повседневные предметы 1
Everyday objects 2         |Повседневные предметы 2
Everyday objects 3         |Повседневные предметы 3
Fairy stories              |Сказочные истории
Family                     |Семья
Farm animals               |Животные на ферме
Flags                      |Флаги
Food 1                     |Еда 1
Food 2                     |Еда 2
Free time 1                |Свободное время 1
Free time 2                |Свободное время 2
Fruit 1                    |Фрукты 1
Fruit 2                    |Фрукты 2
Furniture                  |Мебель
Halloween 1                |Хэллоуин 1
Halloween 2                |Хэллоуин 2
Health and illness         |Здоровье и болезнь
Holiday activities         |Праздничные мероприятия
Home objects               |Предметы домашнего обихода
Jobs 1                     |Работа 1
Jobs 2                     |Рабочие места 2
Kitchen objects            |Объекты кухни
Landmarks 1                |Ориентиры 1
Landmarks 2                |Ориентиры 2
Money                      |Деньги
Money in the UK            |Деньги в Великобритании
Musical instruments 1      |Музыкальные инструменты 1
Musical instruments 2      |Музыкальные инструменты 2
Mythical creatures         |Мифические существа
Numbers 1-10               |Числа 1-10
Numbers 10-100             |Числа 10-100
Numbers 11-20              |Числа 11-20
Olympics and Paralympics 1 |Олимпийские и Паралимпийские игры 1
Olympics and Paralympics 2 |Олимпийские и Паралимпийские игры 2
Parts of a building        |Части здания
Parts of the body - head   |Части тела - голова
Parts of the body 1        |Части тела 1
Parts of the body 2        |Части тела 2
Pets                       |Домашние животные
Pirates                    |Пираты
Places in nature 1         |Места в природе 1
Places in nature 2         |Места в природе 2
Places in town 1           |Места в городе 1
Places in town 2           |Места в городе 2
Places in town 3           |Места в городе 3
Places to live             |Места для жизни
Plants                     |Растения
Playground                 |Детская площадка
Prepositions of place      |Предлоги места
Reptiles and amphibians    |Рептилии и земноводные
Rooms                      |Комнаты
School subjects            |Школьные предметы
School things 1            |Школьные предметы 1
School things 2            |Школьные предметы 2
Shapes                     |Формы
Space                      |Космос
Sports - extreme           |Спорт - экстремальный
Sports 1                   |Спорт 1
Sports 2                   |Спорт 2
Sports equipment           |Спортивное оборудование
Technology                 |Технологии
Time                       |Время
Toys 1                     |Игрушки 1
Toys 2                     |Игрушки 2
Transport 1                |Транспорт 1
Transport 2                |Транспорт 2
Underwater animals 1       |Подводные животные 1
Underwater animals 2       |Подводные животные 2
Vegetables 1               |Овощи 1
Vegetables 2               |Овощи 2
Weather 1                  |Погода 1
Weather 2                  |Погода 2
Wild animals 1             |Дикие животные 1
Wild animals 2             |Дикие животные 2
Wild animals 3             |Дикие животные 3
