|part_of_speech|word_de|sentence_de|word_en
6|verb|sein, ist, war, ist gewesen|Er ist mein Bruder.|to be
17|prep|von|Ich habe einen Brief von dir erhalten.|from, of
30|part|zu|Es gibt zu viel Zucker im Kaffee.|too
33|part|als|Er ist größer als ich.|than
36|part|wie|Er arbeitet wie ein Pferd.|as
41|pron|Ihr|Ist das Ihr Auto?|your
50|prep|nach|Nach der Schule gehe ich nach Hause.|after, toward
63|pron|kein|Ich habe kein Geld.|no
84|pron (relexive, in accusative case)|mich|Ich freue mich sehr auf das Wochenende.|me
105|conj|mal|Ein mal eins ist eins.|times
106|das|das Mal|Das erste Mal ist immer besonders.|time, mark
107|part|mal|Wir waren mal in Paris.|once
128|part|selbst, selber|Selbst ich kann das.|even
131|pron|wenig|Es gibt wenig Hoffnung.|little, few
212|adv|möglich|Wir machen es so schnell wie möglich.|as . . . as possible, if possible
224|part|etwa|Es ist etwa zu spät.|after all
243|der, das|das Teil|Jedes Teil hat seine Funktion.|part
269|die (pl)||Viele Leute sind hier.|people
274|verb|setzen, setzt, setzte, hat gesetzt|Er setzt sich auf den Stuhl.|to sit down
288|pron|ein paar|Ich habe ein paar Fragen.|a few
291|part|recht|Es ist recht schwierig.|rather, quite
311|part|wohl|Wohl wird es regnen.|probably
312|die|die Geschichte|Die Geschichte über den Krieg ist spannend.|history, story
331|conj|sowie|Er bringt Obst sowie Gemüse mit.|as well as, as soon as, plus
341|der|der Wert|Der Wert dieser Münze ist hoch.|value
353|pron|bisschen, bissel|Ich brauche ein bisschen Hilfe.|a little
426|part|na|Na, wie geht’s?|well
467|das|das Pro|Das Pro der Stadt ist die gute Infrastruktur.|pro
481|part|nämlich|Es ist nämlich so.|you see, namely
509|die|die Milliarde, Mrd.|Eine Milliarde Menschen leben auf der Erde.|billion
534|part|halt|Das ist halt so.|just, simply
537|prep|nahe, nah|Der Parkplatz ist nah bei der Schule.|near, close to
557|der, die|das Deutsche|Das Deutsche ist schwer.|German
576|pron|darum|Er geht darum nicht hin.|around it, therefore
607|adj|sogenannt|Der sogenannte Experte liegt falsch.|so-called
611|prep|innerhalb|Innerhalb einer Woche werde ich fertig sein.|within
615|adj|gesamt|Das gesamte Team arbeitet hart.|whole, entire
622|die (pl)||Die Kosten sind hoch.|costs, expenses
627|der|der Begriff|Ein neuer Begriff wurde eingeführt.|concept, idea, term
630|prep|laut|Laut dem Bericht sind die Zahlen gestiegen.|according to
632|die (pl)||Die Daten sind wichtig.|data
635|die|die Aussage|Eine klare Aussage wurde gemacht.|statement
643|der|der Gedanke|Ein interessanter Gedanke kam mir.|thought
655|der|der Dank|Mein Dank geht an dich.|gratefulness
656|prep|trotz|Trotz des Regens gingen wir spazieren.|in spite of
662|verb|verhalten, verhält, verhielt, hat verhalten|Er verhält sich gut.|to behave, act
663|adv|mindestens|Das dauert mindestens eine Stunde.|at least
668|adv|jeweils|Jeweils am Morgen lese ich die Nachrichten.|each, each time
673|das|das Tier|Das Tier ist süß.|animal
675|part|am|Am besten ist es jetzt.|the (+superlative)
676|verb|erhöhen, erhöht, erhöhte, hat erhöht|Er erhöht den Preis um 10 Prozent.|to raise, increase
695|verb|trinken, trinkt, trank, hat getrunken|Ich trinke jeden Morgen Wasser.|to drink
774|die|die Mitte|Die Mitte des Raumes ist frei.|middle
776|prep|aufgrund|Aufgrund des Wetters wurde das Spiel abgesagt.|on the basis of, because of
809|adj|wirtschaftlich|Die wirtschaftliche Lage ist angespannt.|economic, financial
825|adj|chemisch|Die chemische Reaktion verläuft schnell.|chemical
840|das|der Alter|Das Alter ist nur eine Zahl.|age
896|adv|rechts|Das Auto steht rechts auf der Straße.|on/to the right
899|das|das Russisch|Ich spreche fließend Russisch.|Russian
902|das|das Feld|Das Feld ist groß und weit.|field
939|adj|linke (r, s)|Die linke Hand hebt sich.|left
945|adv|danke|Danke für alles.|thanks
951|adj|ehemalig|Mein ehemaliger Lehrer war sehr nett.|former
958|adj|künftig|Die künftige Entwicklung wird spannend.|future
978|pron|wieso|Wieso fragst du?|why
986|die|die Nähe|Die Nähe zum Park ist ein großer Vorteil.|vicinity, proximity
1019|die (pl)||Die Medien berichten.|media
1024|das|das Tor|Das Tor ist offen, aber niemand geht durch.|gate, goal
1028|verb|eignen (sich), eignet, eignete, hat geeignet|Das Buch eignet sich für Anfänger.|to be suitable
1053|das|das Protein|Protein ist wichtig für den Körper.|protein
1054|der|der Gewinn|Der Gewinn des Unternehmens ist hoch.|profit
1061|part|ruhig|Du kannst ruhig fragen, wenn du etwas nicht verstehst.|freely
1080|der|der Westen, West-|Der Westen Deutschlands ist grün.|west
1090|die|das Grüne|Das Grüne ist beruhigend.|the Greens
1124|der|der Januar|Der Januar ist kalt.|January
1127|adj|jeweilig|Die jeweilige Situation erfordert Geduld.|particular, respective
1130|adj|vollständig|Das Buch ist vollständig und umfasst alle Kapitel.|complete
1148|adj|heutig|Das heutige Wetter ist angenehm.|present-day, today’s
1153|prep|per|Die Kosten betragen 10 Euro per Meter.|by, per
1155|adv|her|Vor einem Jahr kam ich nach Deutschland.|from sth, ago, as far as . . . is concerned
1162|adj|elektrisch|Das Auto ist elektrisch betrieben.|electric
1164|der|der Beitrag|Sein Beitrag zum Projekt war wichtig.|contribution
1182|das|das Gebiet|Das Gebiet ist groß und umfasst viele Wälder.|region, area, territory
1189|der, das|der Grad|Der Temperaturgrad ist hoch.|degree
1190|pron|irgendein|Hast du irgendein Problem?|some, any
1192|pron|irgendetwas, irgendwas|Hast du irgendwas gesagt?|something, anything
1207|verb|töten, tötet, tötete, hat getötet|Er tötet die Zeit, während er auf den Bus wartet.|to kill
1226|die|die Generation|Die neue Generation wächst mit Technologie auf.|generation
1227|adj|chinesisch|Das Essen ist chinesisch gewürzt.|Chinese
1228|das|das Chinesisch|Er lernt Chinesisch in der Schule.|Chinese
1237|das|das Papier|Das Papier ist weiß und glatt.|paper
1239|prep|angesichts|Angesichts der Lage handeln wir vorsichtig.|in view of
1240|adj|leise|Der Raum ist leise und still.|quiet, soft
1245|adv|erstmals|Er ist erstmals hier.|for the first time
1253|adj|obere (r, s)|Die obere Etage ist gesperrt.|upper
1257|adj|mittlere (r, s)|Die mittlere Größe passt am besten.|middle, average
1264|adj|berliner|Die Berliner Mauer war ein Symbol der Teilung.|(of) Berlin
1284|adj|geboren|Sie ist eine geborene Musikerin.|born
1286|verb|zwingen, zwingt, zwang, hat gezwungen|Er zwingt ihn, das Zimmer zu verlassen.|to force
1287|das|das Bier|Das Bier ist kalt und erfrischend.|beer
1299|verb|angehen, geht an, ging an, ist angegangen|Das geht dich nichts an.|to concern, go on
1302|verb|auftauchen, taucht auf, tauchte auf, ist aufgetaucht|Ein Problem tauchte plötzlich auf.|to surface, appear
1316|part|äh|Äh, ich weiß nicht.|um
1323|das|das Teilchen|Ein Teilchen bewegt sich schnell.|particle
1348|adj|Schweizer|Der Käse ist Schweizer Käse.|Swiss
1362|adj|außen|Er bleibt draußen.|outside
1374|adv|leid|Ich bin des Wartens leid.|(be) tired (of)
1381|der|der Milliliter, ml|Das Glas fasst hundert Milliliter.|milliliter
1389|adv|vielmehr|Das Buch war vielmehr spannend und lehrreich als langweilig.|rather
1390|verb|konzentrieren, konzentriert, konzentrierte, hat konzentriert|Ich kann mich nicht konzentrieren.|to concentrate
1393|die|die See|Die See ist ruhig heute.|sea
1400|der, die|die Jugendliche|Die Jugendliche liest ein Buch.|adolescent
1409|die|die Basis|Die Basis des Erfolgs ist harte Arbeit.|basis
1417|verb|ankündigen, kündigt an, kündigte an, hat angekündigt|Er kündigte seinen Besuch für morgen an.|to announce
1424|die|die DDR (Deutsche Demokratische Republik)|Die DDR existiert seit 1990 nicht mehr.|DDR
1427|der, die|die Abgeordnete|Die Abgeordnete spricht im Parlament.|member of parliament, congress
1431|der|der Bezug|Er nimmt Bezug auf das Buch, das er gelesen hat.|reference, cover
1433|der|der Stand|Der Stand der Dinge ist kritisch.|stand, stage
1436|der|der Club|Der Club hat viele Mitglieder.|club
1439|der|der Anschlag|Der Anschlag war verheerend, sagte die Polizei.|attack
1459|adj|bayrisch|Das Essen ist bayerisch.|Bavarian
1469|das|das Amt|Er arbeitet im Finanzamt.|office, department, function
1471|verb|vermitteln, vermittelt, vermittelte, hat vermittelt|Er vermittelt den Vertrag zwischen den Parteien.|to convey, mediate, find, procure
1488|adv|mitten|Mitten im Raum steht ein Tisch.|in the middle
1489|prep|zufolge|Dem Bericht zufolge stiegen die Zahlen.|according to
1500|adj|froh|Ich bin froh, dass du hier bist.|happy, glad
1505|adj|zuständig|Er ist zuständig für die Organisation.|appropriate, responsible
1523|das|das Sommersemester|Das Sommersemester beginnt im April.|summer semester
1529|verb|veröffentlichen, veröffentlicht, veröffentlichte, hat veröffentlicht|Das Buch wurde letztes Jahr veröffentlicht.|to publish
1533|die|die Praxis|Die Praxis ist modern ausgestattet.|practice, doctor’s office
1537|verb|übertragen|Die Daten werden in Echtzeit übertragen.|to transfer
1548|adv|vorbei|Die Zeit der Prüfungen ist vorbei.|past, over
1570|verb|verfügen, verfügt, verfügte, hat verfügt|Er verfügt über umfangreiche Ressourcen.|to have sth at one’s disposal, be in charge
1573|der|der Konzern|Der Konzern expandiert weltweit.|corporation
1576|adj|spezifisch|Das ist eine sehr spezifische Frage.|specific
1578|die|die Kamera|Die Kamera ist teuer, aber gut.|camera
1597|adv|dahin|Das Auto fährt dahin, wo die Straße endet.|there
1613|die|die VWL (Volkswirtschaftslehre)|VWL ist ein interessantes Fach, weil es Wirtschaft und Gesellschaft verbindet.|economics
1618|die|die Mark|Die Mark war einst die Währung Deutschlands.|Deutschmark
1638|das|das Lager|Das Lager ist voll mit Waren.|camp, storeroom
1647|adj|reich|Er ist reich an Erfahrung.|rich, abundant
1675|die|die Scheiße|Das ist totale Scheiße!|crap, shit
1703|der|der Leiter|Der Leiter ist verantwortlich für das Projekt.|leader
1704|die|die Leiter|Die Leiter ist lang und stabil.|ladder
1715|adv|einerseits|Einerseits bin ich müde, andererseits bin ich glücklich.|on the one hand
1721|verb|packen, packt, packte, hat gepackt|Er packt seinen Koffer für die Reise.|to pack, grab
1724|verb|anwenden, wendet an, wandte an, hat angewandt|Er wendet die Technik erfolgreich an.|to apply, employ
1737|das|das Reich|Das Reich der Tiere ist vielfältig.|empire, kingdom
1762|num||Er hat null Punkte erreicht.|zero
1779|der|der Verlauf|Der Verlauf der Krankheit war besorgniserregend.|course
1791|der|der Alltag|Der Alltag ist stressig wegen der Arbeit.|workday, daily routine, everyday life
1798|verb|bedingen, bedingt, bedingte, hat bedingt|Das Problem bedingt eine rasche Lösung.|to cause
1813|das|das Fach|Das Fach Mathematik ist schwer.|compartment, subject
1816|die|die Nation|Die Nation ist groß und vielfältig.|nation
1839|die|die Stufe|Die Stufe ist hoch, sei vorsichtig.|step, level
1841|adj|primär|Das ist primär ein finanzielles Problem.|primary
1871|die|die Variable|Die Variable ändert sich je nach Bedingung.|variable
1876|das|das Volumen|Das Volumen des Raumes ist beeindruckend.|volume, total amount
1911|adj|seltsam|Das erzählt des Tieres ist seltsam.|strange, peculiar
1921|adj|-jährig|Er ist ein zwanzigjähriger Mann.|years (old)
1928|adv|etc.|Bring Getränke, Snacks etc.|etc.
1931|verb|erweitern, erweitert, erweiterte, hat erweitert|Das Unternehmen erweitert seine Produktpalette.|to widen, expand
1973|die|die Ansicht|Das ist meine persönliche Ansicht.|opinion, view
1974|die|die AG (Aktiengesellschaft)|Die AG ist erfolgreich im internationalen Markt.|incorporated company, inc.
1993|pron|irgendwelche (r, s)|Hast du irgendwelche Fragen?|some, any
2001|adj|spanisch|Sie trinkt spanischen Wein.|Spanish
2005|verb|vorhaben, hat vor, hatte vor, hat vorgehabt|Wir haben viel für das Wochenende vor.|to have in mind, be planning, intend
2023|das|das Gewicht|Das Gewicht des Pakets ist hoch.|weight
2027|verb|versorgen, versorgt, versorgte, hat versorgt|Er versorgt die Familie mit allem, was sie braucht.|to supply, provide, look after
2037|prep|mittels|Mittels eines Tricks gelang es ihm, das Rätsel zu lösen.|by means of
2081|die|die Dimension|Die Dimension des Problems ist enorm.|dimension
2086|adj|Wiener|Der Kaffee ist nach Wiener Art zubereitet.|Viennese
2090|das|das Afghanistan|Afghanistan hat eine reiche Kulturgeschichte.|Afghanistan
2092|verb|absehen, sieht ab, sah ab, hat abgesehen|Es ist nicht abzusehen, wann das enden wird.|to foresee, be in sight
2115|das|das Israel|Israel liegt im Nahen Osten.|Israel
2161|die|die Saga|Die Saga erzählt von mutigen Helden.|saga
2168|die|die Stiftung|Die Stiftung ist gemeinnützig und unterstützt viele Projekte.|foundation, institute, donation
2184|der|der Graf|Der Graf lebt auf einem großen Anwesen.|count, earl
2187|adj|optisch|Die optische Täuschung war beeindruckend.|optical, visual
2203|die|die Leber|Die Leber ist ein lebenswichtiges Organ.|liver
2205|verb|aufheben, hebt auf, hob auf, hat aufgehoben|Er hebt das Buch vom Boden auf.|to pick up, keep, lift
2207|adj|heilig|Das ist ein heiliger Ort für viele Gläubige.|holy
2239|die|die Hose|Die Hose ist blau und bequem.|trousers, pants
2241|verb|ansetzen, setzt an, setzte an, hat angesetzt|Er setzt den Termin für nächste Woche an.|to position, estimate, fix
2245|verb|beruhen, beruht, beruhte, hat beruht|Das beruht auf Fakten.|to be based
2249|adv|innen|Das Licht ist innen im Raum.|inside
2256|die, das|die E-Mail|Die E-Mail kam an.|e-mail
2259|die|die Oma|Meine Oma ist nett.|grandma
2274|adv|daraufhin|Er entschied sich daraufhin zu gehen.|as a result
2281|der|der Schlüssel|Der Schlüssel passt ins Schloss.|key
2282|verb|deuten, deutet, deutete, hat gedeutet|Er deutet auf das Bild an der Wand.|to point, indicate, interpret
2283|adj|glatt|Die Straße ist glatt und gefährlich.|smooth, slippery
2312|der|der Witz|Der Witz, den er erzählte, war lustig.|joke
2356|die|die Identität|Seine Identität bleibt unbekannt.|identity
2357|der|der Stock|Das Büro ist im dritten Stockwerk.|stick, floor
2361|die|die Tiefe|Die Tiefe des Sees ist erstaunlich, besonders im Winter.|depth
2379|adv|versus|Es ist Team A versus Team B.|versus
2395|der|der Einwohner|Der Einwohner der Stadt ist zufrieden.|inhabitant
2410|die|die Vielfalt|Die biologische Vielfalt der Tiere in diesem Regenwald ist erstaunlich.|diversity, variety
2412|verb|flüstern, flüstert, flüsterte, hat geflüstert|Sie flüstert ihm ein Geheimnis ins Ohr.|to whisper
2413|adv|geradezu|Das war geradezu genial!|downright
2439|verb|aufwachsen, wächst auf, wuchs auf, ist aufgewachsen|Er ist in einer kleinen Stadt aufgewachsen.|to grow up
2451|adv|ebenda|Das Zitat stammt ebenda aus dem Buch.|ibidem, at the same place
2453|der, die|die Erwachsene|Die Erwachsenen sind verantwortlich.|adult, grown-up
2467|verb|vorlegen, legt vor, legte vor, hat vorgelegt|Er zeigt die Dokumente vor.|to present, provide, produce
2497|das|das Gold|Das Gold glänzt im Sonnenlicht.|gold
2498|adj|umstritten|Das Thema ist in der wissenschaftlichen Gemeinschaft umstritten.|disputed
2515|das|das Plus|Ein Plus des Jobs ist das hohe Gehalt.|plus
2520|verb|ausziehen, zieht aus, zog aus, ist ausgezogen|Er zog aus dem Haus seiner Eltern aus.|to move out, take off (clothes)
2529|das|das Geschlecht|Das Geschlecht des Babys ist weiblich.|sex, gender
2531|die|die Aussicht|Die Aussicht auf die Berge ist herrlich.|prospect, view
2535|die|die Base|Die Base reagiert mit der Säure in der Lösung.|base, alkali
2540|die|die Ehre|Er verteidigt seine Ehre.|honor
2546|der|der Schuss|Ein Schuss fiel in der Stille der Nacht.|shot
2555|adj|olympisch|Die Olympischen Spiele sind beeindruckend.|Olympic
2556|adj|verdammt|Das war verdammt schwer!|damned
2561|verb|umbringen, bringt um, brachte um, hat umgebracht|Er brachte sie aus Eifersucht um.|to kill
2566|pron|worauf|Worauf basiert diese Annahme genau?|on what, to what
2574|adj|Frankfurter|Der Frankfurter Flughafen ist riesig.|Frankfurt
2582|adj|räumlich|Die räumliche Gestaltung des Raumes ist schön.|three-dimensional, spatial
2587|verb|vergeben|Der Preis wurde für herausragende Leistungen vergeben.|to award, allocate, give away
2603|prep|jenseits|Jenseits des Flusses liegt ein kleines Dorf.|beyond
2604|verb|unterliegen, unterliegt, unterlag, hat unterlegen|Er unterliegt im Wettkampf.|to be defeated, be subject
2606|adj|willkommen|Du bist hier immer willkommen.|welcome
2617|verb|bedrohen, bedroht, bedrohte, hat bedroht|Die Situation bedroht uns alle durch die steigenden Spannungen.|to threaten
2625|adj|scheinbar|Das ist nur scheinbar so, es gibt mehr dahinter.|apparent
2641|der|der Kredit|Ich brauche einen Kredit für das neue Auto.|loan, credit
2642|das|das Wohnzimmer|Das Wohnzimmer ist gemütlich und einladend.|living room
2644|die|die Leitung|Die Leitung des Unternehmens hat gewechselt.|management, leadership
2645|verb|strahlen, strahlt, strahlte, hat gestrahlt|Die Sonne strahlt hell am Himmel.|to shine
2652|der|der Sportler|Der Sportler trainiert hart für den Marathon.|athlete
2660|der|der Kommentar|Der Kommentar des Experten war hilfreich.|comment, opinion
2662|das|das Radio|Das Radio ist laut und stört die Nachbarn.|radio
2666|verb|ansteigen, steigt an, stieg an, ist angestiegen|Die Preise steigen wegen der Inflation an.|to rise, go up
2667|die|die Rückkehr|Die Rückkehr der Soldaten war erfreulich.|return
2691|verb|bereiten, bereitet, bereitete, hat bereitet|Der Unfall hat großen Schaden bereitet.|to make, cause, give
2692|die|die Entstehung|Die Entstehung des Universums ist ein Rätsel.|origin
2700|adj|erkennbar|Das Bild ist kaum erkennbar.|recognizable, apparent, visible
2712|der, die|die Erste|Die Erste, die das Ziel erreicht, gewinnt.|first
2722|verb|beschleunigen, beschleunigt, beschleunigte, hat beschleunigt|Das Auto beschleunigt schnell auf der Autobahn.|to accelerate
2727|der|der Protest|Der Protest gegen die neuen Gesetze war friedlich.|protest
2728|die|die Tour|Die Tour durch die Stadt war aufregend.|tour, trip
2735|der|der Außenminister|Der Außenminister reiste ab, um an der Konferenz teilzunehmen.|foreign minister
2740|der, die, das|die Alte|Die Alte ging spazieren.|old person/thing
2750|verb|zögern, zögert, zögerte, hat gezögert|Er zögerte mit der Antwort, weil er unsicher war.|to hesitate
2751|adv|derart|Es ist derart geschehen, wie wir es besprochen haben.|so
2753|verb|einziehen, zieht ein, zog ein, hat eingezogen|Wir ziehen nächste Woche in die neue Wohnung ein.|to move in
2758|der|der Atem|Mir stockte der Atem.|breath
2777|verb|abbilden, bildet ab, bildete ab, hat abgebildet|Das Buch bildet die Realität der Gesellschaft ab.|to copy, portray
2781|adv|teils|Er war teils begeistert, teils enttäuscht.|partly
2786|verb|hinausgehen, geht hinaus, ging hinaus, ist hinausgegangen|Wir gehen hinaus in den Garten.|to go out, exceed
2790|adj|bürgerlich|Das ist ein bürgerliches Recht in einer Demokratie.|civil, civic
2800|der, die|die Beschäftigte|Die Beschäftigten arbeiten hart.|employee
2805|die|die Dichte|Die Dichte des Materials ist hoch, was seine Festigkeit erhöht.|density
2821|die|die Opposition|Die Opposition protestiert gegen die neuen Maßnahmen.|opposition
2828|die|die Adresse|Ich brauche deine Adresse für die Einladung.|address
2833|das|das Niederländisch|Niederländisch ist leicht zu lernen.|Dutch
2841|adj|heimisch|Sie sollten sich hier heimisch fühlen.|indigenous, native, at home
2844|der|der Bildschirm|Der Bildschirm ist groß und klar.|screen, monitor
2851|die|die Beteiligung|Die Beteiligung der Bürger war groß.|participation
2854|die|die Hut|Er steht auf der Hut vor Gefahren.|guard, alert
2915|die|die Aufklärung|Die Aufklärung des Falls war notwendig.|enlightenment, solution
2917|adj|denkbar|Das ist denkbar, aber unwahrscheinlich.|conceivable
2921|die|die Schönheit|Die Schönheit der Natur im Frühling ist überwältigend.|beauty
2925|pron|dazwischen|Er steht dazwischen, unsicher, welcher Weg der richtige ist.|in between, between (them), among (them)
2927|das|das Tibet|Tibet liegt in Asien.|Tibet
2935|die|die Truppe|Die Truppe marschiert durch die Stadt.|troops, unit
2944|die|die Kasse|Die Kasse im Geschäft ist leer.|cash register, checkout
2945|die (pl)||Er hat viele Schulden.|debt
2954|die|die Zunge|Die Zunge des Kindes ist rosa.|tongue
2997|pron|wodurch|Wodurch ist das passiert?|how, which
3000|verb|verdanken, verdankt, verdankte, hat verdankt|Ich verdanke ihm viel.|to owe, have sb to thank for sth
3011|adj|konsequent|Das ist konsequent gehandelt.|consistent
3014|der|der Gehalt|Der Gehalt des Buches ist tiefgründig.|meaning, contents
3020|adv|extra|Er hat es extra für mich gemacht.|separately, extra
3041|der|der Nationalsozialist|Der Nationalsozialist hielt eine Rede.|National Socialist, Nazi
3043|das|das Zitat|Das Zitat von Goethe ist bekannt.|quotation, quote
3059|die|die Anerkennung|Die Anerkennung seiner Arbeit war groß.|recognition
3066|das, die (pl)|das Weihnachten|Weihnachten ist bald.|Christmas
3080|adj|zugehörig|Das ist der zugehörige Schlüssel.|belonging, corresponding
3087|adj|permanent|Das Problem ist permanent.|permanent
3106|adj|kinetisch|Kinetische Energie beeinflusst die Bewegung.|kinetic
3115|adj|langweilig|Dieses Buch ist sehr langweilig.|boring
3123|die|die Linke|Die Linke hat die Wahl gewonnen.|left-wing party, Left Party
3127|adj|einig|Wir sind uns einig.|agreed
3132|der|der Österreicher|Der Österreicher spricht Deutsch und Englisch.|Austrian
3140|das|das Eisen|Das Eisen ist schwer und rostig.|iron
3142|die|die Besonderheit|Die Besonderheit dieser Stadt ist ihre Architektur.|idiosyncracy, (special) feature, unique characteristic
3146|adj|cool|Diese Idee ist cool.|cool
3150|der|der Irak|Irak liegt im Nahen Osten.|Iraq
3151|adj|virtuell|Die virtuelle Realität wird immer realistischer.|virtual
3159|der|der Besitz|Der Besitz des Hauses ist umstritten.|property, possession
3161|der|der Gläubiger|Der Gläubiger wartet auf die Rückzahlung.|creditor, believer
3168|adj|effizient|Die Methode zur Datenauswertung ist effizient.|efficient
3175|verb|angucken, guckt an, guckte an, hat angeguckt (ankucken)|Er guckt den Film an.|to look
3179|verb|isolieren, isoliert, isolierte, hat isoliert|Der Ingenieur isoliert die Wand gegen Lärm.|to isolate, insulate
3180|der|der Mörder|Der Mörder wurde von der Polizei gefasst.|murderer
3183|adj|problematisch|Das Problem ist komplex.|problematic
3198|adv|hinweg|Er ist schon darüber hinweg.|(be) over, for (many years)
3205|interj|ha|Ha, das ist wirklich lustig!|ha
3218|adj|intelligent|Der Schüler ist intelligent und kreativ.|intelligent
3222|der|der Suizid|Der Suizid des Patienten war tragisch.|suicide
3234|verb|aussuchen, sucht aus, suchte aus, hat ausgesucht|Er sucht das beste Angebot aus.|to choose
3252|verb|strecken, streckt, streckte, hat gestreckt|Er streckt die Arme in die Luft.|to stretch
3255|die|die Ferne|Die Ferne des Horizonts ist faszinierend.|distance
3260|adj|neutral|Das politische System ist neutral.|neutral
3266|verb|umwandeln, wandelt um, wandelte um, hat umgewandelt|Der Prozess wandelt die Energie um.|to convert, change
3276|das|das Regal|Das Regal ist voll mit Büchern.|shelf
3277|der|der Rucksack|Er trägt einen schweren Rucksack.|rucksack, backpack
3288|die|die Fettsäure|Die Fettsäure Omega-3 ist gesund.|fatty acid
3297|adj|radioaktiv|Das radioaktive Material ist gefährlich.|radioactive
3299|das|das Wiedersehen|Es war ein emotionales Wiedersehen.|reunion
3301|das|das Datum|Das Datum auf dem Dokument ist falsch.|date
3302|der|der Kellner|Der Kellner bringt das Essen zur Bestellung.|waiter, waitress
3304|verb|unterbringen, bringt unter, brachte unter, hat untergebracht|Wir müssen die Gäste unterbringen.|to put (up), accommodate
3305|verb|vermögen, vermag, vermochte, hat vermocht|Er vermag es zu tun, obwohl es schwierig ist.|to be capable
3306|adj|fröhlich|Er ist immer fröhlich, egal was passiert.|cheerful
3315|die|die Route|Die Route für die Wanderung ist geplant.|route
3319|die|die Bundeswehr|Die Bundeswehr ist stark, aber umstritten.|Armed Forces
3321|adj|mechanisch|Das Gerät arbeitet mechanisch, ohne Elektronik.|mechanical
3336|das|das Polnisch|Polnisch ist eine schöne Sprache.|Polish
3344|das|das Norwegen|Norwegen ist schön.|Norway
3360|adj|indisch|Sie trägt ein traditionell indisches Kleid.|Indian
3361|das|das Hindi|Viele Menschen in Indien sprechen Hindi.|Indian language
3364|die|die Einsicht|Das ist meine Einsicht in die Situation.|view, insight
3365|das|das Fräulein|Das Fräulein wurde höflich angesprochen.|young lady, miss
3378|interj|tja|Tja, so ist das Leben.|well
3411|die|die Reihenfolge|Die Reihenfolge der Schritte ist wichtig.|order
3421|die|die Begeisterung|Ihre Begeisterung für das Projekt ist ansteckend.|enthusiasm
3422|adj|fix|Das Problem wurde fix gelöst.|quick, fixed
3430|das|das Asien|Asien ist vielfältig, mit vielen Kulturen und Sprachen.|Asia
3431|verb|einlassen, lässt ein, ließ ein, hat eingelassen|Er lässt ihn ins Haus ein.|to let in, get involved
3434|die|die Abschreibung|Die Abschreibung für das Gebäude ist hoch.|deduction, depreciation
3436|adj|ästhetisch|Das Gebäude ist ästhetisch ansprechend.|aesthetic
3437|verb|einschalten, schaltet ein, schaltete ein, hat eingeschaltet|Er schaltet das Licht im Flur ein.|to switch on
3441|verb|übergeben, übergibt, übergab, hat übergeben|Er übergibt das Paket an den Empfänger.|to hand over, transfer
3443|verb|buchen|Wir buchen das Hotel für unseren Urlaub.|to book
3466|das|der Schild|Das Schild an der Tür ist groß.|sign, shield, tag
3467|die|die Show|Die Show im Fernsehen war fantastisch.|show
3475|der|der Teufel|Der Teufel in der Geschichte ist böse.|devil
3502|prep|inklusive|Das Paket ist inklusive Steuern und Versand.|including
3505|verb|zustehen, steht zu, stand zu, hat zugestanden|Das Recht auf Bildung steht dir zu.|to be entitled
3518|der|der Premierminister|Der Premierminister spricht im Fernsehen.|prime minister
3522|der|der Christ|Der Christ betet in der Kirche.|Christian
3523|interj|hi|Hi, wie geht’s?|hi
3528|die|die Haustür|Die Haustür ist offen, weil wir Besuch erwarten.|front door
3532|verb|locken, lockt, lockte, hat gelockt|Das Angebot lockt viele Kunden mit Rabatten.|to lure, tempt
3535|prep|samt|Er kam samt Familie zur Feier.|together with, along with
3543|die|die Vorsicht|Vorsicht ist geboten, wenn man die Straße überquert.|caution
3545|der|der Bezirk|Der Bezirk in der Stadt ist groß.|district
3546|der|der Bogen|Der Bogen ist gut gebogen.|bow, arc, sheet
3547|die|die Entdeckung|Die Entdeckung des neuen Planeten war spannend.|discovery
3548|die (pl)||Die Ferien sind vorbei.|school break, vacation
3549|der|der General|Der General gibt seinen Soldaten Befehle.|general
3551|verb|scheiden, scheidet, schied, hat geschieden|Sie haben sich nach zehn Jahren Ehe scheiden lassen.|to separate, divorce
3556|verb|beibringen, bringt bei, brachte bei, hat beigebracht|Er bringt den Kindern Englisch bei, indem er Spiele nutzt.|to teach
3557|verb|bevorstehen, steht bevor, stand bevor, hat bevorgestanden|Eine Prüfung steht bevor.|to lie ahead, be imminent
3561|adv|hinterher|Er kam hinterher und erklärte sich.|after, afterwards
3569|adj|reell|Die Gefahr ist reell, auch wenn sie gering erscheint.|real
3570|verb|reiten, reitet, ritt, ist geritten|Er reitet gerne durch den Wald.|to ride
3574|das|das Kloster|Das Kloster ist alt und historisch bedeutend.|monastery, convent
3582|der|der Grieche|Der Grieche lebt hier und arbeitet als Lehrer.|Greek
3584|verb|konfrontieren, konfrontiert, konfrontierte, hat konfrontiert|Er wurde mit harten Vorwürfen konfrontiert.|to confront
3585|der|der Sex|In dem Vortrag ging es um Sex und Gesundheit.|sex
3594|der|der Bär|Der Bär im Zoo ist groß.|bear
3595|adv|hinzu|Er kam zur Gruppe hinzu.|in addition
3597|das|das Menschenrecht|Das Menschenrecht auf Freiheit ist wichtig.|human right
3600|der|der Wahnsinn|Der Wahnsinn der Situation macht mich sprachlos.|madness, insanity, lunacy
3603|der|der Sieger|Der Sieger des Wettbewerbs ist bekannt.|winner
3606|verb|anfühlen, fühlt an, fühlte an, hat angefühlt|Das Kissen fühlt sich weich an.|to feel
3607|adj|düster|Der Himmel ist düster und voller Regenwolken.|gloomy
3609|der|der Kompromiss|Der Kompromiss in den Verhandlungen war nötig.|compromise
3613|der|der Vorhang|Der Vorhang ist zugezogen, um das Licht abzuhalten.|curtain
3620|verb|vorbeigehen, geht vorbei, ging vorbei, ist vorbeigegangen|Er ging am Haus seiner Kindheit vorbei.|to go past, pass
3624|das|das Maximum|Das ist das Maximum, das wir erreichen können.|maximum
3626|adv|oftmals|Er kommt oftmals zu spät.|frequently
3631|verb|bergen, birgt, barg, hat geborgen|Er birgt das Geheimnis seines Erfolgs.|to rescue, hide
3633|der|der Nebel|Der Nebel am Morgen ist dicht.|fog
3634|der|der Terroranschlag|Der Terroranschlag auf die Stadt war verheerend.|terrorist attack
3642|adj|hässlich|Das Bild von der Landschaft ist hässlich.|ugly
3648|verb|zurücktreten, tritt zurück, trat zurück, ist zurückgetreten|Der Minister tritt wegen eines Skandals zurück.|to step back, resign
3650|verb|einschlagen, schlägt ein, schlug ein, hat eingeschlagen|Er schlug den Nagel in die Wand ein.|to hammer in, smash, take
3653|adj|akademisch|Die akademische Arbeit wurde veröffentlicht.|academic
3654|adj|aufwendig|Das Kleid war aufwendig gestaltet.|extravagant, costly
3662|verb|hocken, hockt, hockte, hat gehockt|Er hockt im Garten und beobachtet die Vögel.|to squat, crouch
3663|das|das Informationssystem|Das Informationssystem ist modern und effizient.|information system
3664|adj|liberal|Die Partei ist politisch liberal.|liberal
3665|adj|musikalisch|Die Band ist musikalisch talentiert, besonders im Gesang.|musical
3667|die|die Provinz|Die Provinz in Italien ist klein und ruhig.|province
3668|die|die Trauer|Die Trauer nach dem Verlust war groß.|grief
3672|das|das Sofa|Das Sofa im Wohnzimmer ist bequem.|sofa, couch
3676|das|das Huhn|Das Huhn legt jeden Tag Eier.|hen, chicken
3684|verb|ausweichen, weicht aus, wich aus, ist ausgewichen|Das Auto wich dem Hindernis auf der Straße aus.|to make way, evade, avoid
3685|das|das Paket|Das Paket ist angekommen und steht im Flur.|parcel, package
3686|verb|putzen, putzt, putzte, hat geputzt|Er putzt die Fenster, um sie sauber zu halten.|to clean
3692|verb|erregen, erregt, erregte, hat erregt|Das Geräusch erregte die Aufmerksamkeit der Gäste.|to arouse, attract, excite
3698|adj|operativ|Die operativen Maßnahmen waren erfolgreich.|operative
3705|das|das Belgien|Belgien ist ein schönes Land.|Belgium
3706|die|die Einleitung|Die Einleitung des Romans ist spannend.|introduction
3709|das|das Möbel|Das Möbel ist antik.|(piece of) furniture
3711|adj|restlich|Die restlichen Gäste sind nun angekommen.|remaining
3713|verb|täuschen, täuscht, täuschte, hat getäuscht|Er täuschte sich in der Annahme.|to deceive, be mistaken
3716|die|die Architektur|Die Architektur ist faszinierend.|architecture
3717|die|die Biologie|Die Biologie ist interessant.|biology
3719|adv|irgend|Er fragt irgendjemanden nach dem Weg.|some
3720|der|der Kreislauf|Der Kreislauf des Blutes ist stabil.|circulation
3728|verb|weichen, weicht, wich, ist gewichen|Das Brot weicht in der Suppe.|to soak, give way, yield
3729|adj|akut|Der Schmerz ist akut und unerträglich.|acute, urgent
3730|das|das Album|Das neue Musikalbum ist erschienen.|album
3732|die|die Justiz|Die Justiz arbeitet hart an der Aufklärung des Falls.|judiciary
3733|verb|zusammenkommen, kommt zusammen, kam zusammen, ist zusammengekommen|Die Freunde kommen zum Feiern zusammen.|to meet, come together
3736|der|der Flügel|Der Vogel hat sich einen Flügel gebrochen.|wing
3737|der|der Teppich|Der handgeknüpfte Teppich ist teuer.|carpet
3739|verb|werten, wertet, wertete, hat gewertet|Das Buch wurde positiv bewertet.|to rate, judge
3742|das|das Ägypten|Ägypten hat eine reiche Geschichte.|Egypt
3747|verb|tauschen, tauscht, tauschte, hat getauscht|Sie tauschten die Plätze.|to exchange, change, swap, switch
3755|verb|weggehen, geht weg, ging weg, ist weggegangen|Er ist in die Stadt weggegangen.|to leave, go away
3758|adj|israelisch|Das israelische Produkt ist hochwertig.|Israeli
3759|der|der Nachweis|Der wissenschaftliche Nachweis ist erbracht.|proof, evidence, certificate
3764|verb|kippen, kippt, kippte, hat gekippt|Der Stuhl kippte plötzlich um.|to tilt, overbalance
3773|das|das Schaf|Das weiße Schaf grast auf der Wiese.|sheep
3782|das|das Adjektiv|Das Adjektiv in diesem Satz ist klar.|adjective
3797|das|das Schema|Das Schema für die Datenbank ist komplex.|scheme
3802|adj|reichlich|Das reichliche Essen reicht für alle.|plenty, generous
3811|die|die Innenstadt|Die Innenstadt von Berlin ist belebt.|town center, downtown
3814|verb|siegen, siegt, siegte, hat gesiegt|Das Team siegt regelmäßig.|to win, triumph
3815|die|die Stichprobe|Die Stichprobe der Umfrage war klein.|sample
3831|verb|zutrauen, traut zu, traute zu, hat zugetraut|Er traut es sich zu, das Projekt zu leiten.|to dare to do sth
3834|adj|bescheiden|Er ist bescheiden, obwohl er viel erreicht hat.|modest
3835|verb|entfallen, entfällt, entfiel, ist entfallen|Der Termin entfällt heute wegen Krankheit.|to slip (sb’s mind), be dropped
3841|num|achtzehn|Die Schülerin ist achtzehn Jahre alt.|eighteen
3842|das|das Chaos|Das Chaos im Büro ist komplett.|chaos
3843|die|die Krone|Die Krone des Königs ist aus Gold.|crown
3846|der|der Schluck|Er trank einen großen Schluck Wasser.|sip
3851|verb|aufreißen, reißt auf, riss auf, hat aufgerissen|Er reißt den Brief schnell auf.|to tear open
3853|verb|hinzukommen, kommt hinzu, kam hinzu, ist hinzugekommen|Ein weiteres Problem kam hinzu.|to be added, join
3854|adj|prinzipiell|Das prinzipielle Problem wurde gelöst.|in principle
3858|verb|vernachlässigen, vernachlässigt, vernachlässigte, hat vernachlässigt|Er vernachlässigt seine Arbeit, was zu Fehlern führt.|to neglect
3864|das|das Hessisch|Er versteht den hessischen Dialekt, spricht ihn aber nicht.|Hessian
3871|adj|detailliert|Der Bericht über das Projekt ist detailliert.|detailed
3878|verb|erhoffen, erhofft, erhoffte, hat erhofft|Wir erhoffen uns Erfolg bei dem neuen Projekt.|to expect, hope for
3882|das|das Gemälde|Das Gemälde ist schön, weil es lebendige Farben hat.|painting
3884|verb|heranziehen, zieht heran, zog heran, hat herangezogen|Der Lehrer wird für den Unterricht herangezogen.|to consult, draw near
3891|verb|annähern, nähert an, näherte an, hat angenähert|Der Zug nähert sich dem Bahnhof.|to approach
3896|verb|umsehen, sieht um, sah um, hat umgesehen|Er sieht sich im Raum um.|to look (around)
3898|verb|abziehen, zieht ab, zog ab, hat abgezogen|Der Abzug der Truppen ist abgeschlossen.|to take off, withdraw, subtract
3900|die|die Niederlande|Die Niederlande sind kulturell vielfältig.|the Netherlands
3901|verb|schwanken, schwankt, schwankte, ist geschwankt|Die Lebensmittelpreise schwanken stark.|to vary
3904|die|die Wahlperiode|Die Wahlperiode für den Bundestag dauert vier Jahre.|term
3913|adj|jetzig|Die jetzige Lage in der Firma ist schwierig.|current
3920|adj|außerordentlich|Das Ergebnis der Prüfung war außerordentlich gut.|extraordinary
3924|der|der Republikaner|Der Republikaner gewann die Präsidentschaftswahl.|Republican
3928|verb|anfallen, fällt an, fiel an, hat angefallen|Die Kosten für die Wartung fallen monatlich an.|to attack, accumulate
3931|adv|daheim|Ich bin daheim geblieben, weil ich krank bin.|at home
3941|verb|zulegen, legt zu, legte zu, hat zugelegt|Er hat wegen mangelnder Bewegung Gewicht zugelegt.|to gain, put on
3943|verb|auseinandersetzen, setzt auseinander, setzte auseinander, hat auseinandergesetzt|Er setzte sich intensiv mit dem Problem auseinander.|to deal with
3944|verb|bestrafen, bestraft, bestrafte, hat bestraft|Er wurde streng für sein Verhalten bestraft.|to punish
3952|der|der Eigentümer|Der Eigentümer verkauft sein Haus.|owner
3961|die|die Akte|Die Akte des Falls ist geschlossen.|file
3972|verb|überziehen, zieht über, zog über, hat überzogen|Er hat das Konto überzogen und muss jetzt Zinsen zahlen.|to cover, put on, overdraw
3975|der|der Spanier|Der Spanier spricht sehr schnell.|Spaniard
3976|das|das Zeitalter|Das Zeitalter der Technik hat viele Veränderungen gebracht.|age, period
3980|der|der Jurist|Der Jurist gab rechtlichen Rat.|jurist, lawyer
3985|der|der Rücktritt|Der Rücktritt des Ministers kam überraschend.|resignation, withdrawal
3986|die|die Schätzung|Die Schätzung der Kosten war korrekt.|estimate, estimation
3989|der|der Marktanteil|Der Marktanteil von Elektroautos ist gestiegen.|market share
3997|das|das Substrat|Das Substrat ist wichtig für das Wachstum der Pflanzen.|substrate
4031|die (pl)||Meine Geschwister sind nett.|siblings
4036|interj|au|Au, das tut weh!|ouch
4038|verb|beauftragen, beauftragt, beauftragte, hat beauftragt|Er wurde beauftragt, den Bericht zu schreiben.|to give sb the task of doing sth, hire (a firm)
4046|verb|scheißen, scheißt, schiss, hat geschissen|Der Hund hat im Garten gescheißt.|to shit, crap
4057|der|der Arsch|Er fiel auf den Arsch.|ass, behind
4063|adj|schwul|Er ist schwul und lebt offen mit seinem Partner.|gay
4121|adj|Kölner|Der Kölner Dom ist berühmt.|Cologne
4122|der|der Pariser|Der Pariser Bäcker ist bekannt.|Parisian, condom
4129|adj|bar|Ich bezahle die Rechnung lieber bar.|cash
4130|das|das Business|Das Business floriert.|business
4156|adv|lauter|Er hat lauter Fehler im Diktat.|nothing but, just, a lot of
4170|die (pl)||Die Taliban kontrollieren das Gebiet.|Taliban
4172|adj|ehrenamtlich|Die Arbeit im Verein ist ehrenamtlich.|honorary, voluntary
4201|die (pl)||Die Alpen sind majestätisch.|Alps
4209|adj|regelrecht|Das war regelrecht absurd.|proper, real
4210|verb|verankern, verankert, verankerte, hat verankert|Das Gesetz wurde im Grundgesetz verankert.|to anchor, enshrine
4211|der|der Zähler|Der Stromzähler ist kaputt.|counter, meter, numerator
4215|das|das Orchester|Das Orchester spielt gut.|orchestra
4216|adj|regulär|Der reguläre Plan wird befolgt.|regular, normal
4218|adj|ukrainisch|Das ukrainische Essen ist sehr würzig.|Ukrainian
4219|verb|unterdrücken, unterdrückt, unterdrückte, hat unterdrückt|Der Diktator unterdrückt das Volk brutal.|to suppress
4223|prep|einschließlich|Der Preis beträgt 50 Euro, einschließlich Steuern.|including
4224|das|das Glied|Das schmerzende Glied wurde untersucht.|limb, joint, link
4231|adv|abschließend|Abschließend möchte ich sagen, dass wir erfolgreich waren.|concluding, final
4236|adj|örtlich|Die Hilfe war örtlich begrenzt.|local
4243|adj|afrikanisch|Das afrikanische Essen ist würzig.|African
4247|die|die Moral|Die Moral der Geschichte ist klar.|moral
4256|adj|fachlich|Der Bericht ist fachlich fundiert.|specialist, technical, professional
4260|verb|spezialisieren, spezialisiert, spezialisierte, hat spezialisiert|Er spezialisiert sich auf Medizin.|to specialize
4273|adv|binnen|Binnen einer Woche erhalten Sie eine Antwort.|within
4274|adj|einstig|Sein einstiger Freund hat sich verändert.|former
4280|adj|obig|Das obige Beispiel zeigt den Fehler.|above
4296|verb|ausstehen, steht aus, stand aus, hat ausgestanden|Ich kann dieses Verhalten nicht ausstehen.|to stand, bear, be pending
4344|verb|abspielen, spielt ab, spielte ab, hat abgespielt|Er spielt das Lied ab.|to play
4364|interj|öh|Öh, was meinst du?|uh
4400|der|der Idiot|Er handelt wie ein Idiot.|idiot
4413|verb|fügen (sich), fügt, fügte, hat gefügt|Sie fügte sich ihrem Schicksal widerwillig.|to comply, defer to, resign oneself to
4435|interj|mmh|Mmh, das schmeckt gut.|mmh
4461|die|die News|Die News sind spannend.|news
4467|adj|unbewusst|Er war sich unbewusst der Gefahr.|unconscious
4469|adj|voraussichtlich|Das Ergebnis ist voraussichtlich positiv.|probable, presumable
4500|die|die Algebra|Die Algebra ist schwierig.|algebra
4506|adv|soeben|Ich habe den Unfall soeben gesehen.|just
4507|die|die Sportart|Die Sportart ist Fußball.|(type of) sport, discipline
4514|das|das Hindernis|Das Hindernis auf der Strecke ist groß.|obstacle
4528|prep|seitens|Seitens des Unternehmens wurden Maßnahmen ergriffen.|by, on the part of
4549|das|das Diagramm|Das Diagramm vergleicht die beiden Produkte.|diagram
4561|adj|derzeitig|Die derzeitige Lage ist kompliziert.|current
4576|prep|anstelle|Anstelle von Wasser gab es Saft.|instead of
4611|adj|fließend|Er spricht fließend Englisch und Spanisch.|fluent, fluid, flowing
4619|verb|läuten, läutet, läutete, hat geläutet|Die Glocke läutet feierlich in der Kirche.|to ring, toll
4679|adv|nirgends|Er wohnt nirgends, er ist obdachlos.|nowhere
4708|das|das Studio|Das Aufnahmestudio ist modern.|studio
4720|prep|willen|Er tat es des Friedens willen.|for the sake of
4721|der|der Atomkern|Der Atomkern eines Wasserstoffatoms ist klein.|(atomic) nucleus
4749|das|das Nordkorea|Nordkorea ist isoliert.|North Korea
4788|adj|optimistisch|Sie ist optimistisch in Bezug auf die Zukunft.|optimistic
4822|die|die Drohung|Die Drohung gegen ihn war ernst gemeint.|threat
4835|der|der Demonstrant|Der Demonstrant wurde bei der Kundgebung festgenommen.|demonstrator
4875|verb|einbinden, bindet ein, band ein, hat eingebunden|Sie binden das Projekt in den Plan ein.|to involve, integrate
4910|die|die Jungfrau|Sie ist eine Jungfrau im Sternzeichen.|virgin
4943|verb|verstoßen, verstößt, verstieß, hat verstoßen|Er hat gegen das Gesetz verstoßen.|to repudiate, trespass, break (the law)
4991|adj|zulässig|Das Verhalten ist nicht zulässig.|permitted, permissible, acceptable
5032|verb|langweilen, langweilt, langweilte, hat gelangweilt|Das Buch langweilte mich nach den ersten Kapiteln.|to bore
5048|das|das Attentat|Das Attentat auf den Politiker war schockierend.|assassination
5066|adj|fürchterlich|Das war eine fürchterliche Nacht wegen des Sturms.|terrible
5067|adj|norwegisch|Die norwegischen Fjorde sind wunderschön.|Norwegian
5077|der, die|die Delegierte|Eine Delegierte stellte Fragen.|delegate
5100|die|die Fassung|Die neue Fassung des Gesetzes ist fertig.|version, composure, socket
