|part_of_speech|word_de
7|art|ein|Er hat ein Buch in der Tasche gefunden.
651|adj|eng|Der Raum war so eng, dass wir kaum atmen konnten.
1827|adv|ab|Der Zug fährt in fünf Minuten ab.
3508|die|die CD|Ich habe die CD mit meiner Lieblingsmusik gefunden.
226|das|das Ende|Das Ende des Films war sehr überraschend.
265|der|der Weg|Der Weg zum Gipfel war steil und steinig.
276|adj|weit|Der Fluss ist an dieser Stelle sehr weit.
352|das|das Buch|Er hat das Buch in einem Rutsch gelesen.
507|die|die Idee|Die Idee für das Projekt kam ganz spontan.
533|adj|rot|Das Auto ist rot und glänzt in der Sonne.
563|der|der Film|Der Film war spannend bis zur letzten Minute.
694|das|das Foto|Sie hat das Foto in einem alten Album gefunden.
919|das|das Blut|Das Blut tropfte von der Wunde auf den Boden.
148|adj|hoch|Der Baum ist sehr hoch gewachsen.
264|die|die Woche|Die Woche begann mit einem sonnigen Montag.
286|der|der Doktor|Der Doktor untersucht den Patienten sehr gründlich.
347|adj|rund|Der Tisch im Esszimmer ist rund und groß.
359|die|die Form|Die Form des Gebäudes ist außergewöhnlich.
410|adj|offen|Die Tür stand weit offen, als ich ankam.
430|die|die Tür|Sie schloss die Tür leise hinter sich.
443|adj|voll|Das Glas ist bis zum Rand voll.
473|adv|oben|Das Zimmer liegt ganz oben im Haus.
488|der|der Satz|Der Satz in diesem Buch ist sehr lang.
514|die|die Kraft|Die Kraft der Maschine ist beeindruckend.
529|der|der Text|Der Text des Liedes ist sehr poetisch.
571|adj|tot|Der Baum im Garten ist leider tot.
639|das|das Gut|Das Gut des Bauern ist sehr fruchtbar.
682|der|der Arzt|Der Arzt hat mir eine Spritze gegeben.
748|adj|echt|Die Freude auf dem Gesicht des Kindes war echt.
791|adj|hart|Der Stein ist hart wie Granit.
812|das|das Haar|Das Haar des Mädchens glänzt in der Sonne.
848|die|die Erde|Die Erde war nach dem Regen feucht und dunkel.
920|das|das Meer|Das Meer war ruhig und blau.
942|adj|leer|Die Straße war nachts völlig leer.
1022|der|der Plan|Der Plan wurde im letzten Moment geändert.
1083|der|der Baum|Der Baum im Park spendet angenehmen Schatten.
1095|das|das Band|Das rote Band lag um das Geschenk gewickelt.
1355|adj|warm|Das Wasser im See ist angenehm warm.
1392|der|der See|Der See glitzert im Sonnenlicht.
1744|der|der Ton|Der Ton des Instruments war klar und sauber.
1894|das|das Dach|Das Dach des Hauses muss repariert werden.
1956|das|das Eis|Das Eis in der Waffel schmolz schnell.
2270|der|der Ruf|Der Ruf des Adlers hallte durch das Tal.
2669|die|die Bar|Wir haben uns in der neuen Bar getroffen.
3047|die|die Note|Die Note in der Prüfung war ausgezeichnet.
3307|das|das Grab|Das Grab war mit Blumen geschmückt.
3366|die|die Rose|Die Rose im Garten duftet herrlich.
4337|die|die Burg|Die Burg thront majestätisch auf dem Hügel.
4502|die|die Box|Die Box ist voller Überraschungen.
69|pron|mein|Mein Hund wartet immer vor der Tür.
71|das|das Jahr|Das Jahr verging wie im Flug.
123|adj|lang|Der Fluss ist lang und schlängelt sich durch die Stadt.
152|der|der Mann|Der Mann im Anzug war sehr freundlich.
298|der|der Grund|Der Grund für sein Verhalten ist unbekannt.
388|der|der Preis|Der Preis für das Ticket ist gestiegen.
408|adj|direkt|Der direkte Weg führt durch den Wald.
459|die (pl)||Die Berge sind von hier aus gut sichtbar.
492|das|das Licht|Das Licht im Raum war gedämpft.
503|die|die Grenze|Die Grenze zwischen den Ländern ist gut bewacht.
545|der|der Körper|Der Körper ist ein komplexes System.
567|die|die Musik|Die Musik in dem Konzert war atemberaubend.
587|der|der Tisch|Der Tisch in der Küche ist aus Holz.
594|der|der Boden|Der Boden war nass vom Regen.
613|die|die Lage|Die Lage des Hotels ist ideal.
771|das|das Modell|Das Modell des Hauses ist beeindruckend detailreich.
773|adv|unten|Unten im Keller lagert der Wein.
797|die|die Reise|Die Reise nach Paris war ein Traum.
801|die|die Reihe|Die Reihe der Stühle war ordentlich aufgestellt.
838|adj|laut|Der Lärm auf der Straße war sehr laut.
906|der|der Brief|Der Brief lag geöffnet auf dem Tisch.
924|der|der Mund|Er öffnete den Mund, um etwas zu sagen.
935|der|der Kampf|Der Kampf war hart und erbittert.
960|die|die Kirche|Die Kirche steht mitten im Dorf.
968|das|das Atom|Das Atom ist die kleinste Einheit der Materie.
997|die|die Hälfte|Die Hälfte des Kuchens war schon gegessen.
1002|der|der Berg|Der Berg erhebt sich majestätisch in den Himmel.
1060|adj|ruhig|Das Meer war heute besonders ruhig.
1146|adj|dick|Das Buch ist sehr dick und schwer.
1204|der|der Papa|Mein Papa liest mir immer eine Geschichte vor.
1249|der|der Wagen|Der Wagen steht in der Garage.
1252|die|die Tat|Die Tat wurde genau beobachtet.
1279|der|der Kern|Der Kern des Apfels ist hart.
1468|der|der Strom|Der Strom fiel für eine Stunde aus.
1644|adj|nett|Die Nachbarn sind immer sehr nett.
1652|adj|fern|Der Berg lag fern am Horizont.
1679|der|der Bau|Der Bau des Hauses dauerte ein Jahr.
1728|das|das Gerät|Das Gerät ist einfach zu bedienen.
1760|der|der Schuh|Der Schuh drückt an der Ferse.
1862|das|das Kleid|Das Kleid steht ihr wirklich gut.
1864|der|der Ball|Der Ball rollte ins Tor.
1943|das|das Loch|Das Loch im Zaun muss repariert werden.
2050|der|der Zins|Der Zins für das Darlehen ist gestiegen.
2158|die|die Kurve|Die Kurve war gefährlich scharf.
2304|der|der Flug|Der Flug nach Berlin dauert zwei Stunden.
2305|das|das Holz|Das Holz knisterte im Kamin.
2744|der|der Flur|Der Flur ist lang und dunkel.
2822|der|der Saal|Der Saal war für das Konzert gut gefüllt.
2839|adj|steil|Der Pfad zum Gipfel ist sehr steil.
3030|die|die Kuh|Die Kuh graste friedlich auf der Wiese.
3215|der|der Turm|Der Turm bietet eine tolle Aussicht auf die Stadt.
3320|der|der Kerl|Der Kerl an der Bar sieht verdächtig aus.
3379|der|der Zaun|Der Zaun um das Grundstück ist hoch.
3463|der|der Lärm|Der Lärm von der Baustelle war unerträglich.
3512|adj|treu|Ein treuer Freund ist unbezahlbar.
3590|der|der Apfel|Der Apfel fiel direkt vom Baum.
3651|der|der Rock|Der Rock ist aus leichtem Stoff.
3722|der|der PC|Der PC läuft heute sehr langsam.
3964|das|das Heft|Das Heft liegt offen auf dem Schreibtisch.
4006|die|die Münze|Die Münze war alt und wertvoll.
4012|die|die Oper|Die Oper hat die Zuschauer begeistert.
4196|der|der Käse|Der Käse riecht sehr intensiv.
4378|die|die Gasse|Die Gasse ist schmal und verwinkelt.
4490|der|der Halt|Der Bus machte einen kurzen Halt.
4583|der|der Stab|Der Stab des Zauberers leuchtete im Dunkeln.
4670|das|das TV|Das TV läuft im Hintergrund.
4776|die|die Puppe|Die Puppe saß auf dem Regal.
4968|das|das Fass|Das Fass war mit Wein gefüllt.
5106|die|die Ruine|Die Ruine war von Pflanzen überwuchert.
15|aux|werden, wird, wurde, ist geworden|Er wird bald nach Hause kommen.
115|der|der Mensch|Der Mensch ist ein soziales Wesen.
285|adj|klar|Das Wasser im See ist kristallklar.
294|das|das Wasser|Das Wasser im Brunnen ist eiskalt.
306|adj|schwer|Der Koffer ist so schwer, dass ich ihn kaum heben kann.
412|die|die Person|Die Person an der Tür wollte nicht hereinkommen.
425|das|das Ding|Das Ding auf dem Tisch sieht merkwürdig aus.
446|die|die Straße|Die Straße war voller Menschen.
478|das|das Produkt|Das Produkt wurde gestern auf den Markt gebracht.
498|adj|tief|Der Brunnen ist sehr tief.
544|die|die Luft|Die Luft ist frisch und kühl.
584|adj|langsam|Der Schneefall war heute besonders langsam.
589|verb|bieten, bietet, bot, hat geboten|Er bietet seine Hilfe an.
598|der|der Tod|Der Tod des Königs hat das Land erschüttert.
650|die|die Zelle|Die Zelle teilte sich unter dem Mikroskop.
654|der|der Sohn|Der Sohn des Bäckers hilft oft in der Bäckerei.
721|das|das Bett|Das Bett im Gästezimmer ist sehr bequem.
727|adj|rein|Der Schnee war rein und unberührt.
769|adj|dunkel|Der Wald war dunkel und unheimlich.
782|das|das Angebot|Das Angebot war zu gut, um es abzulehnen.
799|der|der Zustand|Der Zustand des Patienten hat sich verbessert.
811|adj|modern|Die Wohnung ist modern und stilvoll eingerichtet.
822|der|der Stoff|Der Stoff des Kleides ist sehr weich.
837|das|das Hotel|Das Hotel liegt direkt am Strand.
861|die|die Methode|Die Methode war effizient und schnell.
886|die|die Ebene|Die Ebene erstreckt sich bis zum Horizont.
912|die|die Liebe|Die Liebe zwischen den beiden ist offensichtlich.
921|die|die Anzahl|Die Anzahl der Besucher war überwältigend.
955|adj|kalt|Der Wind war bitterkalt.
957|der|der Himmel|Der Himmel war wolkenlos und klar.
961|adv|links|Links vom Gebäude liegt ein Park.
1008|die|die Sicht|Die Sicht war durch den Nebel stark eingeschränkt.
1018|adj|teuer|Der Schmuck war unglaublich teuer.
1027|das|das Dorf|Das Dorf liegt idyllisch am See.
1199|der|der Bund|Der Bund wurde nach langen Verhandlungen geschlossen.
1222|die|die Haut|Die Haut des Kindes war weich und zart.
1282|der|der Osten, Ost-|Der Osten des Landes ist dünn besiedelt.
1337|die|die Welle|Die Welle schlug hoch an den Strand.
1340|adj|dicht|Der Nebel war so dicht, dass man kaum etwas sehen konnte.
1363|der|der Kreis|Der Kreis schließt sich langsam.
1517|die|die Pause|Die Pause dauerte nur fünf Minuten.
1522|adj|gelb|Die Blätter sind im Herbst oft gelb.
1525|die|die Bühne|Die Bühne war hell erleuchtet.
1624|das|das Signal|Das Signal kam laut und deutlich.
1648|die|die Fahrt|Die Fahrt nach Hause dauerte drei Stunden.
1685|der|der Zweck|Der Zweck heiligt nicht immer die Mittel.
1719|das|das Bad|Das Bad ist frisch renoviert.
1741|die|die Mauer|Die Mauer um das Grundstück ist hoch.
1758|adj|fein|Der Sand am Strand war fein und weich.
1853|der|der Süden, Süd-|Der Süden des Landes ist sehr warm.
1874|die|die Liste|Die Liste der Teilnehmer ist lang.
1882|adj|ewig|Die Diskussion schien ewig zu dauern.
1900|die|die Falle|Die Falle schnappte laut zu.
2021|die|die Brücke|Die Brücke verbindet die beiden Städte.
2034|die|die Decke|Die Decke war weich und warm.
2061|adj|nackt|Er stand nackt am Fenster.
2062|die|die Ware|Die Ware wurde heute geliefert.
2082|das|das Ei|Das Ei rollte vom Tisch und zerbrach.
2150|der|der Rang|Der Rang des Offiziers war hoch.
2170|die|die GmbH|Die GmbH wurde vor zehn Jahren gegründet.
2217|der|der Kauf|Der Kauf des Hauses war eine gute Entscheidung.
2235|der|der Trend|Der Trend geht zu nachhaltiger Mode.
2259|die|die Oma|Die Oma backt die besten Plätzchen.
2358|das|das Gefäß|Das Gefäß ist aus Glas und sehr zerbrechlich.
2475|die|die Kugel|Die Kugel rollte über den Tisch.
2486|die|die Tonne|Die Tonne ist bis obenhin gefüllt.
2597|der|der Kanal|Der Kanal führt durch die Stadt.
2767|adj|blind|Der blinde Passagier wurde entdeckt.
2804|das|das Ufer|Das Ufer ist steinig und wild.
2977|die|die Brille|Die Brille lag auf dem Schreibtisch.
3187|der|der Hügel|Der Hügel ist leicht zu erklimmen.
3213|adj|nass|Der Boden war nass vom Regen.
3251|der|der Hass|Der Hass zwischen den Gruppen war groß.
3295|der|der Stamm|Der Stamm des Baums ist dick und alt.
3334|die|die Linse|Die Linse meiner Kamera ist kaputt.
3374|der|der Leib|Der Leib des Kindes ist gesund.
3387|die|die Jacke|Die Jacke hält mich warm im Winter.
3406|adj|fett|Das Essen war zu fett für meinen Geschmack.
3462|das|das Konto|Das Konto ist im Plus.
3563|die|die Maus|Die Maus huschte schnell über den Boden.
3588|die|die Miete|Die Miete für die Wohnung ist hoch.
3618|die|die Tasse|Die Tasse auf dem Tisch ist blau.
3741|der|der Hang|Der Hang ist steil und schwierig zu erklimmen.
3771|der|der Prinz|Der Prinz reitet auf seinem weißen Pferd durch das Dorf.
3994|der|der LKW (Lastkraftwagen)|Der LKW transportiert schwere Güter durch die Stadt.
4028|der|der Cent|Er fand einen Cent auf dem Gehweg.
4088|das|das Lokal|Das Lokal an der Ecke bietet leckere Speisen an.
4144|der|der Ozean|Der Ozean erstreckt sich weit bis zum Horizont.
4246|die|die Lampe|Die Lampe im Wohnzimmer spendet warmes Licht.
4299|der|der Faden|Der Faden im Nähzeug ist rot.
4459|der|der Knopf|Der Knopf an meiner Jacke ist abgefallen.
4472|der|der Abfall|Der Abfall muss regelmäßig entsorgt werden.
4607|die|die Logik|Die Logik dieser Aussage ist fragwürdig.
4618|der, das|der Laptop|Der Laptop auf dem Schreibtisch ist neu.
4658|der|der Tempel|Der Tempel ist ein Ort der Ruhe und Einkehr.
4678|der|der Mythos|Der Mythos besagt, dass es einen verborgenen Schatz gibt.
4758|das|das Klo|Das Klo befindet sich am Ende des Flurs.
4760|der|der Knall|Plötzlich ertönte ein lauter Knall in der Ferne.
5027|das|das Seil|Das Seil ist stark genug, um das Gewicht zu tragen.
112|pron|jede (r, s)|Jeder ist für seine eigenen Taten verantwortlich.
197|adj|gerade|Die Straße führt geradewegs zum See.
248|adj|schnell|Der schnelle Läufer gewann das Rennen.
278|der|der Vater|Der Vater liest seinen Kindern eine Geschichte vor.
304|der|der Name|Der Name des neuen Mitarbeiters ist sehr ungewöhnlich.
372|adj|bekannt|Dieses Lied ist sehr bekannt in Deutschland.
379|die|die Nacht|Die Nacht war klar und voller Sterne.
416|das|das Auto|Das Auto parkte direkt vor dem Haus.
424|die|die Gruppe|Die Gruppe wanderte gemeinsam durch den Wald.
441|das|das Ergebnis|Das Ergebnis der Prüfung war besser als erwartet.
539|das|das Kapitel|Das nächste Kapitel des Buches ist besonders spannend.
622|die (pl)||Die Blumen im Garten blühen wunderschön.
633|der|der Krieg|Der Krieg hinterließ tiefe Spuren im Land.
652|die|die Kultur|Die Kultur eines Landes prägt seine Identität.
699|adj|knapp|Die Zeit bis zur Deadline war sehr knapp.
744|das|das Werk|Das Werk des Künstlers beeindruckt die Besucher.
746|der|der Bürger|Der Bürger forderte mehr Transparenz von der Regierung.
845|der|der Einsatz|Der Einsatz der Polizei war erfolgreich.
864|die|die Wahl|Die Wahl des Präsidenten war umstritten.
915|adj|breit|Die breite Straße führt direkt zum Marktplatz.
929|der|der Fehler|Ein kleiner Fehler kann große Folgen haben.
994|die|die Linie|Die Linie auf dem Papier war gerade und sauber.
1014|das|das BGB (Bürgerliches Gesetzbuch)|Das BGB regelt die Rechte und Pflichten der Bürger.
1016|adj|blau|Der blaue Himmel versprach einen sonnigen Tag.
1035|der|der Absatz|Der Absatz des neuen Buches ist beeindruckend hoch.
1040|adj|toll|Das war wirklich eine tolle Feier!
1044|der|der Chef|Der Chef lobte seine Mitarbeiter für die gute Arbeit.
1046|das|das Risiko|Das Risiko war hoch, aber der Erfolg war es wert.
1100|der|der Wald|Der Wald war im Herbst besonders schön.
1101|die|die Insel|Die Insel ist nur mit dem Boot erreichbar.
1102|der|der Schluss|Am Ende kam der spannende Schluss der Geschichte.
1109|der|der Ansatz|Der Ansatz zur Lösung des Problems war kreativ.
1112|der|der Sieg|Der Sieg war hart erkämpft, aber verdient.
1122|adj|ernst|Das war eine ernste Angelegenheit, die schnell geklärt werden musste.
1124|der|der Januar|Im Januar ist es oft sehr kalt in Deutschland.
1178|der|der Besuch|Der Besuch bei den Großeltern war immer ein Highlight.
1180|die|die Quelle|Die Quelle des Flusses liegt tief im Wald.
1212|der|der Gang|Der Gang durch den Park war entspannend.
1263|die|die Spur|Die Spur im Schnee führte direkt zum Haus.
1273|das|das Maß|Das Maß aller Dinge ist für jeden Menschen anders.
1277|der|der Rand|Am Rand des Feldes wuchs eine bunte Blumenwiese.
1280|der|der Winter|Der Winter brachte viel Schnee und eisige Temperaturen.
1334|adj|frisch|Das frische Brot duftet herrlich.
1365|adj|digital|Das digitale Zeitalter hat vieles verändert.
1452|die|die Ecke|An der Ecke des Raumes stand ein alter Schrank.
1473|die|die Union|Die Union diskutierte über die aktuellen politischen Herausforderungen.
1487|adj|hell|Das helle Licht blendete ihn für einen Moment.
1502|der|der Geist|Der Geist des alten Schlosses spukt angeblich noch heute.
1550|die|die Karte|Die Karte zeigte den Weg zum versteckten Schatz.
1577|adj|stabil|Das stabile Gerüst hielt dem Sturm stand.
1602|die|die Steuer|Die Steuer auf Benzin wurde erneut erhöht.
1628|der|der Kurs|Der Kurs der Aktien stieg deutlich an.
1630|der|der Service|Der Service im Hotel war ausgezeichnet.
1639|adj|grau|Der graue Himmel versprach Regen.
1725|adj|wild|Die wilden Tiere im Nationalpark sind geschützt.
1756|das|das Ion|Das Ion trägt eine elektrische Ladung.
1757|der|der Laden|Der Laden an der Ecke verkauft frisches Gemüse.
1769|der|der Fluss|Der Fluss fließt ruhig durch die Stadt.
1775|das|das Handy|Das Handy klingelte mitten in der Besprechung.
1808|die|die Haltung|Seine Haltung zum Thema war eindeutig negativ.
1820|adj|billig|Die billigen Schuhe waren nach kurzer Zeit kaputt.
1852|der|der Test|Der Test war schwieriger als erwartet.
1879|das|das Drittel|Ein Drittel der Teilnehmer hat die Prüfung bestanden.
1890|adj|schmal|Die schmale Gasse führt zum Marktplatz.
1899|adj|bunt|Die bunten Blätter fallen im Herbst von den Bäumen.
1907|das|das Niveau|Das Niveau des Kurses war sehr hoch.
1912|das|das Gen|Das Gen bestimmt viele Eigenschaften des Menschen.
1914|der|der Onkel|Mein Onkel besucht uns jedes Wochenende.
1948|der|der Beweis|Der Beweis für seine Unschuld war eindeutig.
1969|der|der Anwalt|Der Anwalt verteidigte seinen Mandanten mit Nachdruck.
1989|das|das Schloss|Das Schloss auf dem Hügel ist ein beliebtes Ausflugsziel.
2010|die|die Seele|Die Seele des Menschen ist tief und unergründlich.
2033|die|die Treppe|Die Treppe knarrte bei jedem Schritt.
2107|adj|golden|Die goldene Sonne tauchte den Himmel in warme Farben.
2155|die|die Schrift|Die Schrift auf dem alten Dokument war schwer zu entziffern.
2178|das|das Brot|Das frische Brot schmeckte köstlich zum Frühstück.
2218|das|das Öl|Das Öl wird aus Oliven gepresst.
2219|der|der Betrag|Der Betrag auf der Rechnung war überraschend hoch.
2247|die|die City|In der City gibt es viele Einkaufsmöglichkeiten.
2293|die|die Armee|Die Armee bereitete sich auf die Verteidigung vor.
2350|der|der Mord|Der Mord wurde schnell aufgeklärt.
2431|die|die Säure|Die Säure ist stark ätzend und gefährlich.
2506|der|der Stil|Der Stil des Hauses ist modern und schlicht.
2523|adj|flach|Das flache Land erstreckt sich bis zum Horizont.
2736|die|die Faser|Die Faser des Seils ist sehr robust.
2745|das|das Hemd|Das Hemd ist frisch gebügelt.
2816|der|der Sprung|Der Sprung ins kalte Wasser erfrischte ihn.
2853|der|der Hut|Der Hut schützt vor der Sonne.
2947|die|die Last|Die Last auf seinen Schultern war schwer.
2953|die|die Version|Die neue Version der Software enthält viele Verbesserungen.
2961|die|die Lücke|Die Lücke im Zaun musste repariert werden.
2995|adj|mobil|Das mobile Gerät ist leicht und handlich.
3007|der|der Sturm|Der Sturm wütete die ganze Nacht.
3077|die|die Hütte|Die Hütte im Wald war gemütlich und warm.
3078|der|der Mantel|Der Mantel hielt ihn warm an kalten Tagen.
3126|das|das Symptom|Das Symptom der Krankheit war hohes Fieber.
3146|adj|cool|Er sah in seiner neuen Jacke wirklich cool aus.
3170|die|die Platte|Die Platte auf dem Tisch war aus Holz.
3245|die|die Grafik|Die Grafik in der Präsentation war sehr anschaulich.
3281|die|die Börse|Die Börse reagierte nervös auf die neuesten Nachrichten.
3314|der|der Pilz|Der Pilz im Wald war giftig.
3337|der|der Posten|Der Posten wurde neu besetzt.
3354|der|der Bescheid|Ich gebe dir Bescheid, sobald ich mehr weiß.
3398|der|der Ertrag|Der Ertrag der Ernte war dieses Jahr besonders gut.
3423|die|die Frucht|Die Frucht des Baumes schmeckte süß und saftig.
3440|die|die Säule|Die Säule stützte das Dach des Tempels.
3477|der|der Anzug|Der Anzug passte perfekt zu ihm.
3526|der|der Helfer|Der Helfer brachte die Kisten ins Haus.
3573|die|die Kälte|Die Kälte im Winter ist manchmal unerträglich.
3587|adj|absurd|Die absurde Idee sorgte für viele Lacher.
3622|der|der Frühling|Im Frühling blühen die Blumen in allen Farben.
3709|das|das Möbel|Das Möbelstück ist antik und sehr wertvoll.
3902|der|der Stoß|Der Stoß gegen die Tür war heftig.
4001|das|das Becken|Das Becken im Badezimmer ist aus Marmor.
4042|das|das Examen|Das Examen war sehr anspruchsvoll.
4045|die|die Schale|Die Schale der Orange ist dick und fest.
4062|das|das Rathaus|Das Rathaus steht im Zentrum der Stadt.
4102|der|der Strahl|Der Strahl der Sonne wärmte sein Gesicht.
4136|das|das Tuch|Das Tuch war weich und angenehm auf der Haut.
4158|der|der Tunnel|Der Tunnel führte unter dem Fluss hindurch.
4185|der|der Keks|Der Keks war knusprig und süß.
4288|der|der Fürst|Der Fürst regierte das Land mit Weisheit und Gerechtigkeit.
4293|der|der Sack|Der Sack war gefüllt mit Kartoffeln.
4319|die|die Fassade|Die Fassade des Gebäudes war frisch gestrichen.
4321|das|das Plakat|Das Plakat an der Wand war bunt und auffällig.
4357|adj|mild|Der milde Winter überraschte alle.
4420|der|der Zwerg|Der Zwerg im Märchen war sehr klug.
4432|die|die Malerei|Die Malerei an der Wand war ein Meisterwerk.
4512|adj|blutig|Der blutige Kampf dauerte die ganze Nacht.
4529|adj|verbal|Der verbale Angriff war verletzend.
4582|adj|reif|Die reifen Äpfel fielen von den Bäumen.
4596|der|der Schrei|Ein lauter Schrei durchbrach die Stille der Nacht.
4602|adj|witzig|Der witzige Kommentar brachte alle zum Lachen.
4663|adj|giftig|Die giftige Pflanze darf nicht berührt werden.
4672|die|die Dusche|Die Dusche am Morgen erfrischt Körper und Geist.
4687|der|der Riese|Der Riese im Märchen war stark und furchterregend.
5001|der|der Römer|Der Römer betrachtete die Ruinen mit Ehrfurcht.
5051|die|die Kopie|Die Kopie des Dokuments war fehlerhaft.
5057|adj|uralt|Der uralte Baum stand seit Jahrhunderten im Wald.
192|der|der Herr|Der Herr im Anzug wirkte sehr beeindruckend.
253|die|die Arbeit|Die Arbeit am Projekt machte ihm großen Spaß.
263|die|die Mutter|Die Mutter umarmte ihr Kind liebevoll.
269|die (pl)||Die Fenster des Hauses wurden frisch geputzt.
290|das|das Recht|Das Recht auf Bildung ist in vielen Ländern fest verankert.
380|der|der Platz|Der Platz im Park war voll von Menschen.
395|der|der Ort|Der Ort war ideal für ein Picknick.
440|die|die Rolle|Die Rolle des Lehrers erfordert viel Geduld.
450|pron|jene (r, s)|Jene Entscheidung war von großer Bedeutung.
461|die|die Funktion|Die Funktion des Geräts ist selbsterklärend.
474|die|die Richtung|Die Richtung der Reise wurde spontan geändert.
483|der|der Anfang|Der Anfang eines neuen Kapitels ist immer spannend.
496|der|der Kollege|Der Kollege half mir bei der Aufgabe.
530|adj|schwarz|Der schwarze Anzug steht ihm gut.
562|adj|gering|Das Risiko ist in diesem Fall sehr gering.
712|das|das Molekül|Das Molekül ist der kleinste Baustein der Materie.
737|das|das Fenster|Das Fenster im Schlafzimmer steht immer offen.
762|das|das Element|Das Element Wasser ist lebenswichtig.
790|die|die Größe|Die Größe des Raums beeindruckte alle.
819|die|die Einheit|Die Einheit der Gruppe war unzerbrechlich.
843|adj|niedrig|Der niedrige Preis überraschte die Kunden.
871|die|die Nummer|Die Nummer auf der Liste ist nicht korrekt.
917|die|die Wirkung|Die Wirkung des Medikaments setzte schnell ein.
980|die|die Bindung|Die Bindung zwischen Mutter und Kind ist stark.
1009|der|der Dollar|Der Dollar ist weltweit eine wichtige Währung.
1012|die|die Position|Die Position des Managers wurde neu besetzt.
1113|die|die Küche|Die Küche im neuen Haus ist modern eingerichtet.
1158|das|das Theater|Das Theaterstück begeisterte das Publikum.
1229|das|das Zeichen|Das Zeichen an der Wand deutete auf Gefahr hin.
1255|der|der Stein|Der Stein war schwer und rund.
1312|adj|linear|Die Entwicklung verlief linear über die Jahre.
1326|der|der Computer|Der Computer wurde neu gestartet.
1373|der|der Kaffee|Der Kaffee am Morgen weckt seine Lebensgeister.
1376|adj|still|Die stille Nacht war angenehm und beruhigend.
1462|das|das Gebäude|Das Gebäude wurde vor kurzem renoviert.
1510|die|die Übung|Die Übung war komplex, aber lehrreich.
1524|adj|heftig|Der heftig Regen verursachte Überschwemmungen.
1532|die|die Strecke|Die Strecke führte durch malerische Landschaften.
1552|die|die Krise|Die Krise erschütterte das ganze Land.
1554|die|die Debatte|Die Debatte im Parlament war hitzig.
1611|der|der Gegner|Der Gegner war stark, aber nicht unbesiegbar.
1653|die|die Gegend|Die Gegend um den See ist wunderschön.
1683|die|die Flasche|Die Flasche Wein lag schon lange im Keller.
1709|der|der Beifall
1729|der|der Wille
1743|der|der Stuhl
1803|das|das Fahrzeug
1819|die|die Auflage
1854|adj|super
1896|verb|regeln, regelt, regelte, hat geregelt
1919|die|die Störung
1925|die|die Ausgabe
1955|adj|beliebt
1957|adj|komisch
2042|der|der Fisch
2046|das|das Video
2146|das|das Motiv
2156|die|die Silbe
2197|die|die Wolke
2285|adj|weich
2327|der|der Lohn
2360|die|die Milch
2392|die|die Periode
2494|der|der Schnitt
2731|der|der Griff
2759|die|die Distanz
2960|die|die Höhle
3054|das|das Labor
3070|das|das Schwein
3079|die|die Prognose
3094|die|die Rente
3188|der|der Kanton
3191|der|der Status
3248|die|die Software
3256|das|das Gelände
3262|adj|feucht
3264|die|die Lunge
3289|adj|herrlich
3303|die|die Kiste
3329|die|die Varianz
3384|die|die Spalte
3416|der|der Athlet
3433|die|die Vorgabe
3458|die|die Kammer
3473|der|der Song
3488|die|die Front
3591|adj|autonom
3610|der|der Maßstab
3743|der|der Applaus
3749|das|das Budget
3770|der|der Hörer
3786|das|das Getränk
3801|adj|harmlos
3879|die|die Feder
3954|adj|mutig
3957|die|die Tafel
3959|die|die Uniform
3983|das|das Neuron
4003|adj|zart
4025|die|die Wurst
4056|die|die Abwehr
4190|adj|live
4367|das|das Hirn
4405|der|der Stall
4407|die|die Bibel
4426|adj|homogen
4463|die|die Siedlung
4491|das|das Handwerk
4513|der|der Erwerb
4543|die|die Passage
4589|adj|hilflos
4632|die|die Kabine
4747|die|die Miene
4954|der|der Abgrund
4986|der|der Reiter
5000|das|das Kissen
5024|adj|nominal
5034|das|das Modul
5069|die|die Skulptur
305|die|die Aufgabe
370|die|die Lösung
382|das|das Spiel
399|die|die Stelle
434|die|die Möglichkeit
486|adj|sozial
531|verb|sterben, stirbt, starb, ist gestorben
541|die|die Bedeutung
582|adj|falsch
632|die (pl)|
705|die|die Grundlage
731|das|das Verhältnis
795|die|die Phase
878|das|das Elektron
907|das|das Mitglied
936|die|die Verfügung
940|der|der Einfluss
950|adj|klassisch
1071|die|die Kritik
1081|der|der Titel
1163|der|der Aufbau
1186|die|die Summe
1200|adj|extrem
1210|der|der Zeitpunkt
1276|die|die Qualität
1289|adj|komplett
1292|die|die Nachricht
1315|adj|kritisch
1357|der|der Nachbar
1418|das|das Enzym
1451|adj|streng
1465|verb|sichern, sichert, sicherte, hat gesichert
1479|die|die Aufnahme
1503|das|das Objekt
1518|adj|scharf
1521|die|die Formel
1559|der|der Schmerz
1581|das|das Pferd
1649|der|der Urlaub
1680|der|der Keller
1700|der|der Vorschlag
1702|adj|entfernt
1727|die|die Spitze
1732|die|die Tradition
1766|die|die Realität
1773|die|die Führung
1812|adj|enorm
1814|verb|begrenzen, begrenzt, begrenzte, hat begrenzt
1891|der|der Streit
1892|adj|spannend
1951|die|die Stirn
1970|pron|dahinter
1992|der|der Abschluss
2014|das|das Geräusch
2054|die|die Ladung
2065|der|der Standard
2080|das|das Viertel
2109|adj|sauber
2112|die|die Messung
2120|die|die Lehre
2136|der|der Täter
2141|der|der Anlass
2157|der|der Anstieg
2182|das|das Umfeld
2214|der|der Verkehr
2251|das|das Metall
2255|die|die Trennung
2273|der|der Schlag
2276|die|die Marke
2295|der|der Nerv
2297|der|der Termin
2303|adj|winzig
2316|adj|analog
2349|die|die Kommune
2351|adj|extern
2398|adj|lebendig
2447|adj|trocken
2471|der|der Koffer
2495|adj|wertvoll
2526|der|der Winkel
2527|adj|sauer
2591|das|das Erbe
2626|die|die Frequenz
2633|adj|schlicht
2707|der|der Aufwand
2780|das|das Messer
2829|der|der Akzent
2859|der|der Mittag
2930|der|der Besitzer
2940|das|das Resultat
2968|die|die Einnahme
3016|das|das Motto
3029|verb|bedecken, bedeckt, bedeckte, hat bedeckt
3067|der|der Anschluss
3086|adj|bitter
3120|der|der Horizont
3152|der|der Vorname
3197|der|der Duft
3278|adj|sensibel
3279|die|die Vision
3284|der|der Teller
3317|der|der Ausgang
3341|die|die Öffnung
3357|adj|klinisch
3435|adj|abstrakt
3469|adj|bequem
3472|das|das Rätsel
3568|die|die Kohle
3701|die|die Schlange
3793|adj|endlos
3806|der|der Strich
3822|adj|elegant
3865|adj|passiv
3873|das|das Gepäck
3885|das|das Image
3888|der|der Träger
3915|der|der Krebs
4043|der|der Kristall
4101|der|der Sessel
4113|die|die Spaltung
4120|der|der Kasten
4140|das|das Bündnis
4148|adv|umsonst
4221|verb|verziehen, verzieht, verzog, hat verzogen
4258|das|das Regime
4332|der|der Trick
4339|das|das Fazit
4375|adj|belgisch
4377|das|das Format
4434|die|die Maske
4442|das|das Klavier
4446|der|der Neubau
4455|das|das Bündel
4481|die|die Betreuung
4489|das|das Center
4499|das|das Testament
4525|das|das Kinn
4615|das|das Festival
4622|die|die Rakete
4653|adj|dominant
4732|adj|vornehm
4740|die|die Allianz
4757|der|der Kämpfer
4789|das|das Segment
4838|das|das Insekt
4918|das|das Design
4927|das|das Archiv
4965|der|der Einkauf
4994|die|die Deutung
5033|adj|magisch
381|adj|schlecht
401|das|das Gesicht
455|die|die Reaktion
479|die|die Situation
518|das|das Gefühl
557|der, die|das Deutsche
577|der|der Kunde
580|die|die Antwort
710|die|die Beziehung
892|der|der Hund
918|die|die Bildung
933|das|das Prinzip
941|die|die Temperatur
949|die|die Analyse
953|das|das Glas
972|die|die Vorstellung
998|der|der Kontakt
1033|adv|weg
1041|das|das Schweigen
1048|die|die Tabelle
1079|adj|vorhanden
1082|der|der Eindruck
1123|der|der Roman
1143|der|der Rest
1147|adj|riesig
1196|das|das Jahrzehnt
1218|das|das Zentrum
1259|die|die Erklärung
1275|der|der Bericht
1290|die|die Forderung
1367|das|das Gericht
1370|der|der Aspekt
1446|das|das Wachstum
1461|das|das Gehirn
1466|das|das Material
1474|das|das Studium
1493|das|das Einkommen
1516|die|die Gemeinde
1539|adj|global
1546|verb|besetzen, besetzt, besetzte, hat besetzt
1549|der|der Fan
1553|die|die Strategie
1565|die|die Runde
1616|adj|sichtbar
1646|adj|perfekt
1746|die|die Umwelt
1790|die|die Botschaft
1840|das|das Urteil
1845|adj|massiv
1857|die|die Initiative
1869|das|das Detail
1909|die|die Prüfung
1944|das|das Management
1958|adj|westlich
2038|der|der Unfall
2064|adj|lokal
2101|das|das Argument
2114|adj|relevant
2206|die|die Belastung
2221|das|das Fahrrad
2248|die|die Klausur
2272|die|die Begegnung
2291|der|der Standort
2300|das|das Drama
2352|die|die Partie
2384|die|die Wärme
2422|die|die Serie
2432|die|die Strafe
2457|adj|friedlich
2460|die|die Matrix
2586|das|das Spektrum
2615|adj|sanft
2726|adj|grob
2752|adj|kreativ
2762|das|das Muster
2942|die|die Anordnung
2980|der|der Entwurf
3013|das|das Gehalt
3185|der|der Tipp
3203|der|der Parkplatz
3237|das|das Stadion
3310|verb|spalten, spaltet, spaltete, hat gespalten
3383|das|das Quartal
3402|adj|dynamisch
3426|die|die Übersicht
3438|der|der Klang
3465|der|der Rechner
3548|die (pl)|
3565|die|die Vene
3614|die|die Währung
3659|der|der Rohstoff
3899|der|der Befund
3935|die|die Strömung
3947|der|der Friedhof
3955|der|der Stolz
3978|adj|blass
3992|die|die Teilnahme
4081|die|die Vorlage
4086|die|die Großstadt
4125|die|die Steigung
4131|das|das Duell
4134|das|das Gewehr
4171|adj|brutal
4176|der|der Spruch
4177|adj|strikt
4188|der|der Container
4292|das|das Rezept
4373|die|die Anweisung
4383|die|die Priorität
4386|der|der Wettkampf
4399|die|die Explosion
4417|die|die Reflexion
4461|die|die News
4462|das|das Profil
4493|das|das Intervall
4531|die|die Wanderung
4547|der|der Aufsatz
4552|adj|innovativ
4606|der|der Fond
4691|adj|antik
4727|die|die Pflege
4735|die|die Illusion
4754|die|die Effizienz
4768|die|die Blase
4861|der|der Apparat
5037|das|das Stockwerk
5056|der|der Umzug
5088|adj|vertikal
363|adj|leicht
469|verb|ergeben, ergibt, ergab, hat ergeben
490|die|die Verbindung
525|die|die Zukunft
546|die|die Struktur
560|verb|gelingen, gelingt, gelang, ist gelungen
574|adj|positiv
601|die|die Bank
693|der|der Unterschied
700|der|der Mitarbeiter
772|die|die Bewegung
833|die|die Angabe
854|der|der Künstler
856|der|der Versuch
870|das|das Internet
876|adj|interessant
889|der|der Spieler
911|adj|weltweit
913|der|der Beginn
1026|adj|komplex
1129|die|die Definition
1136|die|die Theorie
1137|der|der Inhalt
1183|die|die Behörde
1205|die|die Krankheit
1235|der|der Gegensatz
1311|die|die Maschine
1317|das|das Wochenende
1366|adj|unbekannt
1459|adj|bayrisch
1481|verb|beenden, beendet, beendete, hat beendet
1499|der|der Auftrag
1541|die|die Annahme
1566|der|der Angriff
1569|der|der Wettbewerb
1583|der|der Zugang
1666|die|die Bestimmung
1799|die|die Gestalt
1829|der|der Vorgang
1843|adj|vollkommen
1863|adj|zeitlich
1883|die|die Perspektive
1938|die|die Rechnung
2019|das|das Phänomen
2078|die|die Institution
2094|adj|regional
2123|die|die CSU (Christlich-Soziale Union)
2204|die|die Stellung
2252|das|das Netzwerk
2254|die|die Technologie
2298|adj|angenehm
2302|die|die Vorschrift
2348|adj|gezielt
2377|der|der Gipfel
2435|der|der Kontext
2502|adj|wirksam
2589|adj|effektiv
2593|adj|islamisch
2601|der|der Ast
2623|die|die Materie
2636|der|der Pass
2651|verb|sperren, sperrt, sperrte, hat gesperrt
2653|die|die Differenz
2702|die|die Achse
2734|das|das Subjekt
2845|verb|erwischen, erwischt, erwischte, hat erwischt
2849|adj|magnetisch
2861|das|das Finale
2902|der|der Anhänger
2911|die|die Kleidung
2985|adj|senkrecht
3038|adj|juristisch
3045|adj|kaputt
3099|der|der Aufstieg
3121|die|die Intensität
3153|die|die Zeitschrift
3183|adj|problematisch
3312|die|die Einigung
3316|der|der Supermarkt
3385|der|der Zettel
3386|die|die Abgrenzung
3388|die|die Präferenz
3400|der|der Vormittag
3479|die|die Herrschaft
3485|die|die Bedrohung
3525|der|der Treffer
3534|die|die Mahlzeit
3562|adj|kostenlos
3575|die|die Laune
3596|adj|lateinisch
3714|die|die Zone
3775|das|das Tagebuch
3807|der|der Wirt
3820|adj|dauernd
3886|der|der Koch
3887|der|der Stadtteil
3922|adj|minimal
3938|die|die Gliederung
3971|adj|schmutzig
4015|adj|symbolisch
4080|die|die Quote
4084|adj|aromatisch
4135|das|das Mittelmeer
4143|das|das Lebewesen
4191|die|die Mutation
4203|die|die Einteilung
4220|verb|unterteilen, unterteilt, unterteilte, hat unterteilt
4257|das|das Märchen
4302|die|die Schlacht
4308|adj|erreichbar
4331|die|die Richtlinie
4381|das|das Original
4409|das|das Gemisch
4510|adj|asiatisch
4558|das|das Zeugnis
4565|adj|gigantisch
4571|die|die Pistole
4573|adj|sowjetisch
4580|das|das Neutron
4605|das|das Exemplar
4651|die|die Berührung
4659|das|das Verb
4759|verb|knacken, knackt, knackte, hat geknackt
4786|die|die Instanz
4899|die|die Schublade
4914|adj|silbern
4915|die|die Teilung
4974|das|das Quartier
4988|das|das Trinken
4997|die|die Halbzeit
5086|die|die Sehne
216|pron|einige
350|das|das Thema
371|die|die Sache
465|der|der Flüchtling
477|die|die Sprache
583|der|der Zusammenhang
617|verb|verschwinden, verschwindet, verschwand, ist verschwunden
661|das|das Verhalten
736|die|die Bedingung
750|die|die Wirtschaft
859|die|die Eigenschaft
904|adj|amerikanisch
985|der|der Abschnitt
1021|das|das Institut
1038|der|der Ausdruck
1059|die|die Darstellung
1069|der|der Sprecher
1073|der|der Trainer
1090|die|das Grüne
1139|das|das Ereignis
1201|das|das Merkmal
1202|adj|theoretisch
1225|der|der Schutz
1320|der|der Forscher
1394|der|der Tourist
1396|verb|verbieten, verbietet, verbot, hat verboten
1453|der|der Lauf
1590|die|die Tatsache
1607|das|das Krankenhaus
1651|das|das Instrument
1684|adj|wunderbar
1696|der|der Umgang
1726|adj|gesetzlich
1792|der|der Umsatz
1801|verb|ablaufen, läuft ab, lief ab, hat abgelaufen
1850|die|die Konkurrenz
1860|die|die Flüssigkeit
1861|der|der Geburtstag
1884|das|das Restaurant
1962|adj|optimal
1976|adj|empirisch
1986|das|das Wesen
1987|adj|parallel
1991|das|das Wunder
1999|die|die Physik
2000|die|die Erkrankung
2059|die|die Religion
2095|adj|strategisch
2103|das|das Kino
2113|adj|gewaltig
2118|der|der Charakter
2134|der|der Käufer
2167|das|das Bewusstsein
2169|die|die Erhöhung
2173|die|die Anforderung
2212|der|der Gebrauch
2290|die|die Oberfläche
2332|adj|ordentlich
2415|die|die Mischung
2510|adj|indirekt
2516|die|die Schwingung
2537|das|das Geheimnis
2539|adj|dramatisch
2571|der|der Ablauf
2630|adj|unklar
2688|das|das Frühstück
2713|adj|vielfach
2737|der|der Schatz
2808|das|das Virus
2899|der|der Konkurrent
2901|die|die Wellenlänge
2907|die|die Plattform
2918|der|der Fernseher
2939|das|das Gewebe
2959|der|der Arbeitgeber
2989|das|das Turnier
3002|der|der Vordergrund
3035|der|der Nutzer
3061|die|die Autobahn
3089|die|die Abstimmung
3098|die|die Disziplin
3113|die|die Abweichung
3271|adj|furchtbar
3327|das|das Dokument
3348|der|der Wechselkurs
3375|adj|objektiv
3393|der|der Sachverhalt
3418|adj|harmonisch
3428|der|der Zinssatz
3451|adj|realistisch
3487|der|der Blutdruck
3577|die|die Toilette
3578|das|das Unglück
3612|adj|starr
3638|die|die Muskulatur
3677|die|die Relation
3687|adj|variabel
3707|adj|gefangen
3767|die|die Beurteilung
3777|adj|elementar
3808|die|die Addition
3823|die|die Haftung
3850|das|das Attribut
3852|die|die Diagnose
3890|die|die Zunahme
3905|verb|blockieren, blockiert, blockierte, hat blockiert
3916|der|der Kühlschrank
3921|der|der Empfang
3968|das|das Magnetfeld
3996|adj|romantisch
4008|adj|seitlich
4030|adj|geometrisch
4044|adj|partiell
4051|verb|vernetzen, vernetzt, vernetzte, hat vernetzt
4095|die|die Erfindung
4110|adj|sachlich
4263|der|der Operator
4303|adj|sinnlos
4313|die|die Rotation
4317|der|der Darm
4328|die|die Lektüre
4389|adj|horizontal
4398|die|die Epoche
4416|adj|quadratisch
4443|adj|kommunal
4546|verb|zerbrechen, zerbricht, zerbrach, hat zerbrochen
4587|adj|empfindlich
4669|adv|nebenan
4677|der|der Klimawandel
4748|das|das Motorrad
4775|die|die Jagd
4794|adj|beweglich
4796|adj|fraglich
4798|der|der Moderator
4907|der|der Fund
4917|die|die Anatomie
4945|der|der Anhang
4962|der|der Syrer
5029|verb|einstufen, stuft ein, stufte ein, hat eingestuft
5110|die|die Zivilisation
326|die|die Stunde
404|pron|mehrere
543|die|die Chemie
549|das|das Jahrhundert
722|die|die Höhe
841|die|die Sicherheit
1051|der|der Hinweis
1085|die|die Diskussion
1108|der|der Beruf
1141|adj|organisch
1242|adj|eindeutig
1332|die|die Anwendung
1379|die|die Statistik
1383|der|der Gegenstand
1398|die|die Fähigkeit
1407|die|die Ursache
1420|adj|intensiv
1472|die|die Wirklichkeit
1540|der|der Nachmittag
1547|das|das Gegenteil
1560|adj|erheblich
1585|die|die Suche
1634|adj|traditionell
1708|das|das Kriterium
1718|die|die Mathematik
1734|adj|freiwillig
1755|die|die Komponente
1806|der|der Vorwurf
1946|die|die Erwartung
1982|die|die Umsetzung
1983|das|das Engagement
2013|der|der Knochen
2015|die|die Gegenwart
2029|der|der Start
2056|adj|lustig
2111|die|die Bewertung
2122|die|die Verletzung
2209|die|die Beobachtung
2223|die|die Nutzung
2232|die|die Vorbereitung
2253|adj|systematisch
2258|der|der Manager
2261|die|die Operation
2262|die|die Probe
2265|adj|nachhaltig
2275|die|die Handlung
2296|die|die Niederlage
2323|das|das Kapital
2353|adj|stetig
2419|der|der Geruch
2496|der|der Erzähler
2511|der|der Zeitraum
2519|die|die Äußerung
2530|adj|attraktiv
2547|das|das Seminar
2579|adj|dauerhaft
2674|adj|christlich
2677|die|die Leiche
2715|die|die Ernährung
2838|der|der Parameter
2855|das|das Medium
2871|adj|logisch
2900|die|die Party
2964|adj|unangenehm
2978|die|die Sammlung
2993|adj|flexibel
3032|das|das Vorgehen
3056|adj|divers
3062|die|die Formulierung
3087|adj|permanent
3157|die|die These
3192|das|das Stichwort
3232|das|das Verbrechen
3242|der|der Durchschnitt
3246|der|der Großteil
3340|die|die Arterie
3367|der|der Rückgang
3471|der|der Kindergarten
3513|die|die Erziehung
3571|das|das Smartphone
3608|verb|freisetzen, setzt frei, setzte frei, hat freigesetzt
3683|die|die Auflösung
3718|adj|einmalig
3792|der|der Bruch
3833|adj|asymmetrisch
3880|die|die Feuerwehr
3893|das|das Eigentum
3925|der|der Rhythmus
3933|der|der Protagonist
3939|die|die Kartoffel
3948|adj|materiell
3949|der|der Produzent
3984|die|die Regulation
4009|das|das Abendessen
4017|die|die Zerstörung
4068|adj|einseitig
4097|das|das Immunsystem
4108|das|das Manuskript
4166|adj|molekular
4194|die|die Vermutung
4227|die|die Bitte
4259|der|der Schädel
4316|der|der Anleger
4436|die|die Präsentation
4454|die|die Besetzung
4466|der|der Sturz
4488|der|der Verteidiger
4500|die|die Algebra
4509|die|die Zuordnung
4538|der|der Jäger
4540|der|der Kongress
4555|adj|ungeheuer
4566|die|die Nervenzelle
4634|die|die Schokolade
4692|die|die Ausstattung
4756|das|das Gutachten
4772|die|die Rezeption
4783|adj|ethisch
4940|verb|ergehen, ergeht, erging, hat ergangen
4966|verb|erlassen, erlässt, erließ, hat erlassen
5018|der|der Dom
5042|das|das Elektroauto
5046|der|der Tatort
318|die|die Abbildung
402|die|die Entwicklung
521|die|die Information
597|die|die Politik
733|die|die Zeitung
823|die|die Rede
969|adj|historisch
1150|das|das Museum
1198|adj|unmittelbar
1248|die|die Ausbildung
1281|der|der Hintergrund
1329|die|die Verteilung
1387|die|die Zusammenarbeit
1402|die|die Änderung
1404|die|die Erkenntnis
1419|adj|individuell
1477|die|die Demokratie
1528|adj|umgekehrt
1587|verb|festlegen, legt fest, legte fest, hat festgelegt
1670|adj|statistisch
1736|der|der Antrag
1748|die|die Beschreibung
1836|die|die Berechnung
1856|die|die Erzählung
1866|adj|elektronisch
1920|die|die Aktion
1933|die|die Gesundheit
2004|die|die Veranstaltung
2017|die|die Aminosäure
2044|das|das Schicksal
2071|die|die Einrichtung
2144|der|der Hersteller
2202|die|die Interpretation
2333|verb|stoppen, stoppt, stoppte, hat gestoppt
2386|die|die Gemeinschaft
2418|die|die Existenz
2463|der|der Organismus
2521|die|die Gewerkschaft
2545|der|der Dialog
2573|die|die Bemerkung
2595|adj|radikal
2620|der|der Arbeitnehmer
2768|verb|einschlafen, schläft ein, schlief ein, ist eingeschlafen
2880|die|die Scheibe
2938|adj|funktionell
3005|der|der Wahlkampf
3025|die|die Beratung
3026|die|die Gestaltung
3036|die|die Stabilität
3050|verb|ausgleichen, gleicht aus, glich aus, hat ausgeglichen
3081|adj|analytisch
3107|das|das Skript
3128|die|die Auffassung
3134|der|der Ursprung
3166|die|die Anfrage
3208|die|die Ausführung
3247|die|die Motivation
3287|verb|einbeziehen, bezieht ein, bezog ein, hat einbezogen
3309|adj|quantitativ
3359|der|der Eingriff
3410|die|die Notwendigkeit
3420|verb|absagen, sagt ab, sagte ab, hat abgesagt
3448|der|der Chinese
3510|der|der Humor
3540|die|die Mitteilung
3544|die|die Auskunft
3593|adj|anstrengend
3604|die|die Unterkunft
3656|die|die Kapazität
3765|adj|vergeblich
3794|die|die Erweiterung
3869|der|der Vorgänger
3942|der|der Aktionär
3956|adj|sympathisch
4024|die|die Versicherung
4026|adj|anspruchsvoll
4055|die|die Ablehnung
4090|adj|thermisch
4138|die|die Wende
4157|der|der Mediziner
4180|die|die Eizelle
4204|der|der Eintritt
4211|der|der Zähler
4235|der|der Niederschlag
4248|adj|philosophisch
4289|adj|geschickt
4329|adj|motorisch
4347|verb|inszenieren, inszeniert, inszenierte, hat inszeniert
4423|die|die Ausrichtung
4438|verb|zerreißen, zerreißt, zerriss, hat zerrissen
4474|der|der Katalysator
4498|das|das Substantiv
4511|die|die Biografie
4522|adj|elastisch
4643|der|der Bürgerkrieg
4650|die|die Behauptung
4867|die|die Spekulation
4872|die|die Verteidigung
4893|die|die Einzelheit
4903|die|die Wachstumsrate
4923|die|die Umwandlung
4948|die|die Fachsprache
4993|adj|ausgezeichnet
4995|der|der Einstieg
5016|die|die Lesung
5049|der|der Ausschnitt
5104|das|das Präparat
482|adj|international
575|das|das Gespräch
761|die|die Einführung
830|das|das Geschäft
1254|die|die Gleichung
1296|adj|konstant
1352|der|der Umstand
1356|die|die Integration
1445|der|der Besucher
1454|der|der Artikel
1657|das|das Verständnis
1753|der|der Arbeitsplatz
1833|adj|weitgehend
1837|adj|gegenseitig
1838|adj|kurzfristig
1902|die|die Auswirkung
1950|adj|kompliziert
1977|die|die Kombination
2035|die|die Einstellung
2099|die|die Übersetzung
2124|der|der Direktor
2139|die|die Bezeichnung
2164|adj|unendlich
2190|verb|unterbrechen, unterbricht, unterbrach, hat unterbrochen
2260|die|die Umfrage
2271|die|die Überlegung
2307|die|die Förderung
2308|der|der Impuls
2336|der|der Bewohner
2347|das|das Vorjahr
2363|adj|moralisch
2434|das|das Konzert
2436|der|der Transport
2480|die|die Überzeugung
2507|die|die Atmosphäre
2525|adj|einheimisch
2590|der|der Eingang
2624|das|das Personal
2647|der|der Austausch
2649|die|die Station
2730|der|der Geschäftsführer
2785|die|die Herkunft
2787|die|die Katastrophe
2801|die|die Bundesliga
2831|die|die Nahrung
2865|der|der Terrorist
2928|die|die Webseite
2950|adj|einheitlich
2973|der|der Vortrag
2996|der|der Übersetzer
3044|die|die Anpassung
3076|die|die Freundschaft
3124|num|neunzig
3131|das|das Ministerium
3240|der|der Anblick
3324|adj|symmetrisch
3331|verb|abschneiden, schneidet ab, schnitt ab, hat abgeschnitten
3380|der|der Empfänger
3490|das|das Verbot
3536|verb|vollziehen, vollzieht, vollzog, hat vollzogen
3541|das|das Praktikum
3559|die|die Erscheinung
3580|die|die Eröffnung
3679|die|die Steigerung
3680|der|der Vorfall
3689|die|die Akademie
3721|das|das Lösungsmittel
3723|das|das Protokoll
3724|adj|unsichtbar
3731|adj|chronisch
3744|die|die Ausprägung
3762|der|der Aufenthalt
3812|die|die Konstruktion
3950|die|die Transparenz
3981|die|die Mission
4031|die (pl)|
4118|die|die Baustelle
4167|die|die Nachbarschaft
4264|die|die Partnerschaft
4266|die|die Unterhaltung
4305|der|der Algorithmus
4326|adj|intellektuell
4349|das|das Magazin
4391|adj|kriminell
4421|die|die Anmerkung
4448|die|die Schau
4484|der|der Nachwuchs
4524|der|der Herausgeber
4557|die|die Warnung
4575|adj|verbindlich
4652|der|der Diskurs
4655|die|die Kreativität
4770|das|das Halbfinale
4881|die|die Korrektur
4890|die|die Altstadt
4908|adj|funktional
4982|die|die Größenordnung
5006|die|die Vorgehensweise
5009|verb|ausstrahlen, strahlt aus, strahlte aus, hat ausgestrahlt
505|die|die Entscheidung
944|das|das Verfahren
981|die|die Literatur
999|das|das Interview
1307|die|die Geschwindigkeit
1661|die|die Konsequenz
1672|verb|durchsetzen, setzt durch, setzte durch, hat durchgesetzt
1717|der|der Fortschritt
1778|der|der Frieden
1795|die|die Regelung
1998|adj|automatisch
2130|adj|mathematisch
2163|adj|gerecht
2222|die|die Koordination
2329|die|die Verwaltung
2389|die|die Dienstleistung
2407|die|die Kindheit
2458|der|der Verkäufer
2464|die|die Ressource
2469|adj|erstaunlich
2600|der|der Wandel
2659|die|die Versorgung
2686|adj|spontan
2711|adj|derartig
2747|die|die Begründung
2778|der|der Rezeptor
2791|das|das Erlebnis
2815|adj|ironisch
2869|die|die Auswertung
2896|adj|umfangreich
2937|die|die Einschätzung
3097|die|die Zusammenfassung
3104|der|der Gastgeber
3202|die|die Leidenschaft
3268|das|das Mittelalter
3401|num|achtzig
3530|adj|aggressiv
3717|die|die Biologie
3726|verb|vernichten, vernichtet, vernichtete, hat vernichtet
4052|num|vierzehn
4060|die|die Kampagne
4083|der|der Zugriff
4085|der|der Grenzwert
4093|die|die Beschleunigung
4165|die|die Moderne
4192|adj|sozialistisch
4202|die|die Berufung
4278|das|das Nervensystem
4290|adj|mittelalterlich
4295|adj|anorganisch
4334|verb|abschaffen, schafft ab, schaffte ab, hat abgeschafft
4342|die|die Mechanik
4453|die|die Bemühung
4569|die|die Feststellung
4594|die|die Premiere
4599|der|der Transfer
4603|die|die Annäherung
4665|adj|hinreichend
4681|der|der Stoffwechsel
4696|die|die Verbindlichkeit
4777|der|der Spaziergang
4784|die|die Fusion
4934|adj|ungleich
1214|die|die Unterstützung
1270|die|die Vergangenheit
1395|die|die Konzentration
1498|die|die Aktivität
1538|die|die Wissenschaft
1600|die|die Kommunikation
1643|die|die Kategorie
1687|die|die Verwendung
1750|die|die Tätigkeit
1895|die|die Karriere
1949|der|der Weltkrieg
1972|die|die Ironie
2048|adj|durchschnittlich
2177|die|die Arbeitslosigkeit
2500|adj|biologisch
2565|die|die Verbesserung
2575|adj|identisch
2605|der|der Wähler
2611|die|die Überraschung
2826|die|die Zustimmung
2882|der|der Widerspruch
2898|die|die Infrastruktur
3069|die|die Reduktion
3119|der|der Champion
3371|verb|einleiten, leitet ein, leitete ein, hat eingeleitet
3494|die|die Empfehlung
3511|adj|psychologisch
3516|die|die Datenbank
3519|die|die Zeichnung
3567|adj|einzigartig
3572|die|die Werkstatt
3652|die|die Übernahme
3700|die|die Qualifikation
3760|die|die Steuerung
3907|die|die Dynamik
4020|die|die Konferenz
4047|der|der Schiedsrichter
4178|die|die Befragung
4222|die|die Bestellung
4370|die|die Überprüfung
4395|der|der Bewerber
4530|die|die Versuchsperson
4639|die|die Verstärkung
4695|adj|konstruktiv
4708|das|das Studio
4781|die|die Auszeichnung
4904|der|der Begleiter
4933|die|die Symmetrie
5072|adj|Zürcher
5074|die|die Befreiung
707|die|die Leistung
1037|der|der Vertrag
1271|das|das Gleichgewicht
1777|das|das Experiment
1835|die|die Aufmerksamkeit
1870|adj|demokratisch
1952|die|die Behandlung
1971|die|die Stärke
2299|die|die Synthese
2449|die|die Wechselwirkung
2569|die|die Landwirtschaft
2661|adj|kontinuierlich
2741|der, die|die Angestellte
2769|die|die Flüchtlingskrise
2818|adj|experimentell
2904|die|die Finanzierung
2966|die|die Angelegenheit
3100|pron|keinerlei
3282|die|die Orientierung
3390|die|die Unterscheidung
3491|die|die Verschiebung
3509|die|die Durchführung
3564|die|die Unabhängigkeit
3780|das|das Versprechen
3788|adj|physiologisch
3872|die|die Fremdsprache
4142|die|die Geographie
4229|adj|elektromagnetisch
4241|adj|prominent
4345|die|die Erhebung
4406|die|die Arbeitskraft
4465|die|die Stellungnahme
4553|adj|kollektiv
4564|die|die Evolution
4863|der|der Betrachter
5053|das|das Referendum
5097|die|die Offenheit
1238|adj|physikalisch
1343|die|die Technik
1411|die|die Forschung
1457|die|die Wahrscheinlichkeit
1463|adj|langfristig
1678|die|die Ausstellung
2159|der|der Auftritt
2237|der|der Mechanismus
2328|das|das Vermögen
2388|der|der Unternehmer
2505|der|der Mittelwert
2568|die|die Innovation
2577|der, die|die Angehörige
2634|adj|angemessen
2670|die|die Betrachtung
2813|adj|sexuell
2890|verb|entlassen, entlässt, entließ, hat entlassen
2895|adj|hervorragend
3207|die|die Zusammensetzung
3221|die|die Rahmenbedingung
3333|die|die Demonstration
3446|adj|strukturell
3499|die|die Vermittlung
3581|die|die Fragestellung
3605|die|die Verknüpfung
4124|die|die Sicherung
4160|die|die Differenzierung
4464|adj|signifikant
4609|adj|rational
4688|die|die Tageszeitung
4763|adj|parlamentarisch
5003|die|die Übereinstimmung
5063|die|die Diskriminierung
1681|der|der Bürgermeister
2484|adj|vergleichbar
2563|der|der Gesellschafter
2643|die|die Kompetenz
2656|das|das Individuum
3052|die|die Vereinbarung
3063|die|die Berücksichtigung
3088|das|das Abkommen
3353|die|die Veröffentlichung
3675|die|die Aufführung
3716|die|die Architektur
4099|die|die Pressekonferenz
4245|die|die Genehmigung
4403|adj|nachvollziehbar
4581|adj|organisatorisch
4816|das|das Vokabular
4902|die|die Verhaltensweise
5011|die|die Fluggesellschaft
400|adj|unterschiedlich
1543|die|die Öffentlichkeit
1923|die|die Auseinandersetzung
2508|die|die Beschäftigung
3233|die|die Aktivierung
4103|die|die Anwesenheit
4379|der|der Gesichtspunkt
4769|die|die Energiewirtschaft
4870|der|der Studiengang
2070|die|die Abhängigkeit
4109|die|die Nacherfüllung
4276|die|die Inszenierung
4325|der|der Gesetzentwurf
5079|das|das Grundeinkommen
2453|der, die|die Erwachsene
2934|die|die Persönlichkeit
2965|das|das Wirtschaftsforum
2984|die|die Intelligenz
4689|adj|technologisch
4694|adj|gesundheitlich
3958|die|die Transformation
4408|die|die Gemeinsamkeit
4518|die|die Wiedervereinigung
2842|adj|interkulturell
4182|die|die Flüchtlingspolitik
4613|adj|naturwissenschaftlich
