|word
103|Seemannshose|die Seemannshose
110|Seemannsrose|die Seemannsrose
152|Johohoho|das Johohoho
246|letzter|letzter
264|Fehlgebot|das Fehlgebot
294|letzer|letzer
297|Staubgeborene|der Staubgeborene
306|Glieder|die Glieder
317|würd|würde
333|einer|einer
341|Meine|meine
346|anderer|anderer
371| | 
443|Baggypant|die Baggypant
454|Doppelripp|der Doppelripp
455|Wolfgang|der Wolfgang
456|Joop|der Joop
458|Kleinstadtboy|der Kleinstadtboy
472|Rocke|die Rocke
476|Härteste|härteste
481|Udo|der Udo
482|Kier|der Kier
483|Rockerboss|der Rockerboss
516|andr|anderer
606|Linsenhaut|die Linsenhaut
650|Sümpfe|die Sümpfe
712|Kleider|die Kleider
771|le|le
772|lu|lu
796|Trockenbrot|das Trockenbrot
839|Brüssel|das Brüssel
840|Paris|das Paris
846|Xavier|der Xavier
896|Tansania|das Tansania
897|Münchner|der Münchner
903|Viva|die Viva
904|Margherita|die Margherita
906|Calzone|die Calzone
908|Holzkohleofen|der Holzkohleofen
910|Bulln|der Bulln
944|Fafafa|das Fafafa
946|Hey|das Hey
996|Kaspermucke|die Kaspermucke
1006|Schattentanz|der Schattentanz
1028|Schlumpfhausen|das Schlumpfhausen
1030|lalalalalalallalalala|das Lalalalala
1032|Michi|der Michi
1034|Michael|der Michael
1039|Lendenkropf|der Lendenkropf
1041|Überland|das Überland
1047|soon|bald
1050|gonna|werden
1051|Pounding|das Pounding
1052|like|wie
1054|fourstroke|der Viertakt
1055|cycle|der Zyklus
1056|make|machen
1057|me|mich
1059|cry|weinen
1061|nothing|nichts
1062|left|übrig
1063|to|zu
1064|say|sagen
1065|Banging|das Banging
1066|night|die Nacht
1067|long|lang
1068|stay|bleiben
1071|Südafrika|das Südafrika
1080|Fourstroke|der Viertakt
1081|Cycle|der Zyklus
1082|Nothing|nichts
1083|know|wissen
1084|why|warum
1085|have|haben
1086|Its|es ist
1087|my|mein
1088|body|der Körper
1089|veins|die Venen
1090|are|sind
1091|bleeding|bluten
1093|The|der/die/das
1094|blood|das Blut
1096|from|von
1097|Heart|das Herz
1098|Above|oberhalb
1099|Down|unten
1101|part|der Teil
1102|need|brauchen
1103|for|für
1105|cells|die Zellen
1106|inside|innen
1107|running|laufen
1108|tears|die Tränen
1109|gave|gab
1110|Away|weg
1111|Doesnt|tut nicht
1112|Matter|die Materie
1113|Inside|innen
1114|Near|nahe
1115|Love|die Liebe
1121|einn|einnehmen
1126|Yo|–
1132|Kollektivgedanke|der Kollektivgedanke
1140|Surprise|die Überraschung
1152|Pflegenden|die Pflegenden
1165|Hools|die Hooligans
1205|Rolex|die Rolex
1213|Soloausritt|der Soloausritt
1214|Poseroutfit|das Poseroutfit
1222|Poserauschnitt|der Poserausschnitt
1247|Mojito|der Mojito
1254|Ooh|–
1259|Klingelingeling|das Klingelingeling
1263|King|der König
1264|Tingalingaling|das Tingalingaling
1266|pretty|hübsch
1297|that|das
1298|burning|brennend
1299|hot|heiß
1300|Those|jene
1301|Boobs|die Brüste
1302|naughty|frech
1304|red|rot
1305|lips|die Lippen
1306|Juicy|saftig
1307|God|der Gott
1308|middle|die Mitte
1309|of|von
1310|your|dein
1311|web|das Netz
1312|please|bitte
1313|dont|nicht
1316|brain|das Gehirn
1317|turn|wenden
1318|it|es
1320|Dont|nicht
1321|feel|fühlen
1323|More|mehr
1324|champagne|der Champagner
1325|our|unser
1326|game|das Spiel
1327|insane|wahnsinnig
1328|but|aber
1329|its|es ist
1330|ahh|–
1332|wanna|möchte
1333|ruin|ruinieren
1334|life|das Leben
1335|Say|sagen
1336|what|was
1337|You|du
1338|tell|erzählen
1339|wife|die Ehefrau
1340|Please|bitte
1342|Things|die Dinge
1343|getting|bekommen
1345|tight|eng
1346|never|niemals
1347|thought|gedacht
1348|Youd|du würdest
1349|set|setzen
1350|up|auf
1351|wanted|gewollt
1352|delight|die Freude
1353|lets|lassen
1354|get|bekommen
1355|said|gesagt
1356|right|richtig
1357|Now|jetzt
1358|day|der Tag
1359|and|und
1360|Whos|wer ist
1361|save|retten
1362|this|dies
1363|fright|die Angst
1401|Menschenfressermensche|der Menschenfressermensch
1405|Menschenfressermensch|der Menschenfressermensch
1407|Menschenfressermenschen|die Menschenfressermenschen
1438|Menschenfresserrente|die Menschenfresserrente
1463|Dagegеnsein|das Dagegensein
1478|Fred|Fred
1504|Outro|das Outro
1514|Storyline|die Storyline
1516|Sorry|die Entschuldigung
1521|Bongo|die Bongo
1533|Dread|die Angst
1534|selbstgemalt|selbstgemalt
1536|Rothschild|der Rothschild
1550|Zweiter|der Zweiter
1578|Homöopathin|die Homöopathin
1579|Donald|Donald
1580|Trump|Trump
1604|Jürgen|Jürgen
1605|Elsässer|Elsässer
1607|zweiter|der Zweiter
1608|erster|der Erster
1609|Kubitschek|Kubitschek
1632|Gauland|Gauland
1635|eim|eim
1638|reinzuprügeln|reinprügeln
1639|nöcher|nöcher
1642|Ken|Ken
1643|Jebsen|Jebsen
1659|Danger|die Gefahr
1668|Reptilienmensch|der Reptilienmensch
1676|NSU|die NSU
1680|Oury|Oury
1681|Jalloh|Jalloh
1692|hipp|hipp
1700|grad|der Grad
1701|Bewerbungsmail|die Bewerbungsmail
1707|Lou|Lou
1708|Reed|Reed
1736|Place|der Ort
1737|de|von
1738|Quinconces|Quinconces
1741|flics|die Polizisten
1743|Pepperspray|das Pepperspray
1761|obs|–
1783|ers|–
1787|Sade|Sade
1804|schlechtriechend|schlechtriechend
1813|Hessen|Hessen
1870|ohoho|–
1871|keiner|keiner
1893|hundertzwanzig|hundertzwanzig
1895|rumfahren|rumfahren
1910|Opel|der Opel
1912|Ford|der Ford
1914|Porsche|der Porsche
1915|Audi|der Audi
1929|ner|ner
1947|Barry|Barry
1948|Manilow|Manilow
1958|Klaus|Klaus
1974|Early|früh
1975|Adopter|der Adopter
2008|Luftbunker|der Luftbunker
2009|Future|die Zukunft
2010|Luftschlösser|die Luftschlösser
2017|Schokofrüchte|die Schokofrüchte
2023|Meeresfrisch|meeresfrisch
2038|Entscheidungsschwierigkeit|die Entscheidungsschwierigkeit
2041|möchten|möchten
2043|Athen|Athen
2044|Madrid|Madrid
2045|Gabi|Gabi
2046|Gitte|Gitte
2047|Gudrun|Gudrun
2053|uhh|–
2076|Steinzeithöhle|die Steinzeithöhle
2093|Ha|Ha
2099|Hähnchengrillstand|der Hähnchengrillstand
2108|Ey|–
2122|Wiegenmelodie|die Wiegenmelodie
2136|Armen|die Armen
2143|haubitzenvoll|haubitzenvoll
2152|stepn|–
2153|Mic|das Mikrofon
2156|Parent|das Elternteil
2157|working|arbeitend
2158|class|die Klasse
2166|Friend|der Freund
2172|Shampoos|die Shampoos
2173|Pilsator|der Pilsator
2176|Dreads|die Dreads
2186|Kommentarfeed|der Kommentarfeed
2192|Dulli|der Dulli
2195|battle|der Kampf
2202|nich|nicht
2203|boomeren|boomeren
2211|Atzen|die Atzen
2212|fuck|–
2217|weak|schwach
2220|Savas|Savas
2221|Beatles|Beatles
2224|toxic|toxisch
2234|dreads|die Dreads
2235|Appropriat|angemessen
2236|Culture|die Kultur
2250|Geburtstagstorte|die Geburtstagstorte
2259|allererster|der allererste
2265|ABC|das ABC
2268|Boxverein|der Boxverein
2271|Pickeln|die Pickel
2272|übersaten|übersaten
2274|Nina|Nina
2276|verheulen|verheulen
2279|partyschwul|partyschwul
2292|Hartz|Hartz
2304|Schneidezähne|die Schneidezähne
2311|punk|der Punk
2317|Sid|Sid
2323|likeen|liken
2331|Gloriola|die Gloriola
2336|Zappa|Zappa
2337|Frank|Frank
2343|Wölfi|Wölfi
2344|TEC|TEC
2345|Schokoladenpunk|der Schokoladenpunk
2347|Chardonnay|der Chardonnay
2356|Moves|die Bewegung
2363|Spotify|das Spotify
2370|Germany|das Deutschland
2385|Befindlichkeitsscheiße|die Befindlichkeit
2409|Wellblechzaun|der Wellblechzaun
2410|Aldi|der Aldi
2413|Blum|der Blum
2420|Judith|die Judith
2421|Holoferne|die Holoferne
2435|Holofernes|der Holofernes
2454|Starbucks|das Starbucks
2455|Phuket|das Phuket
2462|Mainz|das Mainz
2465|Ciao|das Ciao
2468|Google|das Google
2478|Fotohandy|das Fotohandy
2484|Ramschhändler|der Ramschhändler
2493|Trekkingzelt|das Trekkingzelt
2495|naturbewusst|naturbewusst
2496|Flugzeugschmutz|der Flugzeugschmutz
2499|Hektikmodus|der Hektikmodus
2503|Jetpilot|der Jetpilot
2504|Geldwechselstrom|der Geldwechselstrom
2505|Hotelrezeption|die Hotelrezeption
2509|Beck|der Beck
2525|Pringles|die Pringles
2546|Jobroutine|die Jobroutine
2550|Hola|das Hola
2551|amazing|erstaunlich
2554|wärens|wären
2567|ohh|oh
2573|Damn|verdammt
2574|change|die Veränderung
2576|fresh|frisch
2578|Catchphrase|die Schlagphrase
2583|Ferrari|der Ferrari
2584|nächster|nächster
2586|Alkoholkarriere|die Alkoholkarriere
2592|Naturgötter|die Naturgötter
2594|Bungeespringer|der Bungeespringer
2603|Passport|der Pass
2611|äußerer|äußerer
2617|Gefangener|der Gefangene
2626|Egoallergie|die Egoallergie
2634|Eo|das Eo
2635|eo|das eo
2637|Heeo|das Heeo
2648|Benz|der Benz
2666|Dieter|der Dieter
2668|Werner|der Werner
2703|Verkleidungskünstler|der Verkleidungskünstler
2704|Karnevalsnacht|die Karnevalsnacht
2710|Ähh|das Ähh
2713|hüa|das Hüa
2721|daccord|das Daccord
2735|Tausendsasser|der Tausendsassa
2737|Frauenbetaster|der Frauenbetaster
2740|Lagosch|das Lagosch
2741|terroretisch|terroretisch
2742|rumkaspern|herumkaspern
2748|Boys|die Jungen
2753|Weltwackelbild|das Weltwackelbild
2761|Tja|das Tja
2772|days|die Tage
2773|Strw|das Strw
2777|Spe|das Spe
2787|Schmuckladen|der Schmuckladen
2790|Cuxhaven|das Cuxhaven
2792|Puffdame|die Puffdame
2797|rimmen|rimmen
2798|go|gehen
2799|Alligatoah|der Alligatoah
2801|Whoo|das Whoo
2811|Cro|der Cro
2815|Stichprobentest|der Stichprobentest
2820|Äh|das Äh
2833|Iggy|der Iggy
2835|zeugenlos|zeugenlos
2837|Gassi|das Gassi
2839|euphorieberaubt|euphorieberaubt
2842|tippitop|tippitop
2855|Luftschlössern|die Luftschlösser
2871|Giftschlangengrube|die Giftschlangengrube
2894|Sandstaub|der Sandstaub
2927|yes|ja
2928|no|nein
2931|Kiss|der Kuss
2932|rausgehören|herausgehören
2935|öh|das Öh
2938|Leonardo|der Leonardo
2939|Da|das Da
2940|Vinci|der Vinci
2941|viertbester|viertbester
2942|Kirschkernweitspucker|der Kirschkernweitspucker
2943|Köpenick|das Köpenick
2945|Trek|der Trek
2947|Regiekommentar|der Regiekommentar
2948|Napoleon|der Napoleon
2963|bunen|die Bunen
2964|win|der Gewinn
2968|wrong|falsch
2969|Kong|der Kong
2978|Simple|einfach
2979|Polizeibeamter|der Polizeibeamte
2983|ACAB|das ACAB
2985|Playsi|die Playsi
2991|simple|einfach
2998|Amazon|das Amazon
3000|Jeff|der Jeff
3001|Bezos|der Bezos
3002|Scheißjob|der Scheißjob
3011|en|das Wort
3012|allemand|das Deutsch
3013|Orelsan|Orelsan
3023|siebenundzwanzig|siebenundzwanzig
3028|Freitagnacht|die Freitagnacht
3033|entspannt|entspannt
3034|Sonntagsbrunch|der Sonntagsbrunch
3035|Pärchenurlaub|der Pärchenurlaub
3044|Spieleabend|der Spieleabend
3046|Risikoanlage|die Risikoanlage
3058|Plastikbong|die Plastikbong
3065|Quarterlife|das Viertelleben
3066|Crisis|die Krise
3079|Wär|wäre
3095|Ehrenmedaille|die Ehrenmedaille
3096|Teilnehmerurkunde|die Teilnehmerurkunde
3105|Deagle|die Desert Eagle
3107|Gatoah|Gatoah
3114|Beautyprodukt|das Beautyprodukt
3118|Gesichtsfalte|die Gesichtsfalte
3119|Jackson|Jackson
3123|Lieblingsrohstoff|der Lieblingsrohstoff
3127|yo|yo
3128|Spieglein|das Spieglein
3145|Schrottfetze|die Schrottfetze
3153|Designerjacke|die Designerjacke
3155|Come|kommen
3199|kontrollzwangsgesteuert|kontrollzwangsgesteuert
3213|wärs|wäre es
3232|Bikinioberteil|das Bikinioberteil
3246|Society|die Gesellschaft
3250|Proletenpack|das Proletenpack
3262|Spielplatzbesuch|der Spielplatzbesuch
3263|andre|andere
3274|Kindergartenleiter|der Kindergartenleiter
3278|Batman|Batman
3279|Eisprinzessin|die Eisprinzessin
3280|reinsetzen|reinsetzen
3291|Supermarktfiliale|die Supermarktfiliale
3314|hinterletzter|hinterletzter
3321|Balenciaga|Balenciaga
3326|sechshundert|sechshundert
3332|Deichmann|Deichmann
3333|Victory|der Sieg
3334|Thrasher|Thrasher
3336|Fendi|Fendi
3337|Fila|Fila
3343|Gucci|Gucci
3347|Life|das Leben
3353|Prada|Prada
3355|Supreme|Supreme
3357|Moncler|Moncler
3360|neunhundert|neunhundert
3362|Vuitton|Vuitton
3363|Ankle|das Gelenk
3367|Bro|der Bruder
3369|Nike|Nike
3370|Dior|Dior
3371|Gosha|Gosha
3372|Yeezy|Yeezy
3373|Vetements|Vetements
3382|resellen|weiterverkaufen
3385|Vetement|das Kleidungsstück
3390|Worttransport|der Worttransport
3420|Bangkok|Bangkok
3421|Penélope|Penélope
3422|Cruz|Cruz
3433|Visa|das Visum
3436|Nächster|der Nächste
3437|wars|war es
3445|Schienbeintritt|der Schienbeintritt
3446|dritter|dritter
5626|the|der/die/das
215|-|-
769|Pre-Chorus|der Pre-Chorus
991|Rap-Wichser|der Rap-Wichser
1046|G-spot|der G-Punkt
1060|G-point|der G-Punkt
1100|near|nahe
1141|Pegida-Methodik|die Pegida-Methodik
1168|Volk-Geschrei|das Volk-Geschrei
1178|übelst|übelst
1218|brett-fett|brett-fett
1265|you|du
1322|Shame|die Schande
1427|33|dreiunddreißig
1471|Pre-Hook|der Pre-Hook
1525|Holocaust-Mahnmal|das Holocaust-Mahnmal
1532|Henna-rot|Henna-rot
1592|Roman-Ressort|das Roman-Ressort
1696|Work-Party|die Arbeitsfeier
1698|Start-Up-Unternehmer|der Start-Up-Unternehmer
1699|Ramones-Shirt|das Ramones-Shirt
1735|Reed-Konzert|das Reed-Konzert
1982|Die-Welt-Ficken|Die-Welt-Ficken
2016|ah-ah|ah-ah
2049|Ah-ah|Ah-ah
2054|Netflix-Serie|die Netflix-Serie
2079|De-de-de-de-de|De-de-de-de-de
2080|de-de-de-de|de-de-de-de
2107|Schreie|die Schreie
2174|Straight-Edge|Straight-Edge
2184|Unsere|unsere
2238|Anna-Lena|Anna-Lena
2239|Baader-Meinhof|Baader-Meinhof
2333|Deutschland-D|Deutschland-D
2339|Punk-Boulevard|der Punk-Boulevard
2348|Fünf-Gänge-Punk|der Fünf-Gänge-Punk
2349|Punk-Gourmet|der Punk-Gourmet
2364|Workout-Playlist|die Workout-Playlist
2368|Welthass-Selbsthass-Mix|der Welthass-Selbsthass-Mix
2374|Boss-Transformation|die Boss-Transformation
2378|Modus-Mio-isiert|Modus-Mio-isiert
2393|SMS-Kurznachricht|die SMS-Kurznachricht
2403||-
2469|Touri-Gesindel|das Touri-Gesindel
2475|Profi-Cam|die Profi-Kamera
2544|E-E-Erinnerung|die Erinnerung
2555|Tro-|der Trost
2557|-phäen|die Trophäe
2561|Rhythme|der Rhythmus
2572|Break-up-Frisur|die Frisur
2579|Fast-Food-Narr|der Narr
2608|360|dreihundertsechzig
2610|-60|sechzig
2702|Märchen-Erzähler|der Erzähler
2712|Diss-Angriff|der Angriff
2714|Alli-alligatoah|das Wortspiel
2718|Alli-Alligatoah|das Wortspiel
2736|Kauz-Charakter|der Charakter
2763|Kommerz-faschist|der Faschist
2765|Zwerg-Kanickel|das Zwergkaninchen
2778|Sturmmasken-Bildner|der Bildner
2826|Gilette-Wachs|das Wachs
2830|Jalousie-bedeckter|der Bedeckte
2857|Gucklöchern|das Guckloch
2859|KO-Tropfen|die Tropfen
2918|Rolls-Royce-Kühlerfigur|die Kühlerfigur
2930|Harmonia|die Harmonie
2933|44|vierundvierzig
3010|Peut-être|vielleicht
3018|125|einhundertfünfundzwanzig
3110|LEGO-Face|das Gesicht
3111|YouTuber-Look|der Look
3135|Luxus-Modemesse|die Modemesse
3158|Designerjacken|die Designerjacke
3206|co-abhängig|abhängig
3289|Bienen-Metapher|die Metapher
3304|Krav-Maga-Handkante|die Handkante
3324|550|fünfhundertfünfzig
3358|3700|dreitausendsiebenhundert
3359|Gucci-Hemd|das Hemd
3364|Boots|die Stiefel
3365|1500|eintausendfünfhundert
3378|Jean|die Jeans
3450|Tuk-Tuk|das Tuk-Tuk
3460|Wii|die Konsole
3469|Sisyphos|der Sisyphos
3471|Mittelklasse-Wagen|der Wagen
3474|Hermes|der Hermes
3484|Sisypho|der Sisyphos
3513|Teufelskreisverkehr|der Kreisverkehr
3519|Plattenvertrag|der Vertrag
3526|glück-|das Glück
3535|Dieselaggregat|das Aggregat
3542|Crystal|das Kristall
3543|Meth|das Methamphetamin
3546|Schiffsturbine|die Turbine
3547|Gestopfte|der Gestopfte
3553|Gästelistenplatz|der Platz
3573|Notsignalrakete|die Rakete
3583|Talkshowgast|der Gast
3590|when|wann
3592|ends|Enden
3593|verschlieren|verschleiern
3596|2020|zweitausendzwanzig
3598|Billie|der Vorname
3604|Irankrieg|der Krieg
3606|Sidney|die Stadt
3609|Dschungelcamp|das Camp
3613|Erfurt|die Stadt
3614|Hanau|die Stadt
3622|Lieblings-Virologe|der Virologe
3624|Lufthansa|die Fluggesellschaft
3630|Kobe|die Stadt
3633|Fuck|das Fluchen
3639|TAZ|die Zeitung
3643|Ends|die Enden
3644|When|wann
3651|Zenith|der Zenith
3659|Einem|der Einzige
3665|Sebastian|der Vorname
3668|Popstarleben|das Leben
3703|Bohlen|der Nachname
3708|Helicobacter|der Bakterium
3709|ad|die Werbung
3710|acta|die Akten
3719|Tesa|das Klebeband
3735|mmh|das Geräusch
3742|Koljah|der Künstlername
3744|Kindheitsidole|das Idol
3747|Deep|tief
3749|Realtalk|die Ehrlichkeit
3750|survival|das Überleben
3755|Rühmann|der Nachname
3756|Kiesinger|der Nachname
3757|Filbinger|der Nachname
3762|Fler|der Künstlername
3771|Freshness|die Frische
3774|Dörte|der Vorname
3788|Fletcher|der Nachname
3790|broke|pleite
3793|Car2Go|das Mietauto
3796|Bahnhofsklo|das Klo
3799|Iminari|das Konzept
3803|Dodge-Van|der Van
3804|Rallye-Sitz|der Sitz
3806|Pretzelstick|der Stift
3808|Patti|der Vorname
3809|Smith|der Nachname
3810|Fashion-Tipp|der Tipp
3812|Hartz-Vier-Support|der Support
3813|Florida-Rolf|der Spitzname
3814|Beach-Resort|das Resort
3815|Tourbus|der Bus
3819|Ouija-Board|das Brett
3827|nahkommen|nah kommen
3829|Signing|die Unterschrift
3832|Cardio-Training|das Training
3833|Farid|der Vorname
3834|Hobby-Rapper|der Rapper
3835|Insolvenzverschlepper|der Verschlepper
3836|ala|wie
3837|Boris|der Vorname
3838|Becker|der Nachname
3842|Splash|der Sprung
3845|Düsseldorf|die Stadt
3850|NRW-Verbot|das Verbot
3855|Senfglas|das Glas
3865|Pana|der Vorname
3866|Cotta|der Nachname
3867|Tomate-Mozzarella|der Salat
3870|Designermöbel|die Möbel
3880|Mh|das Geräusch
3887|Rotweinschorle|die Schorle
3888|tupperen|verschließen
3896|Buffet-et-et-et|das Buffet
3901|Beate|der Vorname
3903|isn|ist nicht
3906|Daniela|der Vorname
3907|Jonas|der Vorname
3908|Vanessa|der Vorname
3909|Lars|der Vorname
3910|Melanie|der Vorname
3912|Tim|der Vorname
3914|Jennifer|der Vorname
3917|Kevin|der Vorname
3918|Tobias|der Vorname
3920|Annika|der Vorname
3925|Hagen|der Vorname
3926|Sven|der Vorname
3928|Christopher|der Vorname
3930|Yannick|der Vorname
3932|Björn|der Vorname
3933|Jochen|der Vorname
3937|Nils|der Vorname
3941|Felix|der Vorname
3942|Thorsten|der Vorname
3943|Alexander|der Vorname
3954|Bifi|die Wurst
3958|Koberind|das Rind
3965|Kippenstummel|der Stummel
3971|Ölfabrik|die Fabrik
3977|nem|einem
3986|Plastikhülle|die Hülle
3988|Mediamarkt|der Markt
3990|Beachhotel|das Hotel
3991|Jutta|der Vorname
4009|Boomerang|der Bumerang
4029|biertrinkend|trinkend
4055|Pegida|die Bewegung
4056|IB|die Bewegung
4061|Detailverliebter|der Liebhaber
4062|Cyber-Geek|der Geek
4064|bye-bye|das Lebewohl
4065|Habeda-habeda-habeda-habeda|das Geräusch
4066|Smalltalk-Thema|das Thema
4075|Riesenkatalog|der Riesenkatalog
4078|Lieblingspharao|der Lieblingspharao
4079|Doh|Doh
4080|Komplimentespeicher|der Komplimentespeicher
4083|Albe|die Albe
4084|Amon|Amon
4085|Amarth|Amarth
4090|YouTube-Kacke|die YouTube-Kacke
4091|Soos|Soos
4092|Tanzbewegung|die Tanzbewegung
4093|Gedächtniskonto|das Gedächtniskonto
4095|Hüah|Hüah
4096|Tekken-Combo|die Tekken-Combo
4098|Steve-Urkel-artig|Steve-Urkel-artig
4099|Nerdgehabe|das Nerdgehabe
4113|Reimkette|die Reimkette
4114|Habeda-habeda-habeda-habeda-habeda-habeda-habeda-habeda-ah|Habeda-habeda-habeda-habeda-habeda-habeda-habeda-habeda-ah
4116|Habeda-habeda-habeda-habeda-hi|Habeda-habeda-habeda-habeda-hi
4117|Krankheitsstadium|das Krankheitsstadium
4122|Sergio-Leone-Film|der Sergio-Leone-Film
4123|Social|Social
4124|Skills|die Skills
4127|VICE-Artikel|der VICE-Artikel
4129|Reisetrip|der Reisetrip
4133|Eilandklippe|die Eilandklippe
4135|Haiangriffe|die Haiangriffe
4136|entwissen|entwissen
4148|Nachdenkfalte|die Nachdenkfalte
4150|Haarespalte|die Haarespalte
4152|bye|Tschüss
4184|2015|zweitausendfünfzehn
4189|Bowlingkugel|die Bowlingkugel
4196|koffeingetränkt|koffeingetränkt
4217|schläfen|die Schläfen
4219|Gerechtigkeitskrieger-Twitterbubble|die Gerechtigkeitskrieger-Twitterbubble
4221|Anarchie-Emblem|das Anarchie-Emblem
4226|Servicelächeln|das Servicelächeln
4229|Soundeffekt|der Soundeffekt
4245|Niveaugefälle|das Niveaugefälle
4249|Victoria-Gymnasium|das Victoria-Gymnasium
4250|Aachen|Aachen
4252|Wikipedia|Wikipedia
4257|Geschädigten|die Geschädigten
4280|Repressalienapparat|der Repressalienapparat
4293|Rap-Musik|die Rap-Musik
4304|andrer|andrer
4307|Schlaue|die Schlaue
4336|Heidi|Heidi
4337|Klum|Klum
4339|wiren|wiren
4343|Sowas|Sowas
4359|rumgehen|rumgehen
4368|Madelaine|Madelaine
4369|Saint-Denis|Saint-Denis
4394|zuhaus|zuhaus
4396|Letztes|das Letztes
4397|irgendner|irgendner
4403|ch|ch
4415|85|fünfundachtzig
4419|Ohrenrauschen|das Ohrenrauschen
4424|Kotze-Tüte|die Kotze-Tüte
4425|Eins-Komma-Neun-Tausend|eintausendneunhundert
4426|Neutrophil|das Neutrophil
4428|bitch|Schlampe
4432|sinds|sinds
4441|Jobauswahl|die Jobauswahl
4446|Antifa-Tarifvertrag|der Antifa-Tarifvertrag
4449|Demogeld|das Demogeld
4450|einiger|einiger
4471|G20|G20
4500|dream|der Traum
4501|longwhile|lange Weile
4511|Aleppo|Aleppo
4518|Moin|Moin
4527|allerbester|allerbester
4543|Absolute|das Absolute
4544|Wahnsinnsshow|die Wahnsinnsshow
4551|UNICEF|UNICEF
4554|Mulinex|Mulinex
4575|Flehen|das Flehen
4583|Mitten|die Mitten
4598|Ausländerschwein|das Ausländerschwein
4605|unsrem|unsrem
4609|Anne|Anne
4614|Nazi-Lachen|das Nazi-Lachen
4616|Bürgerschweigen|das Bürgerschweigen
4641|Twitter|Twitter
4653|Para-das|das Para-das
4654|Para-Militär|das Para-Militär
4658|Red|Rot
4663|Fakenew|Fakenew
4669|häh|häh
4670|Filterbubble|die Filterbubble
4672|Mose|der Mose
4675|unkapierbar|unkapierbar
4677|untherapierbar|untherapierbar
4678|einhundertmal|einhundertmal
4680|Kreislabor|das Kreislabor
4681|Ladies|die Damen
4682|Gentlemen|die Herren
4683|Huh|Huh
4686|Hu|Hu
4687|Huhh|Huhh
4689|gefangener|der Gefangene
4693|entdeckend|entdeckend
4697|weckend|weckend
4700|Innen|die Innen
4712|ABCDEFGHIJKLMNOPQRSTUVWXYZ|ABCDEFGHIJKLMNOPQRSTUVWXYZ
4715|Hä|Hä
4719|moonwalken|moonwalken
4727|falschrum|falschrum
4733|Peng|Peng
4736|Darth|Darth
4737|Vader|Vader
4743|Colibakterium|das Colibakterium
4748|Höchste|das Höchste
4749|Mozart|Mozart
4791|erlischen|erlischen
4803|Cyclisches|das Cyclische
4816|Hitler|Hitler
4820|141592|einhundertvierzehntausendfünfhundertzweiundneunzig
4821|653|sechshundertdreiundfünfzig
4822|589|fünfhundertneunundachtzig
4823|793|siebenhundertdreiundneunzig
4824|238462|zweihundertachtunddreißigtausendvierhundertzweiundsechzig
4825|64|vierundsechzig
4842|7950288419|sieben Milliarden neunhundertfünfzig Millionen zweihundertachtundachtzigtausendvierhundertneunzehn
4843|71693993751|einundsiebzig Milliarden sechshundertneunundneunzig Millionen neunhundertdreiundneunzigtausendsiebenhunderteinundfünfzig
4844|05820974944|fünf Milliarden achthundertzwanzig Millionen neunhundertvierundsiebzigtausendneunhundertvierundvierzig
4845|5923078164|fünf Milliarden neunhundertdreiundzwanzig Millionen achtundsiebzigtausendeinhundertvierundsechzig
4882|Männerbestand|der Männerbestand
4883|Hirnrückwand|die Hirnrückwand
4886|Ali|Ali
4892|Gehörschaden|der Gehörschaden
4895|oh-oh|oh-oh
4896|Bässe|die Bässe
4905|Vodka-Mate|die Vodka-Mate
4909|rumliegen|rumliegen
4911|Lichtenberg|Lichtenberg
4920|Alex|Alex
4941|Durchschnittsmenge|die Durchschnittsmenge
4943|Mittelaltermarkt|der Mittelaltermarkt
4944|Plastikschild|das Plastikschild
4965|Hörner|die Hörner
4968|Pappmasché|das Pappmasché
4993|mh|mh
4994|Sechster|der Sechster
4996|Grüße|die Grüße
5001|Spiderman-Dress|das Spiderman-Dress
5004|Dat|Dat
5010|schonmal|schonmal
5015|ooh|ooh
5028|Shneezin|Shneezin
5030|Kartentrick|der Kartentrick
5036|Armstrong|Armstrong
5042|ihrn|ihrn
5043|FOMO|FOMO
5047|Billiе|Billiе
5056|Potsdam|Potsdam
5057|Wannseekonferenz|die Wannseekonferenz
5059|Beckenbauer|Beckenbauer
5060|Bubatz|der Bubatz
5062|Raab|Raab
5063|Oasis|Oasis
5065|Mockridge|Mockridge
5069|Selenskyj|Selenskyj
5070|Putin|Putin
5075|Höcke|Höcke
5079|Breakdown|der Breakdown
5080|Schockmeldung|die Schockmeldung
5087|Spiderman|Spiderman
5089|Tagteam|das Tagteam
5091|shit|shit
5092|same|same
5093|Great|Großartig
5095|great|großartig
5101|Angels|die Engel
5102|deserve|verdienen
5103|To|Zu
5105|Service-Line|die Service-Line
5106|Rotweinglas|das Rotweinglas
5108|Leon|Leon
5110|Catfish|der Catfish
5120|Bodycount|der Bodycount
5129|Justus-|Justus-
5130|Maximilian|Maximilian
5132|Patek|Patek
5133|Philippe|Philippe
5135|dies-der|dies-der
5136|FC|der FC
5138|München|München
5140|Milli|Milli
5146|Hallelujah|Hallelujah
5166|findster|findster
5170|Mom|die Mom
5194|Wärs|Wärs
5203|Unanständiges|das Unanständige
5224|totgeschlagen|totgeschlagen
5227|Oettinger|Oettinger
5230|Schaschliksauce|die Schaschliksauce
5232|Oww|Oww
5235|Schillerallee|die Schillerallee
5238|höchstgefährlich|höchstgefährlich
5241|Tittenheftchen|das Tittenheftchen
5242|Arschritze|die Arschritze
5246|Wahres|das Wahre
5250|Begreifen|das Begreifen
5251|High-Class|die High-Class
5252|Middle-Class|die Middle-Class
5255|wiedermal|wiedermal
5257|Mägge|Mägge
5258|Ego-Trip|der Ego-Trip
5259|Vincent|Vincent
5260|van|van
5261|Gogh|Gogh
5264|michelangelogen|michelangelogen
5268|Schwip|der Schwip
5275|Dalí|Dalí
5276|daVinci|daVinci
5279|Mona|Mona
5280|Lisa|Lisa
5282|A4|A4
5283|Deeper|tiefer
5284|deeper|tiefer
5285|Cheers|Prost
5286|Schattentag|der Schattentag
5289|không|không
5290|ai|ai
5291|hiêu|hiêu
5292|tôi|tôi
5294|Memoirum|das Memoirum
5298|Halt-Verbot|das Halt-Verbot
5300|P-Psychologie|die P-Psychologie
5301|Hexenkunst|die Hexenkunst
5306|heh|heh
5310|Mitleidsdrang|der Mitleidsdrang
5316|woah|woah
5317|Songzeile|die Songzeile
5319|Wow|Wow
5320|Kafka|Kafka
5321|Buchgeschmack|der Buchgeschmack
5322|Kafka-Kapuzenjacke|die Kafka-Kapuzenjacke
5324|Kafka-Tattoo|das Kafka-Tattoo
5327|Kafka-Figur|die Kafka-Figur
5329|New-Age-Kacke|die New-Age-Kacke
5331|Boah|Boah
5336|eh-eh|eh-eh
5337|Kummerkaste|die Kummerkaste
5347|Vorbeieilenden|die Vorbeieilenden
5348|Verborgenen|das Verborgene
5351|Merkel|Merkel
5352|Naidoo|Naidoo
5353|Anderen|die Anderen
5369|Heulkrampf|der Heulkrampf
5373|Mon|Mon
5374|Chéri|Chéri
5375|iih|iih
5378|Superfähigkeit|die Superfähigkeit
5379|Gute-Nacht-zu-Mama-sagen-Mini-Nüchternheit|die Gute-Nacht-zu-Mama-sagen-Mini-Nüchternheit
5381|Stottern|das Stottern
5383|Gute|die Gute
5389|Linksrock|der Linksrock
5390|Rechtsrock|der Rechtsrock
5391|Mittelrock|der Mittelrock
5392|meinungsfrei|meinungsfrei
5396|Alkivater|der Alkivater
5399|Fleischragout|das Fleischragout
5400|Streifengnu|das Streifengnu
5405|Peace|der Frieden
5417|Masai|Masai
5419|Scheiß-Diktatur|die Scheiß-Diktatur
5421|Konvertiten-Swag|der Konvertiten-Swag
5435|BMW|BMW
5437|nei-i-ein|nei-i-ein
5439|Sexuellen|die Sexuellen
5443|Hulk-Verschnitt|der Hulk-Verschnitt
5446|Kompromisten-Camp|das Kompromisten-Camp
5447|XXM|XXM
5449|Extremistenspinner|die Extremistenspinner
5452|DC|DC
5453|Marvel|Marvel
5459|Harlem|Harlem
5461|Marx|Marx
5469|no-o-o-oh|no-o-o-oh
5477|Bürgermeister-Kandidat|der Bürgermeister-Kandidat
5480|Bio-Katzenstreu|die Bio-Katzenstreu
5486|Feed|der Feed
5504|Goodbye|Auf Wiedersehen
5505|friends|Freunde
5507|Ooooooh|Ooooooh
5510|Tütenreis|der Tütenreis
5531|Anja|Anja
5540|Würdest|würden
5545|Totesi|Totesi
5550|Idiocracy|Idiokratie
5551|RocknRoll|Rock’n’Roll
5552|Fashion-Ikone|die Fashion-Ikone
5565|Dad-Joke|der Dad-Joke
5566|come|kommen
5568|doubt|der Zweifel
5569|-ment|das -ment
5573|Aint|nicht
5574|nobody|niemand
5575|Me|ich
5576|Bout|über
5577|things|die Dinge
5578|Ill|ich werde
5579|miss|vermissen
5581|help|helfen
5582|leave|verlassen
5583|mess|das Chaos
5584|And|und
5585|wont|werde nicht
5586|explain|erklären
5587|fashion|die Mode
5588|lackin|fehlend
5589|Thats|das ist
5590|time|die Zeit
5591|detachin|loslösen
5592|phones|die Telefone
5593|stat|sofort
5594|internet|das Internet
5595|distract|ablenken
5596|where|wo
5597|winner|der Gewinner
5598|at|bei
5599|Too|zu
5600|many|viele
5602|rabbit|das Kaninchen
5603|hole|das Loch
5604|complain|beschweren
5605|bout|über
5606|This|dies
5607|rapper|der Rapper
5608|though|jedoch
5609|Came|kam
5610|here|hier
5611|spin|drehen
5612|backwind|der Rückenwind
5614|Breakdancin|Breakdance
5615|since|seit
5616|then|dann
5617|Everybody|jeder
5618|little|klein
5619|unplug|abstecken
5620|appreciate|schätzen
5621|distortion|die Verzerrung
5622|much|viel
5624|Here|hier
5625|comes|kommt
5627|How|wie
5628|now|jetzt
5649|But|aber
5650|wait|warten
5657|Spiegel-TV|das Spiegel-TV
5663|Heckscheibenaufkleber|der Heckscheibenaufkleber
5667|Pompeii|Pompeji
5668|Rammstein-Konzert|das Rammstein-Konzert
5669|Rammstein|Rammstein
5685|A-Wort|das A-Wort
5686|Z-Wort|das Z-Wort
5687|I-Wort|das I-Wort
5696|name|der Name
5697|ching|kling
5700|Maeckes|Maeckes
5701|Startgebot|das Startgebot
5703|they|sie
5710|Maecke|Maecke
5713|Streaming-Plattform|die Streaming-Plattform
5738|DSL|das DSL
5743|Rape|die Vergewaltigung
5744|Porn|der Porno
5745|Positivity|die Positivität
5747|Goals|die Ziele
5748|Hate|der Hass
5750|fake|falsch
5751|AI|die KI
5752|be|sein
5753|Voice|die Stimme
5754|notes|die Notizen
5757|Hah|ha
5760|Bergziege|die Bergziege
5773|Woooh|wuh
5778|Vogelstrauß|der Vogelstrauß
5780|Ride|reiten
5791|Bauchrede|die Bauchrede
5801|Rapidshare|Rapidshare
5807|Fleckenzwerg|der Fleckenzwerg
5808|Jungeer|der Jungeer
5809|Wooh|wuh
5812|Leuchtkette|die Leuchtkette
5816|Lets|lass uns
5817|Sektbole|die Sektbole
5818|McDonalds|McDonalds
5824|Abenteuerreiten|das Abenteuerreiten
5833|Farmgegend|die Farmgegend
5838|Pssst|psst
5844|reingucken|reingucken
5849|Mayer|Mayer
5853|CIA|die CIA
5854|Mossad|der Mossad
5855|Spidermann|der Spidermann
5856|Illuminatensymbol|das Illuminatensymbol
5863|Kellerschacht|der Kellerschacht
5867|Tempelritter|der Tempelritter
5869|Blutorangensaft|der Blutorangensaft
5870|Ufolandeplatz|der Ufolandeplatz
5874|Kennedy|Kennedy
5882|schwarz-weiß|schwarz-weiß
5888|Dünengra|das Dünengra
5899|zweit|zweite
5908|Aaaaaaaaaaaaah|aah
5916|Florian|Florian
5917|Paul|Paul
5918|Julius|Julius
5919|Forster|Forster
5923|unsre|unsere
5925|Johnny|Johnny
5933|fucking|verdammt
5934|neugebaut|neu gebaut
5940|Fucking|Fucking
5948|Sizilien|Sizilien
5952|viert|vierte
5957|Non-Stop|Nonstop
5969|Panini-Flasche|die Panini-Flasche
5981|Toyota|Toyota
5984|calling|rufen
5985|trick|der Trick
5986|fünfundneunzig|fünfundneunzig
6005|Upside|die Oberseite
6008|leergeraucht|leer geraucht
6010|sleeping|schlafen
6011|beauty|die Schönheit
6012|Can|kann
6013|hear|hören
6014|call|rufen
6015|duty|die Pflicht
6016|world|die Welt
6017|has|hat
6018|gone|gegangen
6019|completely|vollständig
6020|nuts|verrückt
6021|were|waren
6022|German|deutsch
6023|rise|aufsteigen
6027|Borks|die Borks
6030|torches|die Fackeln
6033|people|die Leute
6034|past|vorbei
6041|helmets|die Helme
6043|Jack|Jack
6044|Wolfskin|Wolfskin
6046|marching|marschieren
6049|Birkenstocks|die Birkenstocks
6052|Munching|mampfen
6055|earth-shattering|erderschütternd
6058|We|wir
6060|biggest|größte
6064|fences|die Zäune
6065|walls|die Wände
6068|takes|nimmt
6069|Bigger|größer
6070|balls|die Bälle
6096|assholery|das Arschlochverhalten
6097|leads|führt
6104|failed|gescheitert
6105|Weve|wir haben
6123|will|werden
6128|longer|länger
6130|vandal|der Vandale
6136|Reserving|reservieren
6138|loungers|die Liegen
6139|towels|die Handtücher
6142|Bowels|die Eingeweide
6143|dickheads|die Idioten
6151|2016|zweitausendsechzehn
6155|whatever|was auch immer
6158|brains|die Gehirne
6159|Fuckface|Fuckface
6161|theyre|sie sind
6167|heard|gehört
6172|Kant|Kant
6178|forgiving|vergeben
6186|Fanta|die Fanta
6190|Bella|Bella
6191|bella|bella
6192|Trafen|trafen
6203|verschwende|verschwenden
6205|Maskierter|der Maskierte
6224|nischen|nischen
6226|mu-|mu-
6230|1991|neunzehnhunderteinundneunzig
6234|smoking|rauchen
6235|drinking|trinken
6242|would|würde
6246|Kreuzberg|Kreuzberg
6249|aufgenommn|aufgenommen
6252|fürn|für einen
6259|bottles|die Flaschen
6260|16th|sechzehnte
6262|Were|sein
6265|nights|die Nacht
6270|Loveparade|die Loveparade
6271|Afterparty-Rave|der Afterparty-Rave
6272|Laber|labern
6273|Ma|die Mutter
6274|AB|das Alphabet
6276|achter|der Achter
6278|1990|neunzehnhundertneunzig
6280|Jön|der Jön
6281|Reggel|der Reggel
6282|irány|die Richtung
6284|Amennyi|so viel
6285|nálad|bei dir
6286|Az|das Az
6287|odaviszed|hinbringen
6288|Hamamma|das Hamamma
6289|Attól|davon
6290|majd|später
6291|megváltozik|sich ändern
6292|Közérzeted|dein Wohlbefinden
6293|És|und
6294|egész|ganz
6295|nap|der Tag
6296|Mondogatod|wiederholen
6297|Magadba|in dich
6298|Minek|wofür
6299|mi|was
6300|meg|und
6301|nincs|es gibt nicht
6302|Mikor|wann
6303|Csuklódon|an deinem Handgelenk
6304|Kattan|klicken
6305|bilincs|die Handschelle
6307|Pozíciódón|an deiner Position
6308|változtatnál|ändern
6309|De|aber
6310|ezen|darauf
6311|Ajtón|an der Tür
6312|Kilincs|die Klinke
6313|Trepp|die Treppe
6314|Versandsoldat|der Versandsoldat
6315|Logistikproletariat|das Logistikproletariat
6321|Zalando|Zalando
6322|mirs|mir
6327|Pausenzeit|die Pausenzeit
6343|Sub-Sub-Sub-Sub-Subunternehmer|der Subunternehmer
6344|Paketkurier|der Paketkurier
6346|Bernd|der Bernd
6357|Fruchtsaftverordnung|die Fruchtsaftverordnung
6361|Drei-Wetter-Taft|das Drei-Wetter-Taft
6362|Ham|der Ham
6366|bräuchen|brauchen
6367|siebter|der Siebte
6368|fands|finden
6383|schen|schenken
6385|Haie|die Haie
6396|Tabakschicht|die Tabakschicht
6419|ws|das ws
6423|112|einhundertzwölf
6425|Rambimmel|die Rambimmel
6426|rabammel|rabammeln
6428|bumm|bummen
6429|hamwa|haben wir
6432|Big|der Big
6434|Bumm|das Bumm
6439|Krrrksn|das Krrrksn
6445|Besten|die Besten
6449|Bunnie|das Bunnie
6456|Getrübt|getrübt
6468|Unsre|unsere
6472|Discovery|die Discovery
6474|Bielefeld|Bielefeld
6475|discovern|entdecken
6477|Q7|der Q7
6481|Porsche-Fahrn|Porsche fahren
6487|Asphaltwüste|die Asphaltwüste
6490|260|zweihundertsechzig
6493|VW|der VW
6495|Brumm-Brumm|das Brumm-Brumm
6496|La-la-la|la-la-la
6497|la-la-la|la-la-la
6498|La-la-la-la-la-la-la-la|la-la-la-la-la-la-la-la
6500|Falschparken|das Falschparken
6501|Zebrastreife|der Zebrastreifen
6505|Disney|Disney
6525|sichs|sich
6526|Schöneres|schöner
6527|Romantische|romantisch
6529|Höllenritt|der Höllenritt
6530|Dritt|das Dritt
6533|Lederkostüm|das Lederkostüm
6537|schwengen|schwenken
6545|Kb|das Kilobyte
6546|eure|eure
6547|Lieblings-Rapperin|die Lieblings-Rapperin
6550|Chewbacca|der Chewbacca
6551|Teleskop-Schlagstock|der Teleskop-Schlagstock
6552|Raplegende|die Raplegende
6553|funky|funky
6554|Motherfucker|der Motherfucker
6556|dAmour|d'amour
6567|Gegenprogramm|das Gegenprogramm
6573|Internet-Armee|die Internet-Armee
6576|michverbrannt|sich verbrennen
6577|Dubist|du bist
6578|Wasserund|Wasser und
6580|inalle|in alle
6582|Pre-Refrain|der Pre-Refrain
6585|Olé|Olé
6594||```
6596|vielbenutzt|viel benutzt
6599|ick|ich
6600|dit|das
6612|Angelina|die Angelina
6613|Jolie|die Jolie
6617|anjequatsch|an je quatsch
6620|Brad|der Brad
6621|Pitt|der Pitt
6627|haten|hassen
6630|eener|einer
6636|neugeborn|neu geboren
6637|Ohohohohoh|oh-oh-oh
6638|bekloppen|bekloppen
6641|losgerocken|losrocken
6645|icke|ich
6647|Fukushimaaktie|die Fukushimaaktie
6648|allet|alles
6654|keener|keiner
6658|Skit|das Skit
6667|rübergestolpern|rüber stolpern
6668|jehst|gehen
6671|hälen|halten
6684|Deutschlandpfeil|der Deutschlandpfeil
6689|Afterwork-Austern|die Afterwork-Austern
6690|Tze|das Tze
6691|Gigi|die Gigi
6692|DAgostino|der D'Agostino
6704|Sylt|die Sylt
6707|Tss|das Tss
6709|Hush|das Hush
6710|hush|hush
6714|Wuff|das Wuff
6715|wuff|wuff
6716|fünfhundertsechzig|fünfhundertsechzig
6717|Hundejahr|das Hundejahr
6719|Uhh|uhh
6723|Gimme|gib mir
6724|Ja-ja|ja-ja
6727|Wouh|wouh
6734|Blockwärter|der Blockwärter
6735|erwünschen|wünschen
6753|flaschenfrei|flaschenfrei
6764|immernoch|immer noch
6776|Internetverbot|das Internetverbot
6785|WhatsApp|WhatsApp
6786|Statusfeld|das Statusfeld
6787|Facebook|Facebook
6788|Farmville|Farmville
6793|Warcraft|Warcraft
6808|GEZ|die GEZ
6821|Collateral|das Collateral
6831|Gebeine|die Gebeine
6835|Gaby|die Gaby
6836|Glockner|der Glockner
6837|Carsten|der Carsten
6854|Sammeltaxe|die Sammeltaxe
6863|Yayeyeheah|yayeyeheah
6865|Ahaha|ahaha
6874|Kalli|der Kalli
6877|Dudes|die Dudes
6882|möchteen|möchten
6887|Homie|der Homie
6891|Terrorstyle|der Terrorstyle
6893|Froschgift|das Froschgift
6895|Schrottwichtel|der Schrottwichtel
6896|Nosliw|der Nosliw
6897|Gemüsefach|das Gemüsefach
6898|Alli|die Alli
6899|Kaliba|der Kaliba
6907|Leguane|die Leguane
6913|Tjaa|tja
6918|Barkeeperstyle|der Barkeeperstyle
6924|Lalala|lalala
6926|-Warum|warum
6927|-Könnte|könnte
6928|Argh|argh
6931|Maut-Kontrolln|die Mautkontrollen
6933|Nacht-Unterhemd|das Nachtunterhemd
6939|2004|zweitausendvier
6942|NSA|die NSA
6944|ARD|die ARD
6945|TKKG|die TKKG
6950|Sherlock|der Sherlock
6951|Holmes|der Holmes
6952|Robo-Cop|der Robo-Cop
6953|Gesetzeszeile|die Gesetzeszeile
6954|wie-wie-wie|wie-wie-wie
6955|Obama|der Obama
6961|isso|so ist es
6966|Führungseinheit|die Führungseinheit
6967|Pyrokratie|die Pyrokratie
6975|Kaliba69|Kaliba69
6977|Triple-Moral|die Triple-Moral
6978|puk|puk
6981|Fäde|die Fäde
7005|Kindesbein|das Kindesbein
7006|Roboterspiel|das Roboterspiel
7009|Cock|der Hahn
7019|No-Go|das Tabu
7023|Roberto|Roberto
7024|Blanco|Blanco
7029|Deutschlandfahne|die Deutschlandfahne
7031|Blutsbrüder|die Blutsbrüder
7034|Stammtischmodus|der Stammtischmodus
7035|Schwarz-Rot-Grün|Schwarz-Rot-Grün
7040|Schokoküsse|die Schokoküsse
7045|Aydin|Aydin
7067|Boss-Geschöpf|das Boss-Geschöpf
7074|MC|MC
7090|Bosom|die Brust
7096|allergrös|allergrös
7118|15-Punkte-Schnitt|der Fünfzehn-Punkte-Schnitt
7126|Kunststoffschicht|die Kunststoffschicht
7137|Raucherkette|die Raucherkette
7138|Lungenriss|der Lungenriss
7139|Kids|die Kinder
7140|Syrien|Syrien
7141|Berghain|Berghain
7144|Friends|die Freunde
7150|Insta|Instagram
7151|Snapchat|Snapchat
7152|TikTok|TikTok
7153|Tinder|Tinder
7154|Netflix|Netflix
7155|YouTube|YouTube
7156|Fortnite|Fortnite
7157|Minecraft|Minecraft
7164|Hoe|die Hacke
7165|Präservative|die Präservative
7166|Nietzsche|Nietzsche
7168|motherfucking|motherfucking
7169|Yes|Ja
7171|Quante|die Quante
7176|Rap-Video|das Rap-Video
7180|Wendecover|das Wendecover
7181|bäm|bäm
7188|Fleischspieße|die Fleischspieße
7189|Uuuh|Uuuh
7193|Jokes|die Witze
7195|Slut|die Schlampe
7199|Jaa|Ja
7202|grinden|grinden
7213|Leinentape|das Leinentape
7220|Glitzernägeln|die Glitzernägel
7224|Stripper-Mädchen|das Stripper-Mädchen
7225|Grizzly-Bären|die Grizzly-Bären
7226|Grizzly-Bärin|die Grizzly-Bärin
7238|Cola-Rum-Mische|die Cola-Rum-Mische
7244|Mixtape|das Mixtape
7246|keinr|keinr
7247|CD-Schrank|der CD-Schrank
7256|Schnapp|der Schnapp
7259|helden|die Helden
7263|Nichtmitin|Nichtmitin
7264|Augenlied|das Augenlied
7270|Roggenfänger|der Roggenfänger
7274|Wellenempfänger|der Wellenempfänger
7278|Alphabeet|das Alphabeet
7286|125000|einhundertfünfundzwanzigtausend
7288|Wui|Wui
7291|schallmauerndurchbrechend|schallmauerndurchbrechend
7295|Gelenkprothese|die Gelenkprothese
7297|Kontrathese|die Kontrathese
7299|Monsterwesen|das Monsterwesen
7302|zu-Tode-Streichel-Methode|die zu-Tode-Streichel-Methode
7306|Huxley|Huxley
7311|Quantenzirkel|der Quantenzirkel
7313|Rasurfraktal|das Rasurfraktal
7314|Edelstahlgewindeflansch|der Edelstahlgewindeflansch
7315|Logbucheintrag|der Logbucheintrag
7316|612|sechshundertzwölf
7320|billiarden|die Billiarden
7321|halbbewusst|halbbewusst
7322|Wes|Wes
7329|Weltraumrasse|die Weltraumrasse
7333|Verrückten|die Verrückten
7334|Deprimierten|die Deprimierten
7337|Bekloppten|die Bekloppten
7342|Selbstverarschung|die Selbstverarschung
7344|Labyrinthedichtkunst|die Labyrinthedichtkunst
7376|dar|dar
7377|Ich-Sicht|die Ich-Sicht
7383|Keins|nichts
7394|Unversöhnliches|das Unversöhnliche
7395|Nonexistenz|die Nonexistenz
7415|Zerfragen|zerfragen
7428|Jo|Jo
7452|Sockosophie|die Sockosophie
7453|Sockismus|der Sockismus
7454|sockifizieren|sockifizieren
7457|Oki-digidigi-doke|Oki-digidigi-doke
7466|Isaac|Isaac
7468|Goethe|Goethe
7473|würdet|würdet
7484|Stühln|die Stühle
7490|Vögel|die Vögel
7501|okidoke|okidoke
7506|hipsterdissend|hipsterdissend
7509|Hipsterdissen|das Hipsterdissen
7512|unhip|unhip
7529|Nadelbrett|das Nadelbrett
7551|hüüü|hüüü
7552|meins|meins
7553|deins|deins
7554|keins|keins
7555|siebenhundert|siebenhundert
7558|Taj|Taj
7560|jippie|jippie
7573|fly-y|fly-y
7582|Gardasee|der Gardasee
7583|Abruzze|die Abruzze
7588|Kaiserlautern|Kaiserlautern
7592|Betzenberg|der Betzenberg
7595|Tanja|Tanja
7597|Belangloses|das Belanglose
7602|holunder-Vinaigrett|die Holunder-Vinaigrette
7611|Nö|Nö
7612|Katja|Katja
7617|PowerPoint|PowerPoint
7623|zuguterletzt|zuguterletzt
7625|Schönfuss|der Schönfuß
7627|Öh|Öh
7635|würdn|würdn
7637|Kiffe|die Kiffe
7649|Titanic-Bau|der Titanic-Bau
7651|Sudden|Sudden
7652|würdeen|würdeen
7655|Mario|Mario
7658|Versöhnungssex|der Versöhnungssex
7680|Koksdröhnung|die Koksdröhnung
7681|Hormonstörung|die Hormonstörung
7684|Multiplayer-Mode|der Multiplayer-Mode
7687|Ohh|Ohh
7691|Cock-Schweißgeruch|der Cock-Schweißgeruch
7699|Einsatztrupp|der Einsatztrupp
7701|jizzn|jizzn
7702|wüsen|wüsen
7705|Schlüpfer-Pic|das Schlüpfer-Pic
7706|Appartmentschlüssel|der Appartmentschlüssel
7709|Schamhaarbüschel|das Schamhaarbüschel
7711|duen|duen
7717|sike|sike
7720|Lederkostüme|die Lederkostüme
7722|Ü-30ern|Ü-30ern
7727|untenrum|untenrum
7728|fickbar|fickbar
7734|Wu-Tang|Wu-Tang
7736|Moonwalk|der Moonwalk
7740|Troy|Troy
7754|Malle|Malle
7774|Mund-zu-Mund-Verarschung|die Mund-zu-Mund-Verarschung
7775|Möbiliar|das Möbiliar
7785|Doppel-KO|das Doppel-KO
7812|Meisten|die Meisten
7818|Realitäteretä|die Realität
7823|jeh|jeh
7825|Psychopharmaka|die Psychopharmaka
7834|Nja|Nja
7835|nja|nja
7836|ba|ba
7839|amoklaufen|amoklaufen
7842|bababa|bababa
7845|FREAK|der Freak
7850|JAAA|Ja
7871|Vogelscheiße|die Vogelscheiße
7876|Toskana|die Toskana
7878|Miroslav|Miroslav
7887|Ronny|Ronny
7891|Iso-Drink|der Iso-Drink
7895|Gummi-Twist|der Gummi-Twist
7896|Geilste|das Geilste
7898|ficksen|ficksen
7901|Gaumenglut|die Gaumenglut
7903|Brüsseler|der Brüsseler
7906|One|Eins
7907|two|Zwei
7908|three|Drei
7912|Resi|Resi
7916|Reparierer|der Reparierer
7920|Thorben|Thorben
7937|Klick-Laminat|das Klick-Laminat
7944|Liebesgelaber|das Liebesgelaber
7957|Menno|Menno
7959|vierter|der Vierte
7961|A3|A3
7965|Rosie|Rosie
7982|ma|ma
7995|Fata|die Fata
7996|Morgana|die Morgana
7998|Gekautes|das Gekautes
7999|Verdautes|das Verdautes
8010|Aiaiaiai|Aiaiaiai
8011|aiaiaiai|aiaiaiai
8017|Kurt|der Kurt
8018|Cobain|der Cobain
8031|Macce|die Macce
8037|totschick|totschick
8050|Cannabinoid|das Cannabinoid
8056|Teenie-Blog|der Teenie-Blog
8071|yüah|yüah
8075|Lizzard|die Lizzard
8076|Lazy|Lazy
8081|Drive-in|der Drive-in
8082|Lizzard-Gang-Übеrfall|der Lizzard-Gang-Übеrfall
8084|Group|die Gruppe
8086|Blue|das Blau
8087|BMG|die BMG
8088|bloomen|bloomen
8090|farbenlos|farbenlos
8093|Roof|das Dach
8095|Balenciaga-Shirt|das Balenciaga-Shirt
8096|Bottega-Veneta-Schuh|der Bottega-Veneta-Schuh
8097|Terrorcrew|die Terrorcrew
8100|Vorstandsposition|die Vorstandsposition
8101|Drive-by|das Drive-by
8102|Bonzen-Avenue|die Bonzen-Avenue
8104|Brennnesselsame|der Brennnesselsame
8105|Abgleis|das Abgleis
8106|Gebäudeschatten|der Gebäudeschatten
8117|80er|achtziger
8119|air|die Luft
8120|Aviator|der Aviator
8134|NASA|die NASA
8140|pfiuu|pfiuu
8145|dieselschluckend|dieselschluckend
8148|ext|ext
8158|Leasing-Vertag|der Leasing-Vertrag
8159|Großer|der Große
8171|Körperkontur|die Körperkontur
8178|by|von
8180|Chabo|der Chabo
8182|Canos|die Canos
8184|Beuys|der Beuys
8191|vida|das Leben
8192|loca|verrückt
8194|Weiber|die Frauen
8199|Reichwerden|das Reichwerden
8200|Yüah|Yüah
8205|Pokemonkarten|die Pokemonkarten
8210|Excel-Liste|die Excel-Liste
8212|25|fünfundzwanzig
8223|Paparazzi|die Paparazzi
8228|Yassin|der Yassin
8229|gottesgleich|gottesgleich
8231|Servus|Servus
8235|Clubtoilettendeckel|der Clubtoilettendeckel
8237|Sektentreffen|das Sektentreffen
8239|Porzellanaltar|der Porzellanaltar
8240|Partygott|der Partygott
8244|Geweihte|die Geweihte
8247|drop|drop
8249|Partykirche|die Partykirche
8252|Audio88|Audio88
8257|Noahs|die Noahs
8269|Bull|der Bull
8273|every|jeder
8275|Oh-oh-oh|Oh-oh-oh
8276|oh-oh-oh-oh|oh-oh-oh-oh
8279|dieHundegeht|die Hunde geht
8280|Siesagen|sie sagen
8282|dassind|das sind
8284|Och|Och
8285|Schatzi|das Schatzi
8287|ugly|hässlich
8292|Interlude|das Interlude
8296|Louis-V-Tasche|die Louis-V-Tasche
8299|Sozialer|der Soziale
8301|Kraftklub|der Kraftklub
8302|Wars|die Kriege
8305|Harry|der Harry
8306|Potter|der Potter
8311|Cruciatusfluch|der Cruciatusfluch
8330|Steinbach|der Steinbach
8331|Julian|der Julian
8332|Reichelt|der Reichelt
8334|Drastische|das Drastische
8337|Uncle|der Onkel
8338|Sam|der Sam
8349|Guantanamo|Guantanamo
8352|Schärfste|das Schärfste
8362|Guter|der Gute
8364|schelgan|schelgan
8366|Bay|die Bucht
8371|Friedensdynamik|die Friedensdynamik
8372|Amnesty|die Amnesty
8394|Uro-|die Urologie
8395|Kardio-|die Kardiologie
8396|Proktologe|der Proktologe
8397|Straf|die Strafe
8403|whoa|whoa
8409|Bastelbogen|der Bastelbogen
8412|Stuhlkreis|der Stuhlkreis
8427|Post-Chorus|der Post-Chorus
