|lemma|lemma_full
0|mein|
1|Schicksal|
2|sein|
3|ein|
4|leer|
5|Blatt|
6|Papier|
7|können|
8|so|
9|geduldig|
10|ich|
11|haben|
12|dieser|
13|warten|
14|satt|
15|seit|
16|Woche|
17|fallen|
18|mir|
19|nichts|
20|mehr|
21|starren|
22|in|
23|der|
24|Dunkel|
25|Raum|
26|nach|
27|Stunde|
29|endlich|
30|sie|
31|kommen|
32|aus|
33|Tiefe|
34|Traum|
35|und|
37|Herz|
38|hinein|
40|Phantasie|
41|doch|
42|ihr|
43|Preis|
45|du|
46|nicht|
47|Geist|
48|rufen|
50|Nacht|
51|während|
53|hier|
54|viel|
55|zu|
56|groß|
57|Lassen|
58|mich|
59|los|
60|man|
61|schlagen|
62|Handel|
63|vor|
64|willigen|
65|nur|
67|auch|
68|wenn|
69|Verstand|
70|verlieren|
71|wollen|
72|berühmt|
73|dafür|
74|geben|
75|Melodie|
76|immer|
77|neu|
78|Guß|
79|bringen|
80|herein|
81|Tausend|
82|schwarz|
83|Fluß|
84|stürzen|
85|auf|
87|an|
88|oh|
89|Meister|
90|Not|
92|nie|
93|wieder|
96|schön|
97|Leichtmatrose|
99|uns|
100|bummeln|
101|gehen|
102|herab|
104|alle|
105|sollen|
106|fummeln|
107|sehen|
109|Leck|
111|bald|
112|schon|
114|dir|
115|Deck|
117|fern|
119|Hafen|
120|gern|
122|bei|
123|heute|
125|lang|
126|dich|
127|Feuer|
129|allein|
130|Matrose|
131|Streich|
132|Segel|
133|Kauf|
134|paar|
135|Rubbellos|
136|Junge|
137|treu|
139|dein|
140|Mast|
142|Anker|
143|schnell|
144|verblühen|
145|Los|
147|voll|
148|Kraft|
149|voraus|
151|entfachen|
153|jawohl|
154|ahoi|
155|er|
156|schleichen|
157|sich|
158|Mensch|
159|Menge|
160|ganz|
161|Fährte|
162|hin|
163|lieben|
164|Stadt|
165|Lärm|
166|Enge|
167|Jagen|
168|Lustgewinn|
169|es|
170|übernehmen|
171|ihn|
172|Trieb|
173|Jäger|
174|greifen|
175|von|
176|hinten|
177|denn|
178|suchen|
179|Liebe|
181|sonst|
182|nirgends|
183|finden|
184|Fleisch|
185|Fell|
186|Haar|
187|Haut|
188|Glied|
189|Blut|
190|lecken|
192|tun|
193|Großstadt|
194|werden|
195|hell|
196|liegen|
197|da|
198|eng|
200|Mann|
201|Tier|
202|ineinander|
204|surreal|
205|Zweigespann|
206|flüstern|
207|sanft|
208|taub|
209|Ohr|
211|freuen|
212|heut|
214|Kampf|
216|morgen|
218|erneut|
219|wildern|
220|morgens|
221|Spiegel|
222|schauen|
223|dann|
224|Träne|
225|Gesicht|
226|wahr|
227|lieb|
228|glauben|
229|Schuld|
230|Reue|
231|kennen|
232|Nein|
233|fühlen|
234|jeder|
235|Tisch|
236|bleich|
237|still|
238|starr|
239|ohne|
240|Qual|
241|Schädel|
242|Brust|
243|entzwei|
244|Leib|
247|mal|
248|Napf|
249|mit|
250|Fett|
251|Hirn|
252|Gott|
253|Tempel|
254|Teufel|
255|Stall|
256|Kopf|
257|blank|
258|Boden|
259|Paradies|
260|Sündenfall|
261|Rest|
262|Eimer|
263|lauter|
265|Greis|
266|Mädchen|
267|einst|
268|verkaufen|
269|fett|
270|Antwort|
271|wer|
272|quälen|
273|gebären|
274|sterben|
275|wir|
276|für|
277|kurz|
278|Zeit|
279|einfädeln|
280|unser|
282|verbrennen|
283|kalt|
284|Tür|
285|Regler|
287|Jammertal|
288|was|
289|früh|
291|winzig|
292|klein|
293|entflammen|
295|Asche|
298|tanzen|
299|umher|
300|Häufchen|
301|Schmutz|
302|feuerfest|
303|Bahre|
304|Flammenmeer|
305|Faden|
307|reich|
308|gestern|
309|nun|
311|süß|
312|Mund|
313|Auge|
314|wie|
315|Mondenschein|
316|Rosenblatt|
318|streuen|
319|Vers|
320|schenken|
322|Herzensgrund|
323|unerreichbar|
324|ewig|
326|Wunsch|
327|fahren|
330|warum|
331|Tag|
334|befreien|
336|verehren|
337|tief|
338|Minne|
339|begehren|
340|arm|
342|Hand|
343|weich|
344|Welt|
345|aller|
347|als|
348|Garten|
349|wo|
350|bunt|
351|Blume|
352|blühen|
353|Rose|
354|Veilchen|
355|Jasmin|
356|bis|
357|jung|
358|brennen|
359|heiß|
360|ach|
361|geschehen|
362|Kind|
363|alt|
364|rechnen|
365|noch|
366|bleiben|
368|ohnehin|
369|weil|
370|unzerstörbar|
372|cool|
373|hart|
375|clever|
376|smart|
377|überlegen|
378|Stahl|
379|worin|
380|Sinn|
381|dass|
382|Superheld|
383|ob|
384|oder|
385|mittlerweile|
387|jemand|
388|niemand|
389|wissen|
390|halten|
391|Ende|
394|überall|
395|stellen|
397|Weg|
399|egal|
401|wohnen|
403|Sex|
404|Macht|
405|Ruhm|
406|Geld|
408|Ewigkeit|
409|genau|
410|derselbe|
411|umgeben|
412|Atemzug|
413|schwer|
415|schreien|
416|hören|
417|Abgrund|
419|Fuß|
421|Mal|
422|dasselbe|
423|Spiel|
424|längst|
425|Ziel|
426|Erde|
427|rieseln|
428|leicht|
429|scheinbar|
430|Drum|
432|Schaufel|
434|erwarten|
435|Grab|
436|Tunnel|
437|Freiheit|
439|bös|
440|Opfer|
441|Gang|
444|Basecap|
445|nimmer|
446|schwul|
447|Getto|
448|unbarmherzig|
449|homophob|
450|unten|
451|drunter|
453|heimlich|
457|Gangsterboss|
459|darum|
460|weinen|
461|zittern|
462|Knie|
463|Lauf|
464|weg|
465|selbst|
467|stark|
468|Rocker|
469|tätowieren|
471|unter|
473|überhaupt|
474|Rock|
475|Ring|
478|roh|
479|Nachttisch|
480|Bild|
484|bärenstark|
485|Torwart|
487|selten|
488|rein|
489|konzentrieren|
490|Ball|
491|dürfen|
492|Mannschaft|
493|Dusche|
496|Mittelstürmer|
497|Wein|
498|ruhig|
499|Schrei|
500|Leben|
501|Gold|
503|Sehnsucht|
505|zieren|
506|davor|
507|Seele|
510|schamlos|
511|benutzen|
513|Sünde|
514|beschmutzen|
515|Gewinn|
517|Verlust|
518|jetzt|
520|Inhalt|
521|Loch|
522|gleich|
523|gehören|
524|Adrenalin|
525|T|
526|Tyrosin|
527|E|
529|D|
530|Dopamin|
532|exzessiv|
533|eh|
534|vorbei|
535|knapp|
536|verfehlen|
537|nochmal|
538|Neustart|
540|gegen|
542|ab|
543|zählen|
544|Versuch|
545|kämpfen|
546|frei|
547|Fluch|
550|bereit|
551|bisschen|
552|Euphorie|
553|wenig|
555|Hysterie|
556|dabei|
557|drauf|
558|leben|
560|vorn|
561|zurück|
562|umdrehen|
563|weitergehen|
565|Universum|
566|drehen|
570|annehmen|
571|Körper|
572|dermaßen|
574|Anus|
575|passen|
577|ja|
579|Gedanke|
580|Arm|
581|um|
582|weiter|
583|kriechen|
584|empor|
586|leider|
587|Wirklichkeit|
588|weit|
589|aber|
590|lassen|
591|einmal|
592|biologisch|
593|Argument|
597|heraus|
599|eigentlich|
601|Arsch|
602|hinter|
603|stehen|
604|hinaus|
605|durch|
609|Schau|
610|raus|
611|schau|
613|Schein|
615|tot|
616|Teil|
617|schleppen|
618|Karawane|
619|verlassen|
620|öd|
621|Land|
622|Baum|
623|über|
625|Jahr|
626|peitschen|
627|Sandsturm|
629|unendlich|
630|müde|
632|Ufer|
634|pur|
635|verzweifelt|
636|Lamm|
637|damit|
638|Wolf|
640|Schwert|
641|ziehen|
642|kein|
643|Feind|
644|Königin|
645|Thron|
646|Haus|
647|Kirschbaum|
648|steigen|
649|See|
652|grün|
653|Licht|
654|Flut|
655|Pilger|
656|Prophet|
657|niemals|
658|sprechen|
659|heilig|
661|glücklich|
662|stumm|
663|blass|
664|Mondschein|
665|grandios|
666|Schmerz|
667|Poesie|
668|Wort|
669|legen|
670|Lied|
671|bewegen|
673|tragen|
675|Kleidchen|
676|hoch|
677|Hacke|
678|pudern|
679|Wange|
680|rot|
683|Bart|
684|stören|
685|Liebesspiel|
686|Lippe|
687|zärtlich|
689|verkleiden|
690|entscheiden|
691|bi|
692|schaden|
694|Hode|
696|Bein|
697|Mieder|
699|falsch|
700|Wimper|
701|Star|
702|Rampenlicht|
705|je|
706|lass|
707|Lust|
709|Engel|
710|beschönigen|
711|König|
713|tauschen|
714|erinnern|
715|Freund|
716|reden|
717|lachen|
719|manch|
722|weh|
723|treiben|
725|dahin|
726|erfüllen|
727|einzig|
728|Sache|
729|Rache|
730|gegenüber|
731|Vater|
732|Mörder|
734|hundert|
735|Vergeltung|
736|Hass|
737|Neid|
738|machen|
739|Schluss|
740|Leid|
741|wagen|
742|Schritt|
743|richtig|
744|Richtung|
745|Vernichtung|
746|Sieg|
747|Vernunft|
749|vereinen|
750|verschließen|
751|denken|
752|öffnen|
753|gar|
756|stattdessen|
758|Taktik|
762|Deutschland|
764|Schlange|
766|Angst|
767|verstehen|
768|schlafen|
770|La|
773|Mond|
774|drum|
776|frieren|
777|fragen|
778|Chorus|
779|Sandmann|
780|Mach|
781|Wahrheit|
782|grausam|
784|Streu|
785|Sand|
788|Arme|
789|langsam|
790|Hund|
791|Reich|
792|wann|
793|Spaß|
794|vergehen|
798|Lunge|
799|wund|
800|Hunger|
801|Kindermund|
802|sitzen|
803|eigen|
804|Boot|
805|Wohlstand|
806|Brut|
808|brauchen|
810|davon|
812|zehnmal|
813|gut|
814|zuwenig|
815|Hab|
816|wozu|
817|Verzicht|
818|zwar|
819|reichen|
820|Bescheidenheit|
821|recht|
822|nehmen|
823|schlecht|
825|zufrieden|
828|zuviel|
829|all|
830|Haben|
833|All|
834|zerfallen|
835|Krise|
836|Krieg|
837|Biene|
838|Terror|
841|Pole|
842|schmelzen|
843|Regierung|
844|Grenze|
845|dicht|
847|singen|
848|Europa|
849|rechts|
850|rücken|
851|echt|
852|verrückt|
853|Leute|
854|nötig|
855|Frieden|
856|möglich|
857|Ah|
858|yeah|
859|Gleiche|
860|beweisen|
861|klingeln|
862|Lieferant|
864|Symbol|
866|Hoffnung|
867|Scheibe|
868|Weisheit|
869|Menschheit|
870|gebacken|
871|Teig|
872|fest|
873|daran|
874|Pizza|
875|retten|
876|verbünden|
877|Baby|
878|bestellen|
879|Revolutionär|
880|Gewehr|
881|Herkunft|
882|Hautfarbe|
883|Religion|
884|Hauptsache|
885|dünn|
886|Tomatensoße|
887|Käse|
888|grade|
889|zuleide|
890|Kontinent|
891|Kultur|
893|sowas|
894|Pendant|
895|dazu|
898|Schickeria|
899|Pizzeria|
901|Parole|
902|Wand|
905|Hoch|
907|Flamme|
909|Problem|
912|tiefgekühlt|
913|wunderbar|
914|Wurfgeschoss|
915|erwischen|
916|Gerichtssaal|
918|Richter|
919|bestechen|
920|klappen|
922|Knast|
923|einfach|
924|Feile|
925|backen|
926|Mittel|
927|Staat|
929|bitte|
930|Oregano|
931|würzen|
933|neulich|
934|lange|
935|her|
936|treffen|
937|sehr|
938|Dame|
939|sagen|
941|Name|
942|wunderschön|
947|Moment|
948|akzeptieren|
949|drüber|
950|diskutieren|
952|genieren|
953|probieren|
954|verführen|
955|kapieren|
956|n|
957|Frau|
958|nee|
959|Niere|
961|provozieren|
962|Starallüre|
963|blind|
966|zwei|
967|Bier|
970|massieren|
972|Liege|
974|Schrippe|
975|Stulle|
976|Lampe|
977|danach|
979|also|
981|ok|
982|He|
984|wirklich|
985|Magen|
986|Sommer|
987|mitbringen|
988|außerdem|
990|tschüß|
992|willen|
993|Ghetto|
995|Alter|
997|Schlaf|
998|etwas|
1000|Fliese|
1001|Modergeruch|
1002|Leichentuch|
1005|schmerzen|
1007|Henker|
1008|Rosenkranz|
1009|vergessen|
1010|essen|
1011|Leichenhalle|
1012|Lage|
1013|fatal|
1014|Schminke|
1015|Kajal|
1016|Todesengel|
1017|Kuss|
1018|drücken|
1019|spitz|
1020|Schuh|
1021|Drudenfuß|
1022|beisammen|
1023|Leiche|
1024|herum|
1025|frisch|
1029|Ach|
1031|Fick|
1035|fehlen|
1036|ihm|
1037|Schopf|
1038|prächtig|
1040|Fräulein|
1042|Liebeskunst|
1043|bekannt|
1044|Ort|
1045|fort|
1048|I|
1049|m|
1053|a|
1058|happy|
1069|verkommen|
1070|verbiegen|
1072|Wind|
1073|wehen|
1074|leise|
1075|Meer|
1076|Berg|
1078|Afrika|
1079|A|
1092|dry|
1095|falls|
1104|love|
1116|Querdenker|
1117|klatschen|
1118|Pazifist|
1119|marschieren|
1120|Naziparole|
1122|Spaziergang|
1123|Gewalt|
1125|Volk|
1127|Gesellschaft|
1128|spalten|
1129|Idiot|
1130|wichtig|
1131|Million|
1133|easy|
1134|impfen|
1137|Hippie|
1138|überzeugen|
1139|Politik|
1142|Fascho|
1144|euch|
1145|Grund|
1147|Nazi|
1148|Hool|
1149|Maßnahme|
1153|verdienen|
1155|Patent|
1156|blockieren|
1157|profitieren|
1159|Verständnis|
1161|welcher|
1162|taktieren|
1164|weißen|
1166|Impfung|
1167|Arztbesuch|
1169|AfD|
1170|Identitäre|
1171|Bewegung|
1173|scheiß|
1174|Dorf|
1179|zusammen|
1180|miteinander|
1181|zueinander|
1182|Treue|
1183|Regel|
1184|regeln|
1185|Haifisch|
1186|laufen|
1187|Wasser|
1188|Tempo|
1189|mithalten|
1190|sofort|
1191|offen|
1192|sechs|
1193|warm|
1194|einsam|
1195|Zähre|
1196|fließen|
1197|salzig|
1198|schadlos|
1200|ziemlich|
1202|schick|
1203|setzen|
1204|Hut|
1206|ticken|
1208|Hol|
1210|absolut|
1217|nett|
1219|Rauch|
1220|Shit|
1223|Club|
1225|Ausblick|
1226|Braut|
1228|Schmuck|
1230|Hook|
1231|austicken|
1232|gucken|
1233|krass|
1234|rauskriegen|
1236|Ausgang|
1237|drin|
1238|Hausmann|
1239|unbedingt|
1240|Drink|
1241|taugen|
1242|ran|
1243|Bar|
1245|Lady|
1246|sieben|
1248|Tanz|
1249|sogar|
1250|Song|
1251|Placebo|
1252|blau|
1253|dito|
1255|hübsch|
1256|Ding|
1258|Ehering|
1261|nuckeln|
1262|Queen|
1267|Thing|
1268|Kid|
1269|Augenblick|
1271|blitzen|
1272|daraus|
1273|loslegen|
1276|einreden|
1278|bechern|
1279|Barkeeper|
1282|stecken|
1285|besessen|
1286|Offensive|
1289|darauf|
1290|neben|
1291|Toilette|
1292|wetten|
1294|Ehe|
1303|Top|
1315|Take|
1319|off|
1331|Do|
1341|stop|
1344|real|
1368|wehren|
1369|verbinden|
1370|gierig|
1372|schwierig|
1374|Größe|
1375|obszön|
1376|außen|
1377|Schar|
1379|Erbarmen|
1383|Untergang|
1384|vermissen|
1385|Glocke|
1386|Fahne|
1387|hissen|
1388|Tod|
1389|verklären|
1390|nennen|
1391|Urne|
1392|leeren|
1394|kriegen|
1395|Stein|
1396|Trauerfeier|
1397|gewiss|
1398|kreisen|
1399|Geier|
1400|Menschenfresser|
1402|fressen|
1403|Professor|
1404|Penner|
1406|riechen|
1408|gerne|
1409|meistens|
1411|manchmal|
1412|vegetarisch|
1413|blond|
1414|arisch|
1416|ihnen|
1417|schrecklich|
1418|leid|
1420|ändern|
1421|halt|
1422|normal|
1423|meist|
1424|fleißig|
1426|erst|
1428|oft|
1429|Überzeugungstäter|
1430|selber|
1431|tausend|
1432|Helfer|
1433|ruhen|
1434|Tennis|
1435|spielen|
1436|reiten|
1437|Seite|
1440|Präsident|
1441|fast|
1442|zeigen|
1443|Tresen|
1444|Intro|
1445|Kummer|
1446|Part|
1449|halb|
1450|schlimm|
1452|irgendein|
1453|Text|
1455|Trost|
1456|spenden|
1457|trostlos|
1458|Gegenteil|
1461|negativ|
1464|sicken|
1465|Flow|
1467|Hit|
1468|Strophe|
1469|Stimmung|
1470|kippen|
1472|Zuversicht|
1474|Zukunft|
1475|blicken|
1476|schaffen|
1477|ertragen|
1479|Rabe|
1480|System|
1481|defekt|
1482|versagen|
1483|Scherbe|
1486|Großvater|
1487|fünfzehn|
1488|irgendwie|
1490|Krebs|
1491|straight|
1492|back|
1493|Realität|
1494|Geile|
1495|Thema|
1499|schreiben|
1500|Satz|
1501|aufmuntern|
1502|Track|
1503|runter|
1506|Verleger|
1507|Brief|
1509|mitteilen|
1510|Buch|
1511|mögen|
1512|komplett|
1513|Spur|
1515|Ernst|
1517|nein|
1518|Kapitel|
1519|Typ|
1520|gerade|
1523|Flagge|
1524|Umhang|
1527|Tor|
1528|makaber|
1530|lila|
1531|Leggings|
1535|Schild|
1537|hetzen|
1539|entzücken|
1540|lesen|
1541|Geschichte|
1542|wohl|
1543|Bezugspunkt|
1544|Schundliteratur|
1545|Groschenroman|
1546|wirr|
1547|ausdenken|
1548|Lack|
1551|Kapital|
1552|beide|
1553|Figur|
1554|Platz|
1556|März|
1557|Koch|
1558|Bühne|
1559|empören|
1561|Satan|
1562|Museum|
1563|spät|
1564|dort|
1565|einbrechen|
1566|randalieren|
1567|Grundschullehrer|
1568|erzählen|
1569|irgendwas|
1570|GmbH|
1571|Friedensvertrag|
1572|Demokratie|
1573|deutsch|
1574|Kaiserreich|
1576|peilen|
1577|Finale|
1581|stürmen|
1582|Treppe|
1583|Bundestag|
1584|drei|
1585|Polizist|
1587|Revolution|
1588|Scheiß|
1590|Irrtum|
1591|Manuskript|
1593|wünschen|
1596|Kollege|
1597|Sachbuch|
1598|spekulativ|
1602|höchstpersönlich|
1606|Antisemit|
1610|Bogen|
1611|spannen|
1612|meinen|
1613|rhetorisch|
1614|sondern|
1615|Sportgerät|
1616|Pfeil|
1617|schießen|
1619|Grauzone|
1620|erreichen|
1621|Gericht|
1622|Sekt|
1623|Kunstfreiheit|
1624|decken|
1625|nutzen|
1626|bewusst|
1627|lieber|
1628|Konjunktiv|
1629|Konflikt|
1630|Gesetz|
1633|Reptiloid|
1634|gipfeln|
1636|Aufruf|
1637|Faschist|
1640|anstatt|
1641|vielleicht|
1644|Zensur|
1645|laut|
1646|beschweren|
1647|Band|
1648|erwähnen|
1649|beschimpfen|
1650|zerren|
1651|natürlich|
1652|Recht|
1654|Anwältin|
1655|bezahlen|
1656|lächerlich|
1657|hoffentlich|
1658|passieren|
1660|Dan|
1661|Experiment|
1662|ausloten|
1663|erlauben|
1664|verbieten|
1665|Meinung|
1666|Glück|
1669|wahnsinnig|
1670|wirken|
1671|eher|
1672|Nationalsozialist|
1673|vertrauen|
1674|Polizeiapparat|
1675|Verfassungsschutz|
1677|aufbauen|
1678|Polizei|
1679|durchsetzen|
1682|fesseln|
1683|anzünden|
1684|friedlich|
1685|ankommen|
1686|Militanz|
1688|alles|
1689|Job|
1690|flexibel|
1691|Arbeitszeit|
1693|Agentur|
1694|vermarkten|
1695|After|
1697|Chef|
1702|Lebenslauf|
1703|kleben|
1704|sympathisch|
1705|seriös|
1706|Foto|
1709|erscheinen|
1710|reinkommen|
1711|rauskommen|
1713|bevor|
1716|irgendwo|
1717|vorne|
1719|bestimmt|
1721|Hast|
1722|Alltag|
1723|Tasche|
1724|packen|
1725|Bordeaux|
1726|Gästebett|
1727|Kaffeefleck|
1728|ungefähr|
1729|verstecken|
1730|beibringen|
1731|Auto|
1732|aufknacken|
1734|Juni|
1739|Ticket|
1740|Zaun|
1742|verhauen|
1744|tagelang|
1746|alleine|
1748|Flasche|
1749|irgendwer|
1750|wegen|
1752|dran|
1753|plötzlich|
1754|Straßenbahn|
1757|Blick|
1758|zimmern|
1759|blöde|
1760|Sarg|
1762|Gelegenheit|
1763|Wichser|
1765|Hau|
1766|Maul|
1767|leiden|
1768|streiten|
1769|Chance|
1770|verkacken|
1771|Zufall|
1772|trotzdem|
1773|wach|
1774|Glas|
1775|verpassen|
1777|Bus|
1779|nix|
1780|Lügengeschichte|
1781|anrufen|
1782|obwohl|
1784|versprechen|
1785|Monat|
1786|Marquis|
1788|labern|
1789|planen|
1790|Nadel|
1791|hängen|
1792|treten|
1794|irgendwann|
1795|Schwachstelle|
1797|Schlag|
1799|Speise|
1803|Bayer|
1805|Ei|
1806|leuchten|
1807|nachts|
1808|Sachsen|
1809|Schweinehachse|
1810|empfehlen|
1811|Gesundheitspolizei|
1815|winken|
1816|Schwabe|
1817|Leberwurst|
1820|Pilz|
1826|wem|
1827|schmecken|
1829|Sandwich|
1830|wen|
1834|hingehen|
1835|völlig|
1836|enden|
1837|total|
1838|Amnesie|
1839|Fiasko|
1840|Erdboden|
1841|versinken|
1843|normalerweise|
1846|Herr|
1847|Situation|
1848|massiv|
1849|Aphasie|
1854|Himmel|
1855|schlau|
1856|zusehen|
1858|Gefühl|
1859|klar|
1860|Möglichkeit|
1861|ausgehen|
1864|verrinnen|
1865|beginnen|
1866|ärgern|
1867|unternehmen|
1869|Mütze|
1872|verändern|
1873|behaupten|
1874|Veränderung|
1875|erklären|
1877|automatisch|
1878|Terrorist|
1879|Todesurteil|
1880|unterschreiben|
1881|zumindest|
1882|theoretisch|
1883|furchtbar|
1884|tolerant|
1885|Diskussion|
1886|okay|
1887|Straße|
1888|demonstrieren|
1889|versuchen|
1890|verarschen|
1891|wählen|
1892|Stimme|
1894|Fahrrad|
1897|hoffen|
1899|Strafe|
1900|zahlen|
1901|führen|
1902|Verhör|
1904|Gegensatz|
1907|fliegen|
1908|Wolke|
1909|Popel|
1911|Affe|
1913|Blödmann|
1916|Sport|
1917|Spinner|
1918|Manta|
1919|Dödel|
1920|Jaguar|
1921|Genießer|
1922|braun|
1925|Sattel|
1926|Schlauch|
1927|äußerst|
1928|passend|
1932|perfekt|
1933|Liebeslied|
1934|Film|
1935|Boy|
1937|stimmen|
1938|ungeschickt|
1939|Kerze|
1940|Champagner|
1941|sternenklar|
1942|Schenk|
1944|Sternschnuppe|
1945|Gewicht|
1946|Radio|
1950|verlangen|
1951|zanken|
1953|romantisch|
1955|Ex|
1957|ratsam|
1962|checken|
1964|Farce|
1966|Marktwirtschaft|
1967|Kapitalismus|
1969|Glaube|
1970|heilen|
1971|Führer|
1972|Heil|
1973|dumm|
1976|reihen|
1977|bereiten|
1978|Straßenkampf|
1979|Abendland|
1980|Strich|
1981|Bewusstsein|
1986|Anfang|
1987|anfangen|
1988|heutig|
1989|Reichtum|
1991|Diebstahl|
1993|politisch|
1994|sobald|
1995|Politiker|
1996|weiß|
1997|Rechtsextremist|
1998|Landesparlament|
1999|vertuschen|
2000|Schwester|
2001|Bruder|
2002|Solidarität|
2003|statt|
2004|Morgen|
2005|brechen|
2006|ficken|
2007|Luftschloss|
2011|Bitte|
2013|Sorte|
2014|Joghurt|
2015|Regal|
2018|Zimt|
2019|Wahl|
2020|Achsel|
2021|Deodorant|
2024|männlich|
2025|markant|
2027|Sushi|
2028|Wurst|
2029|Cola|
2031|Durst|
2033|Handy|
2034|Nummer|
2035|App|
2036|Depp|
2037|Kopfschmerz|
2048|bloß|
2052|Playlist|
2055|Aktie|
2056|Wertpapierdepot|
2057|Konto|
2058|froh|
2060|Option|
2061|verschonen|
2062|darüber|
2063|lohnen|
2064|Zweifel|
2066|Übersicht|
2067|Therapie|
2068|Viertel|
2069|siebzehn|
2070|Therapeut|
2071|verdammt|
2073|hinunter|
2074|Stern|
2075|hinauf|
2077|Energiesparhaus|
2078|Evolution|
2081|Planet|
2082|breit|
2083|platt|
2084|Wald|
2085|Chor|
2086|Krone|
2087|Schöpfung|
2088|aha|
2089|na|
2090|Sintflut|
2091|Pech|
2092|Schwein|
2094|ha|
2095|Kernkraft|
2096|erfinden|
2097|Fernsehprogramm|
2098|Kaffeevollautomat|
2100|geil|
2101|Überschall|
2102|reisen|
2103|Berufsverkehr|
2104|Gebiet|
2105|Crème|
2106|Ozean|
2109|bilden|
2110|Fehler|
2111|Matrix|
2112|herrschen|
2115|Herbst|
2116|Deutschlandlied|
2118|Stehtisch|
2119|durchschallen|
2120|treudeutsch|
2121|trist|
2123|bitterkalt|
2124|Zwetschgenschnaps|
2125|wärmen|
2126|Stampe|
2127|Gehweg|
2128|damals|
2129|Märchenbuch|
2130|Gesinnungslump|
2132|einander|
2133|Deutschtum|
2134|betrunken|
2135|Herbstwind|
2137|Schlachtenbummler|
2138|Kamerad|
2139|gähnen|
2140|großmäulig|
2141|schrecken|
2142|Stammtisch|
2144|Hose|
2145|nass|
2146|selig|
2147|schwören|
2148|kreuzbrav|
2149|Reinheitsgebot|
2150|Crew|
2151|Frust|
2154|rollen|
2155|Punkrock|
2160|teuer|
2161|Kutte|
2163|antikapitalistisch|
2165|gemeinsam|
2168|bieten|
2169|Paroli|
2170|Sturmhaube|
2171|Rollkragen|
2175|Glatze|
2177|irgendetwas|
2178|Cringe|
2179|Art|
2180|Link|
2183|vereinigen|
2185|Staatsdienst|
2187|Presse|
2188|Fresse|
2190|Faxe|
2191|Punker|
2193|Call|
2194|Arbeit|
2196|Rollkragenpulli|
2197|links|
2198|Szene|
2199|Schauspieler|
2200|gendern|
2201|Rap|
2206|Macker|
2207|rum|
2208|Action|
2209|sophisticated|
2213|Pass|
2215|Team|
2219|zwischen|
2222|ups|
2223|Mut|
2226|Antifa|
2227|Struktur|
2228|Dude|
2229|Plenum|
2231|Uhr|
2232|Weiße|
2233|reflektieren|
2237|Max|
2241|Weinschorle|
2242|Getränk|
2243|neugeboren|
2244|Mama|
2245|anscheinend|
2246|fies|
2247|Eltern|
2248|geschieden|
2249|vier|
2253|Opa|
2254|kerngesund|
2255|Blumenbeet|
2257|Süden|
2258|Sonnenbrand|
2260|Urlaub|
2261|Strand|
2262|Schule|
2263|Lehrerin|
2264|Tafel|
2266|Zeugnis|
2267|Besuch|
2269|gebrochen|
2270|Nasenbein|
2273|Date|
2275|beulen|
2278|Peter|
2280|Demo|
2281|Krankenhaus|
2282|Abi|
2283|Rucksack|
2284|Uni|
2285|zehn|
2286|Semester|
2287|BWL|
2288|Abschluss|
2289|Freude|
2290|arbeitslos|
2291|Antrag|
2293|IV|
2294|Vermieter|
2295|ungewaschen|
2296|unrasiert|
2297|funktionieren|
2298|dunkel|
2299|Brücke|
2300|Kippe|
2301|bücken|
2302|Mauer|
2303|lehnen|
2305|Winter|
2307|trinken|
2308|übern|
2309|Currywurst|
2312|Smartphone|
2313|Trap|
2314|Handicap|
2315|Schließfach|
2316|Bank|
2318|dank|
2319|Punk|
2320|betrügen|
2321|Blinde|
2322|Kuh|
2324|CDU|
2326|Pelzmantel|
2327|Schrank|
2328|Droge|
2329|Ferienhaus|
2332|wischen|
2334|GG|
2335|krank|
2338|sportlich|
2340|spazieren|
2341|Zander|
2342|Weib|
2350|Maria|
2351|Alu|
2353|Musik|
2354|weder|
2355|Business|
2358|Motivation|
2361|schade|
2362|schätzen|
2365|Push|
2369|Ekel|
2371|Produkt|
2372|achtzig|
2373|spucken|
2375|Generation|
2376|Alpha|
2377|Selbstoptimierer|
2379|Sieger|
2381|außer|
2382|Gewinner|
2383|Fall|
2386|Ahnung|
2387|Kette|
2388|Blaulicht|
2389|Fashion|
2390|Outfit|
2391|traurig|
2392|Mailbox|
2394|Nachricht|
2395|lauten|
2396|Mission|
2397|eins|
2398|Ausrufezeichen|
2399|Plakat|
2400|acht|
2401|Komma|
2402|Verhaftung|
2404|Punkt|
2405|folgen|
2406|Vorschlaghammer|
2407|Fenster|
2408|drüben|
2411|Abbild|
2414|Girlande|
2415|zerknüllen|
2417|Denkmal|
2418|enthüllen|
2419|Refrain|
2422|bauen|
2423|Vollidiot|
2424|versauen|
2426|Sprayer|
2429|Trümmer|
2432|Beton|
2433|Seligkeit|
2434|Bridge|
2436|Inschrift|
2437|golden|
2438|Schrift|
2440|Welle|
2441|vorüber|
2442|Brett|
2443|verstauben|
2444|schäumen|
2445|Fleck|
2447|am|
2448|Salz|
2449|Staub|
2451|Sturm|
2456|Mobil|
2457|Netz|
2458|daheim|
2459|nah|
2461|Kellnerin|
2463|modern|
2464|Style|
2466|verschwinden|
2467|googlen|
2470|hinsetzen|
2472|Touri|
2474|Jahrtausend|
2477|Monument|
2479|knipsen|
2480|Landessprache|
2481|Fraß|
2482|Stammlokal|
2483|Hammelbraten|
2485|überteuert|
2486|Andenken|
2487|kaufen|
2488|Wandschrank|
2489|Wollen|
2490|Grün|
2491|Netzhaut|
2492|Gewächshaus|
2494|Luft|
2497|CO₂-Fußabdruck|
2498|Check-in|
2500|Gepäck|
2501|Infektion|
2502|Stresshormon|
2507|Reise|
2510|Dose|
2511|Sender|
2512|Television|
2513|Selbstreflexion|
2514|Señor|
2515|zuhause|
2517|Flug|
2518|Schnauze|
2519|Traufe|
2520|woanders|
2522|verkappt|
2523|Déjà-vu|
2524|wachsen|
2526|atmen|
2527|rauchen|
2528|Kater|
2529|Saufen|
2530|rennen|
2531|müssen|
2533|Teenie|
2534|Gelüsten|
2535|stapeln|
2536|Bleibe|
2537|Nahrung|
2539|Finger|
2540|akribisch|
2541|Hintergrund|
2542|produzieren|
2543|Erinnerung|
2547|Kinderwunsch|
2548|Hinrichtung|
2549|Heimat|
2552|Eindruck|
2553|sammeln|
2556|äh|
2559|Fisch|
2560|karibisch|
2562|Liebesgeschichte|
2564|posten|
2566|berichten|
2568|Geburt|
2570|indigen|
2571|Tattoo|
2575|ey|
2577|Mate|
2581|Vegetarier|
2585|Probetraining|
2587|Hobby|
2588|Skulptur|
2589|töpfern|
2590|radikal|
2593|seitdem|
2595|Kammerflimmern|
2596|anders|
2597|Trend|
2598|hassen|
2599|wutschnaubend|
2600|erkennen|
2601|Ausreise|
2602|Ausweis|
2605|erzeugen|
2606|Replikat|
2607|Drehen|
2609|Grad|
2612|Säuberung|
2613|Weste|
2615|Hexenjagd|
2616|Fähigkeit|
2618|Federvieh|
2619|Legebatterie|
2621|Verlegenheit|
2622|Wenigkeit|
2624|Ferienparadies|
2625|mittelschwer|
2627|Schoß|
2628|via|
2629|Airline|
2630|Floß|
2631|räumlich|
2632|Entfernung|
2633|Klo|
2636|Nation|
2638|genug|
2639|klug|
2641|merken|
2642|Betrug|
2643|klauen|
2644|stehlen|
2645|rauben|
2646|Entschuldigung|
2647|tierisch|
2649|Sonne|
2650|glänzen|
2652|Teich|
2653|Schloss|
2654|Ross|
2655|Held|
2658|Gedicht|
2659|weisen|
2660|Heiligenschein|
2662|Dank|
2664|lernen|
2665|Guck|
2667|Onkel|
2669|Werkstatt|
2670|Festanstellung|
2672|ständig|
2673|Nachbar|
2675|färben|
2678|Mutter|
2679|einschreiben|
2680|interessieren|
2681|Praxis|
2682|Nase|
2683|Elektrische|
2684|Gitarre|
2685|soviel|
2686|Umgang|
2687|enterben|
2688|Finanzamt|
2689|Sorge|
2692|Geröll|
2693|erfahren|
2694|Käuzchen|
2696|tragisch|
2697|Beute|
2698|Zahnzwischenraum|
2699|Person|
2701|Katheter|
2705|Tarnung|
2706|platzen|
2707|Großmutter|
2708|haarig|
2709|Sack|
2711|kommentieren|
2715|böse|
2716|Zunge|
2717|Schatten|
2719|Kinderchor|
2720|Moor|
2722|klingen|
2724|Kacke|
2725|persönlich|
2726|Platte|
2728|Ironie|
2729|Rätsel|
2730|Sage|
2731|häufig|
2732|erziehen|
2733|zweideutig|
2744|Grundwasser|
2745|Ergebnis|
2746|unfassbar|
2747|Clickbait|
2749|leisten|
2750|Leistungsgesellschaft|
2751|Selbstachtung|
2752|helfen|
2754|brenzlich|
2755|Bremse|
2756|hageln|
2757|Spenderorgan|
2758|steuern|
2759|Passagiermaschine|
2760|Skyline|
2762|gemein|
2764|ernst|
2766|Weizenkorn|
2767|Album|
2768|Laden|
2769|Scherzartikel|
2771|nachher|
2774|trashig|
2775|Tape|
2776|Retro|
2779|Schnurrbart|
2780|bepinseln|
2781|Liste|
2782|Geburtstag|
2783|Flussbad|
2784|Indien|
2785|Brusthaar|
2786|trimmen|
2788|pinkeln|
2789|Fruchtblase|
2791|schwimmen|
2793|schminken|
2794|rustikal|
2795|Pinte|
2796|Busfahrer|
2800|Fotze|
2802|Bitch|
2803|Spion|
2804|geheim|
2805|Tarnjacke|
2806|Fernglas|
2807|Schatz|
2808|reizen|
2809|Verbot|
2810|Zoo|
2812|Kostüm|
2814|verdecken|
2817|korrekt|
2818|Treffen|
2821|tatsächlich|
2823|Bettbezug|
2825|Laborbefund|
2829|Busch|
2831|Wohnung|
2832|amüsieren|
2834|Pop|
2836|Wiese|
2838|Minirock|
2840|frequentieren|
2841|Kirche|
2843|Kontrolle|
2845|E-Mail|
2846|Trojaner|
2847|Geheimnis|
2849|relativ|
2850|gesprächig|
2851|Messer|
2852|Kehle|
2853|Sauna|
2854|Kino|
2856|Zeitung|
2858|Rohstoff|
2860|Wanze|
2862|Arschloch|
2863|bemerken|
2865|Eifersucht|
2866|Leidenschaft|
2867|Eifer|
2868|Zitat|
2870|Lichtschranke|
2872|Gartenzwerg|
2873|Stichflamme|
2874|pusten|
2875|Postmann|
2877|Kamera|
2878|Verlobungsring|
2879|spannend|
2880|achtsam|
2881|Abgang|
2882|Schlappschwanz|
2884|flach|
2885|Helikopter|
2886|kosten|
2887|Jahreslohn|
2888|verschwenden|
2889|dastehen|
2890|makellos|
2891|Schwanz|
2892|Standpauke|
2893|schuld|
2895|Step|
2896|Bau|
2897|Drama|
2899|Abschied|
2900|wofür|
2902|Minute|
2904|Abdruck|
2905|Dinosaurier|
2906|Schwarz|
2908|Passwort|
2909|Telefonnummer|
2910|Seilbahn|
2911|Wellensittich|
2913|magnetisch|
2914|Piercing|
2915|Norden|
2916|waschecht|
2917|Original|
2919|Golf|
2920|schwach|
2921|toll|
2922|oll|
2923|wild|
2924|zahm|
2925|flink|
2926|lahm|
2929|Penthouse|
2934|Dollar|
2936|direkt|
2937|Nachfahre|
2944|Video|
2949|bestimmen|
2950|Todeszeitpunkt|
2951|Wasserleiche|
2952|Geschmack|
2953|Start|
2954|Flop|
2955|schief|
2956|Hengst|
2957|Zigarre|
2958|Zigarette|
2959|Stiefel|
2960|Sandalette|
2961|Muskel|
2962|Speck|
2965|lose|
2966|Apfel|
2967|Mus|
2970|hinken|
2971|duften|
2972|stinken|
2973|schreiten|
2975|Kumpel|
2976|Würde|
2977|unantastbar|
2980|Schmied|
2981|ersticken|
2982|Bulle|
2984|einschlagen|
2986|Fernseher|
2987|Unwissenheit|
2988|schützen|
2990|verhaften|
2996|sodass|
2999|Prime|
3003|freiwillig|
3004|Wohnungsmarkt|
3006|Prinzip|
3007|Nachname|
3008|Besichtigungstermin|
3009|Idee|
3016|heißen|
3017|höchstwahrscheinlich|
3019|Mist|
3021|Dunkelheit|
3022|erblinden|
3024|hundertachtzig|
3025|Balancier|
3026|Dach|
3027|Schnaps|
3029|Bett|
3030|Samstag|
3031|fangen|
3032|Wochenende|
3036|ironisch|
3038|Spießigkeit|
3040|Eskalation|
3041|pro|
3042|Gemütlichkeit|
3043|harmlos|
3045|Gespräch|
3048|außerhalb|
3049|Gegend|
3050|Grillfest|
3051|Hochzeit|
3052|Klassentreffen|
3053|Weinverkostung|
3054|Blei|
3055|gießen|
3056|Silvester|
3057|Kassenbon|
3059|international|
3060|Fanmeile|
3061|Bekannte|
3062|beinahe|
3063|dreißig|
3064|Phase|
3067|neidisch|
3068|Bock|
3069|Quatsch|
3070|scheiße|
3073|imposant|
3074|Gewinnertyp|
3075|Gehaltsklasse|
3076|Schulabschluss|
3077|Fremdsprache|
3078|Klavier|
3081|Blumenstrauß|
3084|lügen|
3085|sicher|
3086|Freundin|
3087|Können|
3088|jagen|
3089|Himmelszelt|
3090|Detail|
3091|perfektionieren|
3092|Parkbank|
3097|fürchten|
3098|Fachzeitschrift|
3100|Kritik|
3102|Schönheitsschlaf|
3103|Flur|
3104|DJ|
3106|fein|
3108|Phänomen|
3112|drucken|
3115|Preisschild|
3116|dulden|
3117|Weibsbild|
3121|Schicht|
3122|ehrlich|
3124|Botox|
3125|holen|
3126|Hohlkopf|
3129|zögern|
3130|verlegen|
3131|Frühling|
3132|Röslein|
3134|Mühe|
3136|Kompliment|
3137|Schöne|
3138|Benutzeroberfläche|
3139|Angebot|
3140|wecken|
3142|reduzieren|
3144|Kochwäsche|
3147|Stoffwechsel|
3149|Skala|
3150|Kleid|
3151|Leisten|
3152|weniger|
3154|schweifen|
3156|on|
3157|verhören|
3160|heiter|
3162|Geduld|
3163|genauso|
3164|Deckel|
3165|formlos|
3167|farblos|
3168|bekommen|
3169|endgültig|
3170|Form|
3174|wohin|
3175|Frage|
3176|Monster|
3177|gefangen|
3178|Lösung|
3179|Pest|
3181|Milliardär|
3182|Empathie|
3183|Raffgier|
3185|Frische|
3186|sauber|
3187|kreativ|
3188|Energie|
3191|Profit|
3192|erpressen|
3193|korrumpieren|
3194|hintergehen|
3195|manipulieren|
3197|schlucken|
3200|paranoid|
3201|ausdrücken|
3204|Griff|
3205|Waffe|
3207|Wahnsinn|
3208|beenden|
3209|töten|
3210|sperren|
3212|Millionär|
3214|umso|
3216|Quere|
3217|deutlich|
3218|vermehren|
3219|Beruf|
3220|Musiker|
3221|Fernsehen|
3222|Popstar|
3225|herumfingern|
3226|Masse|
3227|Sehen|
3228|Ekstase|
3229|T-Shirt|
3230|oben|
3231|reißen|
3233|schmeißen|
3234|opfern|
3235|üben|
3236|Proberaum|
3237|Erfüllung|
3238|Model|
3239|Zahnspange|
3240|Konzert|
3241|dick|
3242|schämen|
3243|Fan|
3244|erlösen|
3247|VIP|
3252|kultiviert|
3253|Individuum|
3254|Anwesenheit|
3255|überraschen|
3259|viertel|
3261|erbärmlich|
3264|scheißen|
3265|Abrakadabra|
3266|Spielen|
3267|aufwachsen|
3268|Lebenswelt|
3269|rosa|
3270|Kleidung|
3271|dagegen|
3272|Sprechstundenhilfe|
3273|Oberarzt|
3275|leiten|
3276|Erzieherin|
3281|Unterschied|
3282|unterliegen|
3283|studieren|
3284|ackern|
3286|runterziehen|
3287|unbeliebt|
3288|Wunder|
3290|Röte|
3292|begutachten|
3293|Ware|
3294|vorbeigehen|
3295|einteilen|
3296|sexy|
3297|hässlich|
3298|Verlauf|
3299|sexuell|
3300|belästigen|
3301|Armlänge|
3302|Abstand|
3308|berühren|
3309|erstmal|
3310|höflich|
3311|Erfahrung|
3312|Tochter|
3313|Rapper|
3315|Scheiße|
3316|Windel|
3317|wechseln|
3320|Sneaker|
3322|Speed|
3323|Trainer|
3325|Jogginghose|
3327|Euro|
3329|entschieden|
3331|Verlierer|
3335|Louis|
3338|abgetragen|
3339|Klamotte|
3340|Geschwister|
3341|rocken|
3342|siebzig|
3344|Socke|
3348|super|
3349|nice|
3350|nähen|
3351|Donnerstag|
3352|Termin|
3354|Trottel|
3356|zehntausend|
3368|wert|
3374|Plattenbaugebiet|
3375|Rand|
3379|Hundert|
3383|eben|
3384|auffallen|
3386|Okay|
3389|sorgen|
3391|Muss|
3392|immerfort|
3393|zwingen|
3394|Knochen|
3396|Sprache|
3397|irren|
3398|verwirren|
3399|zügeln|
3400|Flügel|
3401|Schwinge|
3402|stets|
3404|Zahn|
3405|Zange|
3407|angenehm|
3408|ansagen|
3409|allgemein|
3410|a-|
3411|Zweisamkeit|
3412|zweifelsfrei|
3413|Einsamkeit|
3414|Vergleich|
3416|darin|
3418|verprügeln|
3419|Sextourist|
3424|argumentieren|
3425|Ausbeutung|
3426|kratzen|
3427|Patriarchat|
3428|dadurch|
3429|Longdrink|
3430|Sonnenliege|
3431|Tourist|
3432|Handtuch|
3434|Karte|
3435|Anbruch|
3438|vorher|
3439|abstrakt|
3440|Staatsanwalt|
3441|entlasten|
3443|Hemd|
3444|Zweite|
3447|unterschätzen|
3448|springen|
3449|fliehen|
3451|TÜV|
3452|Prügelstrafe|
3453|einführen|
3454|vermöbeln|
3455|Quark|
3456|Essen|
3458|Respekt|
3461|Konzept|
3462|werfen|
3463|Strike|
3464|Schnee|
3465|Akku|
3466|jederzeit|
3468|G|
3470|vegan|
3472|einkaufen|
3473|geteert|
3475|Ferne|
3476|Kühlschrank|
3478|Supermarkt|
3479|Eck|
3480|Spielplatz|
3481|Nahverkehr|
3482|Kettensäge|
3483|sehnen|
3485|zuerst|
3487|kehren|
3488|Zurück|
3489|Prediger|
3490|jedweder|
3491|Couleur|
3492|Hölle|
3493|drohen|
3495|Reaktion|
3496|abklären|
3498|anlegen|
3499|verglühen|
3500|Dilemma|
3503|unwahrscheinlich|
3504|Milliarde|
3507|Sechser|
3508|Lotto|
3510|Sekunde|
3511|Dreh|
3512|Runde|
3514|Hürde|
3516|Klausur|
3517|Paar|
3518|Like|
3520|Ne|
3523|Block|
3524|scheinen|
3525|Hinterkopf|
3527|rau|
3528|grau|
3529|Teer|
3531|Dampfer|
3532|sin|
3534|Abgas|
3536|Maschinenraum|
3537|verrotten|
3538|Zwischendeck|
3539|wütend|
3540|Kartoffel|
3541|Haufen|
3545|Takt|
3548|Pfütze|
3549|Urin|
3550|Rudel|
3551|Ratte|
3552|irgendjemand|
3554|Knoten|
3555|durchstreifen|
3556|Kohle|
3557|schaufeln|
3558|Ofen|
3559|Schiff|
3561|wieso|
3562|Pisse|
3565|Flecken|
3567|Tropfen|
3568|Parkett|
3570|Etage|
3571|Klasse|
3572|Möbel|
3574|stundenlang|
3575|Begleitmusik|
3576|schaudern|
3577|draußen|
3578|Bauer|
3579|ersaufen|
3580|Rettungsring|
3581|Westen|
3582|konstruktiv|
3585|Gast|
3586|Wrack|
3587|pennen|
3589|Wake|
3591|September|
3599|Kaffee|
3600|Stand|
3602|Drohne|
3603|beinah|
3607|Australien|
3608|unweit|
3610|gewinnen|
3611|Februar|
3612|Riß|
3615|Schuß|
3616|Maske|
3617|Pandemie|
3618|Virus|
3619|wuschen|
3620|ungelogen|
3623|Hilfe|
3625|Mitleid|
3626|Kunst|
3629|Triggerwarnung|
3631|Basketball|
3634|Rassismus|
3635|Mai|
3636|Kachel|
3638|zweimal|
3640|aufrecht|
3641|perplex|
3647|Grübchen|
3649|Falte|
3650|feiern|
3652|Aroma|
3654|Ausnahme|
3655|bestätigen|
3656|selbstverliebt|
3657|Flegel|
3658|Lächeln|
3660|Entwicklung|
3661|Prinz|
3662|Jahrzehnt|
3663|Tragödie|
3669|Versehen|
3670|wörtlich|
3671|missverstehen|
3672|optisch|
3673|umsetzen|
3674|aufhalten|
3675|kugelrund|
3676|Antilope|
3677|umgestalten|
3679|Geisterbahn|
3680|hu|
3681|Häuptling|
3682|Aufgabe|
3683|erledigen|
3684|freundlich|
3685|mitteilsam|
3686|Bauch|
3687|Kopfschmuck|
3689|verderben|
3690|Charakter|
3691|arbeiten|
3693|Tritt|
3694|Holz|
3696|loben|
3697|schuften|
3698|schinden|
3699|vertrackt|
3700|behalten|
3702|Karma|
3704|abschreckend|
3705|nichtig|
3707|Herzinfarkt|
3711|Beispiel|
3712|vermutlich|
3713|küssen|
3714|Tablette|
3715|Narbe|
3716|Handgelenk|
3717|Wüstenspringmaus|
3718|Tesafilm|
3720|wenigstens|
3721|wegnehmen|
3722|unsinnig|
3724|blutgetränkt|
3725|einnehmen|
3726|ersetzen|
3727|Sohn|
3728|Soldat|
3729|nieder|
3731|Heim|
3732|riskieren|
3736|zielen|
3737|überleben|
3738|erschießen|
3740|Herrscher|
3745|wahrscheinlich|
3746|Mopp|
3748|uh|
3752|Langeweile|
3754|Heinz|
3760|Geldwäsche|
3761|erfolgreich|
3763|ausruhen|
3764|Sparen|
3766|Jubel|
3767|ausbuhen|
3768|Hater|
3769|kombinieren|
3770|konzentriert|
3772|jemals|
3773|rezensieren|
3775|Panik|
3776|Panzer|
3777|aufschreiben|
3781|ALG|
3782|Label|
3783|auftreten|
3784|aufregen|
3785|aufgeben|
3786|auflösen|
3787|Bobby|
3791|Zahl|
3794|Parkverbot|
3795|Katzenwäsche|
3798|Abendbrot|
3801|Pick|
3802|Enkeltrick|
3805|Felge|
3807|ah|
3811|Lieblingswort|
3816|Viehtransport|
3818|Deal|
3820|Warnung|
3822|Rechtsberatung|
3823|Geschäftsgebaren|
3824|Sahne|
3825|Chefetage|
3826|Sekte|
3830|bedeuten|
3831|Unterschrift|
3843|Hockeyschläger|
3844|Haartransplantation|
3847|insgesamt|
3848|peinlich|
3849|Megafon|
3851|Plan|
3852|betreiben|
3853|scheißegal|
3857|Sitz|
3858|Wanne|
3859|knutschen|
3861|Salat|
3862|Weißwein|
3863|lecker|
3864|Dessert|
3868|wobei|
3869|Machen|
3871|Raumschiff|
3873|Brot|
3874|Aufstrich|
3875|glutenfrei|
3876|gesund|
3877|zeugen|
3878|finnisch|
3879|Autor|
3881|Tiramisu|
3882|Guacamole|
3883|laktosefrei|
3890|Rezept|
3891|danken|
3892|Wiederholung|
3893|Mediathek|
3895|Buffet|
3897|Finnisch|
3898|ausgezeichnet|
3899|hinkommen|
3904|verdammen|
3905|Ingwer|
3911|allerdings|
3913|wiederum|
3915|jedoch|
3916|verliebt|
3919|scharf|
3921|Schwarm|
3922|hetero|
3923|genügen|
3924|Stuhl|
3929|erwürgen|
3931|erschlagen|
3934|ermorden|
3935|Lukas|
3936|Benjamin|
3938|erstechen|
3939|daraufhin|
3940|abmurksen|
3945|Balkon|
3946|irdisch|
3948|Stück|
3949|explodieren|
3951|steppen|
3952|plumpsen|
3953|Packung|
3955|Batterie|
3956|Plutonium|
3959|bedeutungslos|
3960|verwahren|
3961|Atemmaske|
3962|Gras|
3963|erfrischen|
3967|Vogel|
3968|zwitschern|
3969|Lobeshymne|
3970|Möwe|
3973|Porzellan|
3974|verdrecken|
3976|Panda|
3979|strecken|
3980|billig|
3981|Zeug|
3982|Kram|
3983|Picknick|
3984|Fritteuse|
3985|Massagesessel|
3987|orten|
3989|Müll|
3992|Mikrowelle|
3993|Urlaubsreise|
3994|klasse|
3995|Leitungswasser|
3997|strahlen|
3998|Rippe|
3999|Husten|
4000|endlos|
4001|Sitte|
4003|Umwelt|
4005|Gummistiefel|
4006|Deich|
4010|Ruf|
4012|pleite|
4013|Sofa|
4014|aufstehen|
4015|elend|
4022|Witz|
4023|Geschenk|
4025|ausnahmsweise|
4026|Halt|
4027|mittags|
4030|nerven|
4031|Ausländer|
4038|Pointe|
4039|linksradikal|
4040|No|
4041|distanzieren|
4042|Nazipartei|
4043|heutzutage|
4044|Deutschlandflagge|
4046|relativieren|
4047|verfickt|
4048|Kasper|
4049|abreisen|
4050|Chemo|
4051|Bedrohung|
4052|Hashtag|
4053|Mehrheit|
4054|schweigen|
4057|Latein|
4058|Physik|
4059|Speicher|
4063|Blackout|
4067|Hauptplatine|
4069|Jahreszahl|
4071|Bauernkrieg|
4077|Hallo|
4081|Kabelsalat|
4082|Songtext|
4086|Suche|
4087|geschmackvoll|
4088|gutmachen|
4089|zusammenhangslos|
4094|Fläche|
4100|Körpersprache|
4102|farblich|
4103|Eidechse|
4104|Gespür|
4105|Pulli|
4106|matchen|
4109|Mindset|
4110|reißfest|
4111|Schmuckstück|
4112|kleiden|
4115|glühen|
4119|aufrichtig|
4120|Anteilnahme|
4126|Beach-Party|
4128|Same|
4130|beschissen|
4131|somit|
4132|Kopfsprung|
4134|Statistik|
4137|Liebesgefühl|
4138|Biochemie|
4140|Gefängnis|
4141|unbefangen|
4142|ansprechen|
4143|berechnen|
4144|Ehekrise|
4145|Anwaltskosten|
4147|Gehen|
4149|Sozialverhalten|
4151|Leichtigkeit|
4153|Schmerztablette|
4154|Fernweh|
4155|Schwäche|
4156|Wanderrucksack|
4158|kreuchen|
4160|Feuerzeug|
4162|unmöglich|
4163|besitzen|
4165|Ballast|
4168|Zügel|
4169|Tal|
4170|Masochist|
4172|Peitsche|
4174|gefälligst|
4175|Genital|
4176|Kohl|
4177|Gesichtsausdruck|
4178|mollig|
4179|Olle|
4180|Kalb|
4181|Volleyball|
4183|Vergangenheit|
4186|Wachs|
4187|weichen|
4188|Brokkoli|
4190|Schwerkraft|
4191|Zeh|
4192|Klinge|
4193|schneiden|
4194|Glockenspiel|
4195|menschenleer|
4198|Treppenhaus|
4199|begünstigen|
4200|Augenkrebs|
4201|Nachhauseweg|
4202|grob|
4203|träumen|
4204|Heuwagen|
4205|Amt|
4206|walten|
4208|Paket|
4209|Gegenwind|
4210|weswegen|
4211|daneben|
4212|Nebenjob|
4213|Märchenschloss|
4214|Pferd|
4215|Uhrzeit|
4216|Stich|
4220|Kunde|
4223|Höflichkeit|
4224|Geruch|
4225|Körpersaft|
4227|Trinkgeld|
4228|extra|
4231|Shirt|
4232|unerhört|
4234|Publikum|
4235|vorab|
4236|ergreifen|
4237|Gehör|
4239|Genuss|
4240|zwanzig|
4241|Rechnung|
4242|begleichen|
4243|Erwarten|
4244|Stelle|
4248|ergeben|
4254|Schüler|
4255|grundsätzlich|
4258|beschreiben|
4259|Mathe|
4260|pünktlich|
4261|arbeitsam|
4262|tugendhaft|
4263|preußisch|
4264|ähnlich|
4265|Roboter|
4266|Ja|
4268|Vokabel|
4269|verpfeifen|
4270|Hilfssheriff|
4271|Lehrkörper|
4273|aufmüpfig|
4274|Direktor|
4275|zitieren|
4277|rausschmeißen|
4278|geschweige|
4281|Note|
4282|Exklusion|
4283|bedrohen|
4284|exkludieren|
4285|Bestrafung|
4286|beobachten|
4287|Amen|
4290|Ansatz|
4292|kiffen|
4294|Entlassung|
4295|Schülerin|
4298|Pause|
4299|bereisen|
4300|prägen|
4302|Laune|
4303|woran|
4308|staunen|
4311|beliebt|
4313|trauen|
4315|aussehen|
4317|auflegen|
4318|behandeln|
4319|verwandeln|
4322|Vorwurf|
4324|unterdrücken|
4325|Wärme|
4326|binden|
4329|stolz|
4330|Stolz|
4332|beschützen|
4333|zusammenbrechen|
4335|funken|
4338|pumpen|
4340|verschandeln|
4341|gefallen|
4342|bedanken|
4345|füttern|
4347|feige|
4349|spüren|
4350|Bestätigung|
4351|Eis|
4352|enttäuschen|
4353|Applaus|
4354|bewohnen|
4356|ergründen|
4357|zuhören|
4360|Park|
4361|Kreislauf|
4362|beleben|
4363|ablegen|
4364|eindösen|
4366|teilen|
4367|verlaufen|
4370|Französisch|
4371|Lokal|
4372|Wegesrand|
4373|fotografieren|
4374|Hauch|
4375|Vergänglichkeit|
4376|tan|
4377|markieren|
4378|Oma|
4379|Koffer|
4380|Türkei|
4381|Schweden|
4383|Mahlzeit|
4384|Mark|
4385|inklusive|
4386|sparen|
4387|Suppe|
4388|fad|
4389|Maggi|
4390|verlieben|
4391|Stacheldraht|
4392|Deutsch|
4393|genügsam|
4395|Türke|
4398|Basar|
4400|wuselig|
4401|wehe|
4402|Urlaubsland|
4404|halbwegs|
4405|Arzt|
4407|Pickel|
4408|joggen|
4409|Freibad|
4412|Leukämie|
4413|heilbar|
4417|Pille|
4420|doppelt|
4422|Leukozyt|
4423|Thrombozyt|
4427|woher|
4430|Fahrt|
4431|Fahrgast|
4433|Abitur|
4434|Bezahlung|
4435|Image|
4436|Firma|
4437|prall|
4438|Gerücht|
4439|Krawall|
4440|mega|
4443|Banker|
4444|festangestellt|
4445|Linksextremist|
4447|Überstunde|
4451|angesichts|
4455|kürzlich|
4456|Erhöhung|
4457|Gehalt|
4458|nämlich|
4459|straff|
4460|organisieren|
4462|subventionieren|
4463|gelten|
4464|Abmahnung|
4465|schwänzen|
4466|Freizeit|
4467|dauernd|
4468|Pflasterstein|
4470|schlauchen|
4472|Maloche|
4473|Zimmer|
4474|durchdringen|
4476|betrachten|
4477|gestehen|
4479|Hülle|
4481|Zungenspitze|
4482|künstlich|
4483|entfernen|
4485|verschmähen|
4486|wortlos|
4487|entbehren|
4488|nirgendwo|
4489|weiterdrehen|
4490|nervös|
4491|unseriös|
4493|au|
4494|Gesang|
4495|Müßiggang|
4496|Hälfte|
4497|Däumchen|
4499|verkehren|
4502|extrem|
4503|Perfektion|
4504|genießen|
4506|faul|
4508|deshalb|
4509|permanent|
4510|Bürde|
4512|langweilen|
4514|Langweiler|
4516|wiedersehen|
4517|Aufregung|
4519|moin|
4520|neun|
4521|Frühstück|
4523|Walkman|
4524|Haustür|
4525|entlang|
4526|Kaufmannsladen|
4528|Brötchen|
4529|Großangriff|
4530|unzählig|
4531|Bombe|
4532|Bäcker|
4533|Nachrichtensprecher|
4534|dramatisch|
4535|verschlechtern|
4536|fantastisch|
4537|Wetter|
4538|Knall|
4539|Nachbarskatze|
4540|Verkehrsunfall|
4541|Anblick|
4542|Mistvieh|
4545|schadenfroh|
4547|bohren|
4548|gnadenlos|
4549|Hungertod|
4550|Schätzung|
4552|Obst|
4556|Fliege|
4557|Weiß|
4558|täglich|
4559|erschrecken|
4560|dreckig|
4561|verrecken|
4562|dumpf|
4563|Leere|
4564|zerreißen|
4565|Fressen|
4567|bestialisch|
4568|brutal|
4569|Anschlag|
4571|entsetzlich|
4572|Tat|
4574|TV|
4576|übersteigen|
4577|Vorstellungskraft|
4578|Attentäter|
4579|Gegner|
4580|Familie|
4584|schweißgebadet|
4587|Fest|
4588|prominent|
4589|Häppchen|
4590|eiskalt|
4591|mitfeiern|
4592|kritisch|
4593|Türpolitik|
4594|unpolitisch|
4595|Party|
4596|Willkommen|
4597|Saal|
4599|fünf|
4600|zwölf|
4601|senken|
4602|erheben|
4604|wegschauen|
4606|Demokrat|
4607|Rassist|
4608|Täter|
4610|Hans|
4611|Bürger|
4613|schließen|
4615|übertönen|
4617|herrlich|
4618|Lieben|
4620|Moral|
4622|zuallererst|
4623|festlich|
4626|freundschaftlich|
4627|Fußtritt|
4628|Klaps|
4630|Rausschmiss|
4631|unvermeidlich|
4632|wohltemperiert|
4633|Grausamkeit|
4634|bisher|
4636|Reiter|
4638|Querkopf|
4639|Weltbild|
4640|verzerren|
4642|Profilbild|
4647|ungeklärt|
4648|Klare|
4649|Fakt|
4650|Moses|
4651|hinterher|
4655|kaputt|
4659|hallo|
4664|News|
4665|Fake|
4667|Lügenpresse|
4668|Einfluss|
4673|visionär|
4674|Militär|
4676|klassifizierbar|
4684|bitten|
4685|Gefecht|
4688|Käfig|
4691|wandern|
4692|entstehen|
4694|Strecke|
4695|versteckt|
4696|Decke|
4698|zähmen|
4699|Innenstadt|
4701|stattfinden|
4702|abfinden|
4703|Schlaufe|
4704|Delfin|
4705|Taube|
4706|tauchen|
4707|berauben|
4708|Silbe|
4709|fauchen|
4710|Wipfel|
4711|verraten|
4713|Z|
4714|C|
4716|gläsern|
4717|lösen|
4718|Diktat|
4720|Jakobsweg|
4721|rückwärts|
4722|Beginn|
4725|siegreich|
4726|Anleitung|
4730|Lieblingsort|
4731|hä|
4732|Eins|
4734|Imperium|
4735|injizieren|
4738|Helium|
4739|heben|
4740|Faust|
4741|Mephisto|
4742|Gremium|
4744|Rede|
4746|Lüge|
4747|handeln|
4750|Requiem|
4751|solo|
4752|Flöte|
4753|Laufen|
4754|Schleier|
4755|Test|
4756|löschen|
4757|Festplatte|
4758|unwiederbringlich|
4759|Besitz|
4761|Austausch|
4763|verschenken|
4764|besiegen|
4765|bekämpfen|
4766|Unendlichkeit|
4767|Labyrinth|
4768|verbringen|
4769|verschlingen|
4771|Einzelteil|
4772|auseinandernehmen|
4774|eintausend|
4775|begreifen|
4777|bestehen|
4778|Kern|
4779|namens|
4780|X|
4781|entwischen|
4782|Mitte|
4783|Beweis|
4784|Zelle|
4785|Keim|
4786|zerbrechen|
4788|reimen|
4792|tausendmal|
4793|erblicken|
4795|währenddessen|
4796|hunderttausend|
4797|Pi|
4799|Zwilling|
4800|diebisch|
4801|Pakt|
4804|sterblich|
4805|Wesen|
4806|welche|
4807|Unbegrenztheit|
4808|Widerspruch|
4810|Farbe|
4812|Ziffer|
4813|zirkeln|
4814|Wirbel|
4815|Buddha|
4818|Zyklop|
4819|Acht|
4827|Kreis|
4828|erfahrbar|
4829|zirkulieren|
4831|Regen|
4832|weben|
4833|Ebene|
4834|schweben|
4835|Barriere|
4836|Wissen|
4841|unbeweglich|
4846|unbegrenzt|
4847|Donner|
4848|Wert|
4850|äußerlich|
4851|pflanzen|
4852|ebenfalls|
4853|begrenzen|
4854|Kränkung|
4855|manifestieren|
4856|Beschränkung|
4857|Materie|
4858|tränken|
4859|Getrenntheit|
4860|Beat|
4861|solange|
4862|fremd|
4863|prima|
4864|besonders|
4865|Ampel|
4866|Kanne|
4867|Rücktritt|
4868|Schulter|
4870|Berlin|
4871|Gepäckträger|
4872|Taxi|
4873|Retter|
4874|Nachtbus|
4875|quatschen|
4876|merkwürdig|
4878|dorthin|
4879|Blondine|
4880|Türsteher|
4881|prüfen|
4884|Basilikum|
4888|etwa|
4889|Stroboskop|
4891|gratis|
4893|Disko|
4894|Laut|
4897|Fete|
4898|Klatschen|
4899|Tapete|
4900|Machete|
4902|Rakete|
4903|verpissen|
4906|Güte|
4907|Fass|
4908|Pfand|
4910|Hopfen|
4912|Kotze|
4913|gelegentlich|
4915|kaum|
4916|Spree|
4918|Heben|
4921|Denken|
4922|schneien|
4923|Jahreszeit|
4924|lächeln|
4925|Kuß|
4926|duschen|
4927|Abend|
4930|verschweigen|
4931|Adonis|
4932|durchschnittlich|
4933|mittelmäßig|
4934|mittelalt|
4935|draus|
4936|M|
4937|Metapher|
4938|fair|
4939|Metzger|
4940|Erkenntnis|
4942|Dasein|
4945|Midlife-Crisis|
4947|Geschrei|
4948|Schalmei|
4949|Abendrot|
4950|Ritter|
4951|stammen|
4953|Geschlecht|
4954|streitlustig|
4955|Kerl|
4956|gerecht|
4958|plündern|
4960|interessant|
4961|Plastik|
4962|Treffer|
4963|Feuerschaden|
4964|Lagerfeuer|
4966|Met|
4969|Latex|
4970|verbergen|
4971|Elbe|
4972|Ork|
4973|Zwerg|
4974|Streitaxt|
4975|reinpassen|
4976|Laute|
4977|Sonntagnachmittag|
4978|Schlacht|
4979|Zelt|
4980|Schweiß|
4981|Pubertät|
4982|Renaissance|
4983|Fortschritt|
4984|Rüstung|
4985|zerstören|
4988|schwanger|
4989|Beziehung|
4991|Penis|
4992|Botschaft|
4995|Glückwunsch|
4998|Kleiderbügel|
4999|frühestens|
5000|Schlafanzug|
5003|Mischpult|
5007|intakt|
5008|Tabak|
5011|Strippe|
5012|Girl|
5014|Samen|
5016|Erzeuger|
5017|Schnäuzer|
5019|Keule|
5024|Buchse|
5026|brav|
5027|Verantwortung|
5029|glaubhaft|
5032|Kondom|
5038|Kalenderblatt|
5039|herunter|
5040|Jalousie|
5041|Katastrophe|
5044|versäumen|
5048|Galgen|
5049|Fahrtwind|
5050|Benzin|
5052|Trecker|
5053|Flugblatt|
5054|Hakenkreuz|
5055|Konsequenz|
5058|Hochwasser|
5061|legal|
5064|versöhnen|
5066|gewöhnen|
5067|senil|
5068|Rentner|
5071|verurteilen|
5072|Dreck|
5073|hohl|
5076|Reichskanzler|
5081|Flatscreen|
5082|brennend|
5083|Karre|
5085|Man|
5088|Jesus|
5094|power|
5096|verantwortlich|
5098|höchstens|
5109|Löwe|
5111|Raubtier|
5113|Pick-up|
5114|Einkaufsmeile|
5115|unsicher|
5117|überfällig|
5118|Sternzeichen|
5119|Jungfrau|
5121|siebenstellig|
5122|Verrat|
5124|Mathematiker|
5125|klären|
5131|leasen|
5134|Trading|
5137|Bayern|
5139|Dividende|
5141|erben|
5143|spiegeln|
5144|meinetwegen|
5145|Spitze|
5147|nachdenken|
5150|bejahen|
5151|bewundern|
5153|Spiritus|
5155|Genie|
5156|erstrahlen|
5157|Marie|
5158|Curie|
5159|Kategorie|
5160|Basiswissen|
5161|Chemie|
5163|Betrachtung|
5165|Gruppe|
5168|Sonntag|
5171|Nichte|
5172|vierzig|
5173|gespannt|
5175|eskalieren|
5176|besoffen|
5177|Exfrau|
5178|kritisieren|
5179|gewohnt|
5180|Verwandtschaft|
5181|rasten|
5183|hauen|
5184|Tante|
5185|Verschwörungstheorie|
5187|fünfzig|
5188|Schwager|
5189|Graf|
5190|Feier|
5192|antanzen|
5196|ausprobieren|
5202|Samstagabend|
5205|anlassen|
5211|Konsens|
5213|Falafel|
5214|Polen|
5215|importieren|
5217|grillen|
5218|U-Bahn|
5219|Bombenleger|
5220|Islam|
5221|Kosten|
5222|Unding|
5223|Moschee|
5225|Kopftuch|
5226|Imbissbude|
5228|Doppelkorn|
5229|Pore|
5233|erleben|
5236|Sturmgewehr|
5239|Fritte|
5243|Gnade|
5244|Spruch|
5247|Mundgeruch|
5248|Schwachsinn|
5254|Vernissage|
5256|Blamage|
5263|Kunstausstellung|
5265|Bann|
5266|anfassen|
5267|Schlips|
5271|Sternennacht|
5272|Sommerabend|
5273|Erschaffung|
5274|Adam|
5277|Genus|
5278|Venus|
5281|DIN|
5287|Kindheit|
5288|Aperitif|
5293|vietnamesisch|
5295|Päckchen|
5296|Alkohol|
5297|verklagen|
5299|Paragraph|
5302|Einsicht|
5303|Besserung|
5304|Störung|
5305|Persönlichkeit|
5307|durchmachen|
5308|meckern|
5309|pubertär|
5313|Gebäude|
5315|häuslich|
5318|Tweet|
5323|subtil|
5325|Nacken|
5326|Ruhe|
5328|Pappe|
5330|Ton|
5332|Wunde|
5333|klaffen|
5334|aua|
5335|erschaffen|
5339|Grundschulklasse|
5340|Zeile|
5341|Bewerbungsschreiben|
5344|Flecke|
5345|fröhlich|
5346|unhöflich|
5349|Steuerzahler|
5350|tabu|
5354|lauschen|
5355|Passant|
5356|anziehen|
5357|Predigt|
5359|naschen|
5361|hierher|
5362|Haschisch|
5363|Likör|
5364|Entschluss|
5365|zuziehen|
5366|Schlüssel|
5367|aufgelöst|
5368|Hausflur|
5372|Tee|
5377|Erdgeschoss|
5380|artikulieren|
5382|vorbringen|
5384|Lunte|
5385|Zorn|
5386|Ausweg|
5387|Flucht|
5388|Riesenerfolg|
5393|unterwegs|
5394|Entscheidung|
5395|unbequem|
5397|Dreirad|
5398|nüchtern|
5401|dazwischen|
5403|Streitkultur|
5406|Unentschieden|
5407|unentschlossen|
5408|Achtung|
5409|Schenkelklopfer|
5410|Wahlkabine|
5411|Campingkocher|
5412|Huhn|
5413|Hooligan|
5414|Fusel|
5415|Arznei|
5416|husten|
5418|Partei|
5420|wechselhaft|
5423|Konterbier|
5424|exen|
5425|Pro|
5426|Contra|
5428|langwierig|
5429|kompliziert|
5431|Aufstand|
5433|Umstand|
5434|abwaschbar|
5440|Verbrecher|
5441|Meinungsfreiheit|
5444|enthalten|
5450|Mittelfinger|
5451|Hase|
5454|Komet|
5455|Krater|
5456|Stereoanlage|
5457|Bel|
5458|Air|
5460|Kommerz|
5462|bekennen|
5463|Kommentar|
5466|Schlusssatz|
5467|jucken|
5468|tolerieren|
5472|krud|
5473|Absicht|
5474|pausieren|
5475|Dong|
5478|Thermostat|
5479|Vertreter|
5481|Zeuge|
5482|Jehova|
5483|Rote|
5484|Kreuz|
5487|Sicherheit|
5489|Dings|
5490|nebenan|
5491|Bundeswehr|
5492|Einzug|
5493|Petition|
5494|adoptieren|
5495|Postbote|
5496|beschatten|
5497|Chihuahua|
5498|Mittwoch|
5499|Kosmetiksalon|
5500|Flyer|
5501|Restaurant|
5502|ignorieren|
5503|Briefkasten|
5506|Untergrund|
5509|Teller|
5512|zwischendurch|
5513|besuchen|
5514|verzweifeln|
5515|Mehrwertsteuer|
5516|Benzinpreis|
5517|verzagen|
5518|ausländisch|
5519|Arbeitsplatz|
5520|Fremdarbeiter|
5521|Front|
5523|Koalition|
5524|Spießer|
5525|Straßenschild|
5526|Werbung|
5527|hinterfragen|
5529|Piranha|
5532|schlank|
5533|Taille|
5536|Trophäe|
5537|Vitrine|
5539|Netzwerk|
5541|Kellner|
5542|Gruß|
5544|verletzen|
5547|zelten|
5548|Camp|
5549|offline|
5553|obdachlos|
5554|getigert|
5556|Mode|
5557|hänseln|
5558|Enkel|
5559|iPhone|
5560|fremdeln|
5561|glatt|
5562|Modewort|
5564|worüber|
5567|wovon|
5570|trennen|
5572|slow|
5580|Nobody|
5601|down|
5613|Still|
5623|Boomer|
5630|Jugend|
5631|deprimiert|
5632|interessiert|
5633|Protest|
5634|Horde|
5635|Hymne|
5636|Puff|
5637|Geräusch|
5640|Tellerrand|
5641|Karriere|
5645|Karosse|
5647|verwöhnen|
5648|verängstigen|
5651|fertig|
5656|Dauerschleife|
5658|Grill|
5659|Schnitzel|
5660|Grünkern|
5661|Garage|
5665|Kruppstahl|
5666|Rhein|
5670|reiben|
5671|Öl|
5673|Feuerwerk|
5674|Schützenverein|
5677|Husch|
5678|husch|
5682|verhüllen|
5683|behaart|
5684|N-Wort|
5690|verzichten|
5691|verwehren|
5692|schwenken|
5698|aktuell|
5699|Betrag|
5702|Haarfarbe|
5705|Hintern|
5707|Vorname|
5712|gängig|
5716|Internet|
5717|lenken|
5719|sechzehn|
5722|vierzehn|
5723|Computer|
5725|Trümmerfeld|
5727|Meter|
5728|Kinderbett|
5729|eingeschlossen|
5733|dazugehören|
5734|ISDN|
5737|erlegen|
5739|früher|
5740|Smalltalk|
5741|Schwachkopf|
5742|Tab|
5746|Body|
5749|Speech|
5755|Spam|
5762|Zerrspiegel|
5763|Termite|
5764|universell|
5765|Omega|
5766|Dromedar|
5768|Holland|
5769|Holländer|
5770|holländisch|
5772|Pinguin|
5774|Insulin|
5775|Stimmungstief|
5776|Staatsfeind|
5777|Holocaust|
5779|Dicke|
5781|Reifen|
5783|sicherlich|
5784|Fußvolk|
5785|kontrollieren|
5786|Staubwedel|
5787|Maulesel|
5788|Zaunpfahl|
5789|Faustschlag|
5790|Playback|
5792|Teebeutel|
5793|Schneeeule|
5794|Seeleute|
5795|betäuben|
5796|Hinterlist|
5797|hinderlich|
5798|Tintenfisch|
5799|Zucker|
5800|Finsternis|
5802|Steckenpferd|
5804|sabotieren|
5805|Hexenwerk|
5806|Märchenwald|
5810|Heuschrecke|
5814|Blechdose|
5815|Pechvogel|
5819|mehrfach|
5820|totschlagen|
5821|Kanonenkugel|
5823|Lügenbaron|
5825|Mohnkuchen|
5827|Lifestyle|
5829|Brathähnchen|
5830|Kamel|
5835|umrunden|
5836|Ecke|
5837|Illuminat|
5839|plaudern|
5840|Lauer|
5842|Flower-Power|
5843|Zauber|
5845|mysteriös|
5846|Verschwörung|
5847|bundesweit|
5848|Banner|
5850|Anagramm|
5851|allerhand|
5852|Geheimagent|
5857|Winkel|
5858|Pyramide|
5859|Fliegenfänger|
5860|Gardine|
5861|erleuchten|
5864|Weltherrschaft|
5866|kreuzen|
5871|Freimaurer|
5872|Wochenblatt|
5873|Di|
5875|Wissenschaft|
5876|altbekannt|
5878|Popcorn|
5879|gemütlich|
5880|Zeitgeist|
5881|Dartpfeil|
5883|borgen|
5884|kurbeln|
5886|Rücken|
5889|Tetrapak|
5890|Sohle|
5891|erwachsen|
5892|Fang|
5893|Düne|
5894|wringen|
5896|Rauschen|
5897|Gezeit|
5898|albern|
5900|erschöpfen|
5901|anstrengend|
5902|fackeln|
5903|seltsam|
5904|wiederholen|
5905|Kratze|
5906|stumpfen|
5909|Kiez|
5910|Na|
5911|melden|
5912|Autoverleih|
5914|anderthalb|
5915|Boston|
5920|schillernd|
5926|erfolglos|
5928|Floskel|
5929|Erziehung|
5935|Perspektive|
5936|obendrauf|
5937|verschwommen|
5938|Scholle|
5939|Maklerprovision|
5942|mäh|
5943|Rasen|
5944|kühl|
5946|Sonnenuntergang|
5947|Orientierung|
5949|italienisch|
5950|spontan|
5951|doll|
5953|klemmen|
5954|selbstverständlich|
5955|klimatisieren|
5956|Fiesta|
5958|Bravo|
5959|CD|
5960|Raste|
5961|Autobahn|
5962|Kühlwasser|
5963|Rost|
5964|Wagen|
5965|Patina|
5966|Parkplatz|
5967|Cent|
5968|deswegen|
5970|aufmachen|
5971|Apfelsaft|
5973|geradeaus|
5974|Gummi|
5975|Motor|
5976|Anzeige|
5977|blinken|
5979|Daumen|
5980|Führerschein|
5982|Corona|
5988|Remix|
5989|Medley|
5990|bittersüß|
5991|Rausch|
5995|Vakuum|
6000|auskurieren|
6002|Schönheit|
6003|Absinth|
6006|Wirrwarr|
6028|tough|
6032|not|
6053|Kebab|
6054|Müsli|
6072|liberal|
6088|Maniac|
6093|Trust|
6100|best|
6118|Grundgesetz|
6119|Dosenpfand|
6131|Be|
6135|Sandal|
6149|Bundesrepublik|
6157|stupid|
6162|human|
6169|imperativ|
6177|Weltmeister|
6179|Weizenbier|
6181|Fahrvergnügen|
6189|Frühe|
6193|Partisan|
6194|Genosse|
6195|ciao|
6198|zart|
6201|inmitten|
6202|Gedränge|
6204|untergehen|
6206|fällen|
6210|harmonieren|
6211|mitmarschieren|
6213|selbstgeschrieben|
6215|Burger|
6216|verdrücken|
6217|Steuer|
6218|abschicken|
6219|Siegerin|
6220|ablenken|
6221|dringend|
6222|hinkriegen|
6223|gradebiegen|
6232|My|
6239|he|
6245|Snob|
6247|Kaiser|
6248|erstens|
6250|saufen|
6255|riesengroß|
6263|out|
6283|Havanna|
6306|Te|
6316|liefern|
6317|Zettel|
6318|Schneesturm|
6319|Kommando|
6320|Bikini|
6323|ansehen|
6324|Transit|
6325|Nix|
6326|Mindestlohn|
6329|Selbstständigkeit|
6330|klagen|
6331|sachgrundlos|
6332|befristen|
6333|Türe|
6334|läuten|
6335|ausbeuten|
6336|Baracke|
6337|Standort|
6338|per|
6339|tracken|
6340|Schutz|
6341|Arbeitsrecht|
6342|Trebegänger|
6345|Dankeschön|
6347|Abteilungsleiter|
6348|Stiftung|
6349|Warentest|
6350|testen|
6351|Urteil|
6352|befriedigend|
6353|ausreichend|
6354|mangelhaft|
6355|Saft|
6356|entsprechen|
6358|Saftladen|
6359|Haarspray|
6360|Spray|
6363|Mängelrüge|
6364|Abwertung|
6369|erschüttern|
6370|locker|
6371|ungenau|
6372|Kanzlei|
6373|Verpackung|
6375|Pack|
6376|Gewohnheit|
6379|Versteck|
6381|t|
6384|locken|
6387|Kragen|
6388|Rennen|
6389|Lohn|
6390|majestätisch|
6391|besteigen|
6392|Hohn|
6394|bescheiden|
6395|Sicht|
6399|Vorhang|
6400|Buh|
6401|Kneipe|
6402|Heimweg|
6403|Dezember|
6404|minus|
6406|Handschuh|
6407|parat|
6408|Atem|
6410|Laterne|
6412|Zuckerwatte|
6413|Natur|
6414|neugierig|
6418|Al|
6421|Feuerwehr|
6427|Ra|
6431|schrumpeln|
6435|Pirouette|
6436|Rolltreppe|
6437|Kick|
6438|Headbangen|
6440|Genick|
6441|Schnabeltasse|
6442|knackig|
6443|knack|
6444|Rollator|
6446|Knaller|
6447|Krach|
6450|Blüte|
6451|Vase|
6452|welches|
6453|Astralkörper|
6454|Jahresring|
6457|fahl|
6460|willig|
6461|Tanztee|
6462|schwingen|
6463|stoßen|
6465|chillig|
6467|PKW|
6470|Automobil|
6471|radikalisieren|
6476|parken|
6478|Warnblinklicht|
6479|Fahrradstreifen|
6480|Yuppie|
6482|steif|
6483|Hals|
6484|E-Bike|
6485|Helm|
6486|Cabrio|
6488|Umweltzone|
6489|Heroin|
6491|Papi|
6494|Fahrradweg|
6499|Schwarzfahren|
6503|Shopping|
6504|Radweg|
6506|Kinderfilm|
6507|Vollkasko|
6510|innerorts|
6511|gedanklich|
6512|Innovation|
6513|Tüftler|
6516|Belang|
6517|Herzensbrecher|
6518|Schwerverbrecher|
6519|Charmeur|
6520|Flair|
6521|Schwindler|
6522|ausschließlich|
6524|Konzentrat|
6528|Bisswunde|
6531|Zeder|
6532|Parfüm|
6534|Rohrstock|
6535|Riemen|
6536|kund|
6538|Lenker|
6539|stumpf|
6541|Stille|
6543|Gebrüll|
6548|Retterin|
6549|Röckchen|
6555|Klub|
6557|rund|
6558|schäbig|
6561|Tänzchen|
6562|unbestechlich|
6564|krumm|
6568|Medium|
6569|Overkill|
6570|Leise|
6571|verstärken|
6572|Pauke|
6574|beben|
6575|Orkan|
6579|Schwamm|
6581|unsterblich|
6583|komisch|
6587|dreimal|
6588|Liebling|
6589|toben|
6590|Fieber|
6591|bluten|
6592|Bass|
6593|Tasse|
6597|flott|
6598|Trick|
6602|buddeln|
6604|Schippe|
6606|Grippe|
6607|Dit|
6608|Klette|
6609|Kommunikation|
6610|nähren|
6611|Illusion|
6615|Pommesbude|
6619|englisch|
6622|Pfeife|
6623|Kieselstein|
6624|Se|
6629|zurechtmachen|
6631|nostalgisch|
6632|England|
6639|vorwärts|
6640|marsch|
6644|Kompott|
6649|trainieren|
6650|fit|
6651|Boygroup|
6652|son|
6653|Grundstück|
6655|Fox|
6656|Hütte|
6660|Orangenbaum|
6666|Schuppe|
6669|naja|
6673|liebkosen|
6675|lebenslang|
6676|ertränken|
6677|Suff|
6679|lüstern|
6681|Balkendiagramm|
6683|blutrot|
6685|DAX|
6686|Rekordhoch|
6687|brandneu|
6688|Chino|
6695|Diktatur|
6697|Faschismus|
6699|bequem|
6705|Einzelfall|
6706|Prozent|
6708|Brandmauer|
6718|sinnlos|
6725|linksextrem|
6726|Back|
6729|schließlich|
6733|Korken|
6737|Fels|
6738|Brandung|
6739|körperlich|
6740|Selbstverteidigung|
6741|Schluck|
6742|entkommen|
6743|aufhören|
6744|trauern|
6745|Trinken|
6746|bestrafen|
6748|Schleife|
6750|Kuchen|
6752|Brand|
6754|Zone|
6756|Gefahr|
6757|Heizung|
6758|zusammensein|
6760|pfeifen|
6762|ordentlich|
6763|Korn|
6765|anstellen|
6766|Mutti|
6767|Taschengeld|
6768|oldschool|
6770|Sanktion|
6771|Hausarrest|
6773|Schrecken|
6774|Einer|
6775|entdecken|
6778|Badewanne|
6779|Pulsader|
6780|leichenblass|
6781|blutleer|
6782|verboten|
6789|Feld|
6790|Mausklick|
6791|mähen|
6794|versterben|
6795|Avatar|
6796|Level|
6798|Selbstmord|
6799|begehen|
6802|Himmelstor|
6803|einchecken|
6804|auschecken|
6805|Apostel|
6806|Empfang|
6809|fromm|
6810|Christ|
6811|Hotspot|
6813|Salve|
6814|löchern|
6816|Sohnemann|
6817|versacken|
6818|mutig|
6819|Uniform|
6820|General|
6822|spritzen|
6823|Gebein|
6824|zucken|
6826|Seidenschal|
6827|Panzerstahl|
6828|zerfetzen|
6829|zersetzen|
6833|Opferzahl|
6834|befehlen|
6838|Schraube|
6840|Telefon|
6842|Fuchs|
6843|Büffel|
6844|bequemen|
6845|eilig|
6848|Mücke|
6849|Maikäfer|
6850|Eva|
6853|Zauberer|
6855|Angelsachse|
6856|Elefant|
6857|Fallobst|
6861|Dancefloor|
6862|Zigarettenrauch|
6866|Lebensgefühl|
6867|Box|
6868|Stereotyp|
6869|Don|
6870|Kabeltrommel|
6871|atomar|
6875|Partner|
6876|siezen|
6880|Fußstapfe|
6883|Blutsbrüderschaft|
6884|rüpelhaft|
6885|Schultüte|
6886|kacken|
6888|Wiege|
6890|Gerät|
6892|toxisch|
6894|Rockzipfel|
6900|alkoholisieren|
6901|Dorffest|
6902|Mädel|
6904|Ohrläppchen|
6905|füllen|
6906|Gehirn|
6908|Friedenspfeife|
6909|rauch|
6910|Schale|
6911|darunter|
6912|Eingeweide|
6914|Schlüsselloch|
6915|Nutte|
6916|Faulheit|
6919|Zitrone|
6921|Pflaume|
6925|windig|
6930|Veganer|
6935|Yen|
6938|durchschauen|
6943|AKW|
6946|erstgeboren|
6947|ungern|
6949|Behörde|
6957|qualvoll|
6958|Lektion|
6963|sachlich|
6964|Problemanalyse|
6968|Autorität|
6971|Lehrer|
6974|Einheitslook|
6976|mindestens|
6980|Feminist|
6982|Ego|
6983|Wodka|
6985|Büro|
6986|verklemmen|
6987|Humor|
6989|Theorie|
6990|Chauvinist|
6991|schubsen|
6992|Kante|
6993|Schlampe|
6994|Lesbe|
6995|abkriegen|
6996|dämlich|
6998|Schimpfwort|
7000|stricken|
7001|Glückseligkeit|
7002|Korsett|
7003|verdrängen|
7007|Ellbogen|
7008|buckeln|
7010|Orange|
7011|Saftpresse|
7012|Mettigel|
7013|Hackfresse|
7014|Luxus|
7016|Letzte|
7017|Weiche|
7018|gewaltbereit|
7022|Vatertag|
7025|Kinderschänder|
7028|Heckscheibe|
7032|besorgt|
7033|Wutbürger|
7036|melieren|
7037|Schwule|
7039|Brownie|
7041|Sportlerheim|
7042|erklingen|
7043|Brüderlein|
7044|schieben|
7046|Döner|
7047|Soße|
7049|kotzen|
7050|anrichten|
7051|Zeichnen|
7054|fliegend|
7055|Maschine|
7058|Schaf|
7059|klonen|
7060|Datum|
7061|Nanosekunde|
7062|Primat|
7063|laden|
7065|Fanfare|
7066|graben|
7068|Atom|
7069|köpfen|
7070|Endlösung|
7071|Nahrungskette|
7075|Mutant|
7076|Halbleiter|
7077|hochbegabt|
7078|Löschung|
7079|Quizshow|
7080|Genozid|
7081|Indianer|
7082|Teleshopping|
7083|griechisch|
7084|Zimtschnecke|
7085|Impfstoff|
7086|Euthanasie|
7087|Napalm|
7088|Tamagotchi|
7089|Fantasie|
7091|Genom|
7093|Pogrom|
7094|Strom|
7095|Intelligenz|
7097|kapitulieren|
7098|Habe|
7100|Wolkenkratzer|
7101|Wüste|
7103|beruhen|
7104|nützen|
7107|versorgen|
7108|Futter|
7109|Palast|
7111|Nebel|
7112|Ader|
7113|Wille|
7114|Feigling|
7115|Despot|
7117|geistig|
7119|Lateinunterricht|
7120|switchen|
7121|Dummheit|
7123|Meeresgrund|
7125|Zeitungsbericht|
7127|Heirat|
7128|Seitensprung|
7129|Neigung|
7130|flehen|
7131|Verzeihung|
7132|Hundeblick|
7133|mischen|
7134|Machtergreifung|
7135|munter|
7136|Röntgenbild|
7142|Mittelmeer|
7145|Jacht|
7148|Lager|
7159|Mord|
7160|Kaff|
7163|anmachen|
7167|Digga|
7170|spreizen|
7173|Passantin|
7177|Rechnungsbeleg|
7178|Boss|
7179|Laster|
7182|Bastard|
7183|reinigen|
7184|Seife|
7185|Reihe|
7190|Obstbauer|
7191|schwärmen|
7192|schütteln|
7194|Ärmel|
7196|Ehrbegriff|
7197|Emanzipation|
7200|Bügeleisen|
7201|Küche|
7203|überpeinlich|
7204|Freundeskreis|
7206|Großteil|
7207|Treueeid|
7208|bedeutsam|
7209|einvernehmlich|
7211|Peitschenschlag|
7212|würgen|
7214|Zeichen|
7215|Machtverteilung|
7216|zeitgemäß|
7217|Austauschware|
7218|hochheben|
7219|Gebrauch|
7221|Schicksalsschlag|
7222|ablesen|
7223|Erscheinung|
7227|Mischung|
7228|Sittengesetz|
7230|Gewissen|
7231|sexistisch|
7232|tja|
7233|einladen|
7234|Neustadt|
7236|nippen|
7237|handwarm|
7243|Vorratskammer|
7248|schunkeln|
7250|Lachen|
7251|backpfeifen|
7253|flennen|
7257|Jacke|
7260|Repeat|
7266|Tourettesyndrom|
7267|Kasten|
7271|schwängern|
7272|Expedition|
7273|Antenne|
7275|Schalter|
7276|Pflanz|
7277|solang|
7279|Saat|
7280|säen|
7281|roden|
7283|Weise|
7284|bereits|
7285|annähernd|
7287|Weltall|
7289|mittels|
7292|Lenkrakete|
7293|basteln|
7294|grammatikalisch|
7296|Prothese|
7300|streicheln|
7301|immerhin|
7303|Lösegeld|
7305|Roman|
7307|austauschen|
7308|zerschellen|
7309|Schelle|
7310|Backpfeife|
7312|phänomenologisch|
7317|fassen|
7318|woraus|
7323|formen|
7326|Nichts|
7327|Urknall|
7328|Stopp|
7330|auslachen|
7339|foppen|
7340|toppen|
7341|Disziplin|
7343|Erwartung|
7345|Kaninchen|
7346|huch|
7347|Gurt|
7348|festschnallen|
7349|elegant|
7356|Gelächter|
7357|hallen|
7358|mitten|
7359|stoppen|
7360|gestalten|
7361|Tugend|
7366|Variante|
7367|existieren|
7368|vorhanden|
7370|Existenz|
7371|imitieren|
7373|Prisma|
7374|bündeln|
7375|selektieren|
7378|umfassend|
7379|anfangs|
7380|verschmelzen|
7382|drinnen|
7385|beißen|
7386|dreist|
7388|Quelle|
7389|grübeln|
7390|verübeln|
7391|Schulranzen|
7392|Identität|
7396|Vorbereitung|
7397|erwachen|
7398|Enthüllung|
7399|Befreiung|
7401|Schock|
7403|Wat|
7405|Ursprung|
7406|Eisprung|
7407|quasi|
7408|jener|
7409|kühn|
7410|antworten|
7411|Service|
7413|hochgestellt|
7414|Krage|
7418|Fraktal|
7419|quellen|
7421|umstellen|
7424|Reiten|
7427|verstellen|
7430|Sein|
7432|Behauptung|
7433|Falsch|
7436|Kosmos|
7437|Urgrund|
7439|unabhängig|
7440|spinnen|
7441|Ursache|
7442|Streben|
7443|Manifestation|
7445|Widerstand|
7446|vergebens|
7450|frech|
7456|begeben|
7458|schmiegen|
7460|Tombola|
7461|Niete|
7462|Geliebte|
7463|enthaupten|
7464|quatsch|
7467|Newton|
7469|Farbenlehre|
7471|beflissen|
7472|Stress|
7474|Frakturschrift|
7475|Venn|
7476|hacken|
7479|Einhorn|
7480|Lederjacke|
7481|Glauben|
7482|Rosa|
7483|pflegen|
7485|sägen|
7488|Schnürsenkel|
7492|Räuber|
7495|Schleudersitz|
7496|Rampe|
7497|Pflanze|
7498|Rhythmus|
7499|telepathisch|
7500|übertragen|
7502|aussperren|
7503|Fluss|
7504|vollkommen|
7505|logisch|
7507|Hipster|
7508|dissen|
7510|hip|
7514|nackt|
7515|Turm|
7516|Gewitter|
7517|pissen|
7518|witzig|
7519|Blitz|
7520|Bumerang|
7521|gerissen|
7522|Verbindung|
7523|abgerissen|
7524|Außenwelt|
7525|Lebewesen|
7526|Klotz|
7527|Reh|
7528|vertragen|
7530|Fakir|
7531|Tapir|
7532|Starkbier|
7533|debil|
7534|Dealer|
7535|Vokuhila|
7536|euer|
7537|List|
7538|Hemisphäre|
7539|streben|
7540|Erblindung|
7541|Entbindung|
7543|Wehe|
7544|einsetzen|
7545|pressen|
7546|widersetzen|
7548|Werdegang|
7549|Katze|
7550|Brustkorb|
7556|Gestüt|
7557|Harem|
7559|Mahal|
7561|Weinberg|
7562|Mundschenk|
7563|Armut|
7564|Grundbesitz|
7566|Atoll|
7568|wundervoll|
7569|Rammbock|
7570|Söldner|
7571|Bogenschütze|
7572|Teppich|
7577|Nichtstun|
7578|Minnesang|
7579|Klinke|
7580|putzen|
7581|Burg|
7585|Galaxie|
7586|Zugbrücke|
7587|Kalif|
7589|oho|
7590|lala|
7591|Sägewerk|
7594|Feierabend|
7596|Steven|
7598|Peinlichkeit|
7599|verhindern|
7600|absagen|
7601|Feldsalat|
7604|Gastgeber|
7605|Fingerfood|
7606|Dip|
7609|blöd|
7610|Pampe|
7613|Rotwein|
7615|Jam|
7618|Beamer|
7619|jedenfalls|
7620|lustig|
7624|wachen|
7626|irgend|
7628|blühend|
7629|Zeitreise|
7630|Nostalgie|
7632|pittoresk|
7633|Liebesnest|
7634|Fokus|
7636|blutjung|
7638|Bittre|
7639|prasseln|
7640|Visage|
7642|ungefragt|
7643|Goldschmuck|
7646|U-Bahnschacht|
7647|wegziehen|
7648|Zeitmaschine|
7650|Reiseziel|
7654|beherrschen|
7656|Kart|
7657|diamantbesetzt|
7659|Keller|
7660|schicken|
7661|diesmal|
7662|aufpassen|
7663|doof|
7665|Freie|
7666|poppen|
7667|Inbesitznahme|
7668|Gemischtware|
7670|Rebell|
7671|bum|
7672|bange|
7673|Obergrenze|
7675|Obacht|
7677|Freistoß|
7678|Freizeichen|
7682|Notlösung|
7683|Vulva|
7685|Sperma|
7689|Halleluja|
7690|heim|
7692|kochen|
7693|rostfrei|
7694|Leistungsdruck|
7695|stocksteif|
7696|Fleischeslust|
7697|reif|
7698|Frucht|
7700|knüppeldick|
7703|weshalb|
7704|Unterstützung|
7707|Bad|
7708|farbenfroh|
7712|Schneeball|
7714|Wichse|
7715|Abenteuer|
7716|Swingerclub|
7718|großzügig|
7719|beleibt|
7721|gekleidet|
7724|Lord|
7725|Herpes|
7726|Jahrhundert|
7729|Tripper|
7730|Fessel|
7733|Passat|
7735|aufn|
7737|verstrahlen|
7738|Diät|
7739|Trichter|
7741|Endboss|
7742|Lila|
7743|Kassierer|
7745|Besteck|
7747|Retriever|
7749|Zahnarzt|
7750|Gangster|
7751|fälschen|
7752|Stempel|
7753|ballern|
7755|beten|
7756|Randale|
7757|starten|
7758|Landung|
7759|zwo|
7760|voreinander|
7761|angucken|
7763|aufheben|
7766|rausziehen|
7768|ausziehen|
7769|jahrelang|
7770|verpacken|
7772|Zaubertrick|
7777|stampfen|
7778|Ziegel|
7779|Muster|
7783|innen|
7786|Zweikampf|
7787|Tango|
7788|Treibsand|
7790|Großtat|
7791|beflügeln|
7792|gegenseitig|
7793|prügeln|
7794|gottverdammt|
7795|aneinander|
7796|totlachen|
7797|blenden|
7798|Strudel|
7800|Kugel|
7801|ansägen|
7802|anschießen|
7803|Logik|
7804|verknoten|
7806|Unfall|
7807|Einklang|
7808|mies|
7809|fürchterlich|
7810|Timing|
7813|Kreissaal|
7814|Bonobo|
7815|Labor|
7816|verneinen|
7819|Ouzo|
7820|Vorschein|
7821|vorweinen|
7822|Zwangsjacke|
7827|Trip|
7828|Gummizelle|
7829|Hüpfburg|
7830|ne|
7831|Komödie|
7832|sadistisch|
7833|boykottieren|
7837|Show|
7838|Aussehen|
7840|durcheinander|
7843|Brechen|
7844|verstimmen|
7846|strukturieren|
7848|ängstlich|
7849|Balance|
7857|Himmelreich|
7859|Sterben|
7860|Lernen|
7861|implodieren|
7863|verteilen|
7864|vernetzen|
7865|komplex|
7866|Vorstellung|
7868|Autodach|
7869|Magnetband|
7870|Kassette|
7873|Lava|
7875|Sommersonne|
7879|Flöckchen|
7880|Stöckchen|
7881|zurückbringen|
7883|Nachthimmel|
7884|segeln|
7886|Seemann|
7888|hey|
7889|geschwind|
7892|Schall|
7893|liebst|
7897|spitzen|
7899|Wasabi|
7900|Techno|
7902|guttun|
7904|emanzipieren|
7905|weird|
7910|Meilenstein|
7914|Dichter|
7915|Denker|
7917|emotional|
7919|pragmatisch|
7922|Liebesgedicht|
7923|fehlerfrei|
7924|Werk|
7925|rezipieren|
7926|zeitgleich|
7927|reparieren|
7928|Bohrer|
7930|wortgewandt|
7933|charmant|
7934|schweißen|
7936|Klei|
7939|wonach|
7940|verzehren|
7941|Heimwerker|
7942|Pragmatismus|
7943|plus|
7945|menno|
7946|Piano|
7947|Fangen|
7948|Klassiker|
7949|Jazz|
7950|Symphonie|
7953|Damenwelt|
7956|eklig|
7958|Wecker|
7960|Stau|
7962|Intervention|
7963|hupen|
7966|Germania|
7967|Export|
7968|Fernbedienung|
7970|sowieso|
7971|Baustelle|
7972|Reflektion|
7973|Süße|
7974|Heimweh|
7975|Zuhause|
7976|Karton|
7977|Rührei|
7978|Scheitern|
7980|Schlauheit|
7981|schlicht|
7983|erörtern|
7984|bewirken|
7985|Geige|
7987|Wertekanon|
7989|banal|
7990|Ouvertüre|
7991|Grand|
7992|Final|
7993|Matroschka|
7997|Pudel|
8000|Gedärm|
8001|paradox|
8002|existent|
8003|Pardon|
8005|errechnen|
8006|Nenner|
8007|Zweig|
8008|Kompromiss|
8014|Bermudadreieck|
8016|Wie|
8019|abkratzen|
8020|Papa|
8021|Schmarotzer|
8022|Nachbarschaft|
8023|Strick|
8024|schnulzen|
8025|Eiscreme|
8026|Grabstein|
8028|Traumprinz|
8030|Rauschgift|
8032|Gleis|
8033|Bahn|
8034|Verlass|
8035|Willen|
8036|prophezeien|
8039|Fettsack|
8040|einstürzen|
8042|Kringel|
8043|schnapp|
8044|russisch|
8045|Roulette|
8046|Schuss|
8047|manisch|
8048|depressiv|
8049|panisch|
8051|Vampir|
8052|riesen|
8053|Pflock|
8054|Abschiedsbrief|
8055|kursieren|
8058|Schadensersatz|
8060|Schiene|
8061|Zug|
8063|Lebemann|
8064|Yacht|
8065|Eisberg|
8066|Insel|
8067|Kannibale|
8068|animalisch|
8069|Testament|
8077|Avocado|
8078|Palme|
8079|Hyazinthe|
8080|Eingang|
8083|Blütenstaub|
8089|Papierflieger|
8091|Dschungel|
8092|Gießkanne|
8094|klettern|
8098|Mordwaffe|
8099|Mohn|
8103|radeln|
8107|Train|
8109|Efeu|
8110|bewachsen|
8111|zerstechen|
8112|Rasenmäher|
8113|Wachstum|
8114|Kapitalanleger|
8115|Orbit|
8118|Christus|
8121|Blumenkind|
8123|Drahtesel|
8124|räumen|
8125|kümmern|
8126|Fahrplan|
8129|Gas|
8131|Pedal|
8132|schwupps|
8135|Ratschlag|
8137|Nachrede|
8139|Schwede|
8141|Antrieb|
8142|Muskelpaket|
8144|Knete|
8146|Familienkutsche|
8147|Monatslohn|
8150|runden|
8151|Karree|
8152|Parklücke|
8153|Idylle|
8154|Blümchentapete|
8160|Aufruhr|
8161|Olymp|
8162|Hades|
8163|Quadrat|
8164|Dreieck|
8165|Erfindung|
8166|Rade|
8169|Wunderwerk|
8170|Technik|
8173|lässig|
8174|gestikulieren|
8175|Sirene|
8177|Drive|
8179|Amor|
8181|Babo|
8183|Zeus|
8185|fetten|
8186|Rad|
8187|Zweck|
8188|Affekt|
8190|Eisen|
8193|Koks|
8195|Mucke|
8196|Beste|
8197|ausflippen|
8201|turnen|
8204|Hotelzimmer|
8206|Rockstar|
8208|Geschlechtsverkehr|
8209|übrigens|
8211|siebte|
8213|ausgeben|
8214|Künstler|
8215|Merchandise|
8216|geizig|
8217|plemplem|
8218|Titte|
8220|Killer|
8221|Biest|
8222|Pimmel|
8225|Blitzlicht|
8227|umgehen|
8230|amen|
8232|Stigma|
8233|Beichte|
8234|Linie|
8236|Missionierung|
8238|Erlösung|
8241|ungläubig|
8242|Heide|
8243|Rettung|
8245|sprengen|
8246|Knopf|
8248|Konfetti|
8250|Mitglied|
8251|Anhänger|
8253|willkommen|
8254|Hausverbot|
8255|aussichtslos|
8256|Kollekte|
8258|Arche|
8259|sinken|
8260|Banause|
8261|Steintafel|
8263|Eintritt|
8264|steinigen|
8265|Pistole|
8266|Messe|
8267|heiligen|
8268|Rise|
8270|Fulltime-Job|
8271|Selekteur|
8272|Herrlichkeit|
8277|fegen|
8278|ungepflegt|
8283|Asi|
8289|zuletzt|
8291|öfters|
8294|Timeline|
8295|Profil|
8297|Unterhaltung|
8298|zustimmen|
8300|Friede|
8303|nicken|
8304|Streit|
8307|Kinderbuch|
8309|Zustimmung|
8310|innerlich|
8312|Harmoniebedürfnis|
8313|angehen|
8314|Priorität|
8315|Neonazi|
8316|Prügel|
8317|Junggesellenabschied|
8318|übel|
8319|Trikot|
8321|S-Bahn|
8322|Appetit|
8323|Motto|
8328|erstaunlich|
8329|Erika|
8333|hörbar|
8335|drastisch|
8336|entführen|
8339|Sonntagmorgen|
8340|Waterboarding|
8341|Nötigung|
8342|Schlafentzug|
8343|Tagebuch|
8344|Schweinefleisch|
8346|Vollmacht|
8347|Polka|
8348|Folter|
8351|Karibik|
8353|Salsa|
8354|stehenbleiben|
8355|Mittelalter|
8356|idyllisch|
8357|unbekümmert|
8358|Kur|
8359|Müllabfuhr|
8360|Ehrlichkeit|
8361|Druck|
8363|USA|
8365|schlaflos|
8367|Nahtod|
8368|Staatspolizei|
8369|Schlagstock|
8370|Menschenrecht|
8373|spießig|
8374|Pädagoge|
8376|Monteur|
8379|Heft|
8380|plauschen|
8381|nachmittags|
8382|Rohr|
8383|nütze|
8384|Lappen|
8388|womit|
8389|Ingenieur|
8390|Fliesenleger|
8392|Architekt|
8393|Handwerksmeister|
8398|Zivilrecht|
8399|Sprinter|
8400|Schneid|
8404|frisieren|
8406|Harte|
8407|Stumpf|
8408|Schere|
8413|Elternabend|
8415|Economy|
8416|Jet|
8417|Rotstift|
8418|Handgepäck|
8419|blamieren|
8420|Gegenfrage|
8422|korrigieren|
8423|Schlinge|
8425|besiegeln|
8426|verriegeln|
