|word_de
0|abklären
1|ablichten
2|abliefern
3|abmurksen
4|abnibbeln
5|abreißen
6|abschicken
7|abschrecken
8|abschweifen
9|abstrahieren
10|abtragen
11|abwaschbar
12|abwehren
13|achtsam
14|ackern
15|adoptieren
16|ähm
17|ahoi
18|akribisch
19|albern
20|allerhand
21|alles
22|altbekannt
23|amüsieren
24|ander
25|anderthalb
26|anklatschen
27|ankleben
28|anklingeln
29|anlassen
30|annähen
31|anquatschen
32|anschalten
33|anschleichen
34|anschmiegen
35|anstatt
36|anstreichen
37|antanzen
38|antikapitalistisch
39|antragen
40|anzetteln
41|arbeitsam
42|arisch
43|artikulieren
44|asphaltieren
45|aua
46|aufbahren
47|aufdrehen
48|auffangen
49|aufhaben
50|aufknacken
51|aufkratzen
52|aufkriegen
53|auflaufen
54|aufmuntern
55|aufmüpfig
56|aufrecht
57|aufsehen
58|auftragen
59|aufwecken
60|aufweichen
61|aufwerfen
62|aufzeichnen
63|ausatmen
64|ausbeuten
65|ausbrennen
66|ausbuhen
67|auseinandergehen
68|auseinandernehmen
69|ausfeilen
70|auslassen
71|ausloten
72|ausnahmsweise
73|ausrasten
74|ausreisen
75|ausruhen
76|äußerlich
77|ausspülen
78|austicken
79|auswerfen
80|auswringen
81|balancieren
82|ballern
83|bannen
84|bärenstark
85|basteln
86|bechern
87|bedeutungslos
88|befehlen
89|befriedigend
90|befristen
91|begeben
92|begehren
93|begleichen
94|begutachten
95|behaaren
96|beifügen
97|beisammen
98|bejahen
99|belästigen
100|beleben
101|belügen
102|bepinseln
103|berauben
104|bereisen
105|besaufen
106|beschatten
107|beschimpfen
108|beschissen
109|beschmieren
110|beschmutzen
111|beschönigen
112|beschützen
113|besessen
114|besingen
115|besoffen
116|bestechen
117|besteigen
118|bestialisch
119|bestreichen
120|bestreuen
121|betäuben
122|betören
123|betrügen
124|betrunken
125|biometrisch
126|bitterkalt
127|bittersüß
128|blank
129|bleich
130|blinzeln
131|blitzen
132|blutgetränkt
133|bohren
134|boomen
135|borgen
136|brenzlich
137|brr
138|buckeln
139|bücken
140|buddeln
141|buh
142|bummeln
143|canceln
144|checken
145|chillig
146|clever
147|da sein
148|dableiben
149|dagegenstellen
150|dampfen
151|Dank
152|zugehen
153|das
154|das Abbild
155|das Abendbrot
156|das Abendland
157|das Abendrot
158|das Abgas
159|das Abi
160|das Abrakadabra
161|das Adrenalin
162|das Alarmsignal
163|das All
164|das Alpha
165|das Alu
166|das Amen
167|das Anagramm
168|das Andenken
169|das Arbeitsrecht
170|das Aroma
171|das Ausrufezeichen
172|das Äußere
173|das Automobil
174|das Banner
175|das Basecap
176|das Basilikum
177|das Basiswissen
178|das Beben
179|das Benzin
180|das Bewerbungsschreiben
181|das Blaulicht
182|das Blei
183|das Blumenbeet
184|das Botox
185|das Brathähnchen
186|das Bravo
187|das Brötchen
188|das Brusthaar
189|das Buffet
190|das Bunny
191|das Cabrio
192|das Clickbait
193|das Contra
194|das Cringe
195|das Dankeschön
196|das Dasein
197|das Date
198|das Däumchen
199|das Deck
200|das Déjà-vu
201|das Denken
202|das Deodorant
203|das Dessert
204|das Deutschlandlied
205|das Deutschtum
206|das Diktat
207|das Dilemma
208|das Dings
209|das Dopamin
210|das Dosenpfand
211|das Dreirad
212|das Dromedar
213|das Duett
214|das Dünengras
215|das Dunkel
216|das E-Bike
217|das Eck
218|das Eingeweide
219|das Einzelteil
220|das Energiesparhaus
221|das Erbarmen
222|das Erdgeschoss
223|das Erwarten
224|das Essen
225|das Fähnchen
226|das Fahrvergnügen
227|das Federvieh
228|das Ferienhaus
229|das Ferienparadies
230|das Fernglas
231|das Fernsehprogramm
232|das Fernweh
233|das Feuerwerk
234|das Feuerzeug
235|das Fiasko
236|das Finanzamt
237|das Finnisch
238|das Fischöl
239|das Flair
240|das Flammenmeer
241|das Floß
242|das Flugblatt
243|das Flussbad
244|das Freibad
245|das Fressen
246|das Fußvolk
247|das Ganze
248|das Gästebett
249|das Gebrüll
250|das Gedränge
251|das Gefecht
252|das Gehör
253|das Gelüst
254|das Genick
255|das Genie
256|das Genital
257|das Geröll
258|das Geschäftsgebaren
259|das Geschrei
260|das Geschwister
261|das Gespenst
262|das Gespür
263|das Getto
264|das Gewächshaus
265|das Ghetto
266|das Girl
267|das Glockenspiel
268|das Golf
269|das Grillfest
270|das Grübchen
271|das Grün
272|das Grundwasser
273|das Guckloch
274|das Haarspray
275|das Hakenkreuz
276|das Handgelenk
277|das Handicap
278|das Handtuch
279|das Häppchen
280|das Haschisch
281|das Häufchen
282|das Häuschen
283|das Headbangen
284|das Heil
285|das Helium
286|das Heroin
287|das Hexenwerk
288|das Himmelszelt
289|das Hochwasser
290|das Horn
291|das Imperium
292|das Innere
293|das iPhone
294|das Jagen
295|das Jahrtausend
296|das Jammertal
297|das Kaiserreich
298|das Kalb
299|das Kalenderblatt
300|das Kamel
301|das Kammerflimmern
302|das Kampflied
303|das Kaninchen
304|das Karma
305|das Käuzchen
306|das Kinderbett
307|das Klassentreffen
308|das Klatschen
309|das Kleidchen
310|das Komma
311|das Kommando
312|das Kompliment
313|das Kondom
314|das Konterbier
315|das Konzentrat
316|das Kopftuch
317|das Kostüm
318|das Kratzen
319|das Krieg
320|das Kühlwasser
321|das La
322|das Label
323|das Labyrinth
324|das Lachen
325|das Lagerfeuer
326|das Lamm
327|das Landesparlament
328|das Latein
329|das Latex
330|das Laufen
331|das Leben
332|das Lebewohl
333|das Leck
334|das Leichentuch
335|das Leiden
336|das Leitungswasser
337|das Lid
338|das Liebesgefühl
339|das Liebeslied
340|das Liebesspiel
341|das Lieblingswort
342|das Los
343|das Lotto
344|das Luftschloss
345|das Lumpenpack
346|das Märchenbuch
347|das Märchenschloss
348|das Medaillon
349|das Medley
350|das Megafon
351|das Mieder
352|das Mikrofon
353|das Mindset
354|das Mischpult
355|das Mistvieh
356|das Mobile
357|das Model
358|das Modewort
359|das Monster
360|das Monument
361|das Moor
362|das Mus
363|das Müsli
364|das Muss
365|das N-Wort
366|das Nasenbein
367|das Nein
368|das Nickerchen
369|das Omega
370|das Outfit
371|das Päckchen
372|das Paramilitär
373|das Parfüm
374|das Parkett
375|das Parkverbot
376|das Paroli
377|das Passwort
378|das Patent
379|das Patriarchat
380|das Pech
381|das Pendant
382|das Penthouse
383|das Pfand
384|das Picknick
385|das Piercing
386|das Placebo
387|das Plastik
388|das Plattenbaugebiet
389|das Plätzchen
390|das Playback
391|das Plenum
392|das Plutonium
393|das Popcorn
394|das Porzellan
395|das Preisschild
396|das Probetraining
397|das Profilbild
398|das Rampenlicht
399|das Raubtier
400|das Raumschiff
401|das Rauschen
402|das Reinheitsgebot
403|das Reiten
404|das Replikat
405|das Requiem
406|das Röckchen
407|das Rocken
408|das Rosenblatt
409|das Röslein
410|das Ross
411|das Rubbellos
412|das Rudel
413|das Sachbuch
414|das Sandwich
415|das Saufen
416|das Schieben
417|das Schild
418|das Schließfach
419|das Schmuckstück
420|das Schnitzel
421|das Schreiben
422|das Schwarzfahren
423|das Schwert
424|das Segel
425|das Sehen
426|das Sein
427|das Shampoo
428|das Shirt
429|das Shopping
430|das Silvester
431|das Singen
432|das Sozialverhalten
433|das Spenderorgan
434|das Spiegelkabinett
435|das Spielen
436|das Spielzeug
437|das Sportgerät
438|das Spray
439|das Sprechen
440|das Stammlokal
441|das Steckenpferd
442|das Sternzeichen
443|das Stimmungstief
444|das Straßenschild
445|das Stresshormon
446|das Stroboskop
447|das Sturmgewehr
448|das Sushi
449|das T
450|das Tag
451|das Tänzchen
452|das Tape
453|das Tattoo
454|das Tetrapak
455|das Thermostat
456|das Tiramisu
457|das Todesurteil
458|das Törtchen
459|das Treffen
460|das Treppenhaus
461|das Trinkgeld
462|das Trümmerfeld
463|das Tun
464|das Tyrosin
465|das Unding
466|das Unentschieden
467|das Urlaubsland
468|das Vakuum
469|das Veilchen
470|das Verhör
471|das Vers
472|das Versehen
473|das Versteck
474|das Visum
475|das Wachs
476|das Warnblinklicht
477|das Weib
478|das Weizenbier
479|das Weizenkorn
480|das Weltbild
481|das Wertpapierdepot
482|das Wirrwarr
483|das Wissen
484|das Wochenblatt
485|das Wrack
486|das Wurfgeschoss
487|zusammen
488|das Zweigespann
489|das Zweite
490|das Zwischendeck
491|davonlaufen
492|dazugehören
493|dazwischenstellen
494|deprimieren
495|der Abdruck
496|der Abgang
497|der Absinth
498|der Abteilungsleiter
499|der After
500|der Akku
501|der Anachronismus
502|der Anbruch
503|der Anführer
504|der Angel
505|der Anker
506|der Antisemit
507|der Anus
508|der Aperitif
509|der Apfelsaft
510|der Arme
511|der Arztbesuch
512|der Astralkörper
513|der Atemzug
514|der Attentäter
515|der Atze
516|der Aufruf
517|der Aufstand
518|der Aufstrich
519|der Augenkrebs
520|der Ausweg
521|der Ausweis
522|der Autoverleih
523|der Bäcker
524|der Ballast
525|der Banker
526|der Bann
527|der Barkeeper
528|der Bart
529|der Basar
530|der Basketball
531|der Bass
532|der Bauernkrieg
533|der Bayer
534|der Beat
535|der Bekannte
536|der Belang
537|der Bengel
538|der Benzinpreis
539|der Berufsverkehr
540|der Beschiss
541|der Besichtigungstermin
542|der Beste
543|der Beton
544|der Betrug
545|der Bettbezug
546|der Bezugspunkt
547|der Bikini
548|der Bizeps
549|der Blackout
550|der Blinde
551|der Blödmann
552|der Blumenstrauß
553|der Bock
554|der Bombenleger
555|der Boom
556|der Boomer
557|der Boss
558|der Boy
559|der Brandenburger
560|der Break
561|der Briefkasten
562|der Brokkoli
563|der Bulle
564|der Burger
565|der Busch
566|der Busfahrer
567|der Campingkocher
568|der Champagner
569|der Charmeur
570|der Check-in
571|der Chihuahua
572|der Chor
573|der Clan
574|der Clown
575|der CO₂-Fußabdruck
576|der Dampfer
577|der Dartpfeil
578|der Deal
579|der Deckel
580|der Deich
581|der Delfin
582|der Depp
583|der Deutsche
584|der Dickkopf
585|der Diebstahl
586|der Dinosaurier
587|der DJ
588|der Dödel
589|der Dong
590|der Donner
591|der Doppelkorn
592|der Drahtesel
593|der Dreh
594|der Drink
595|der Dritte
596|der Drudenfuß
597|der Dude
598|der Durst
599|der Ehering
600|der Eifer
601|der Eimer
602|der Einheimische
603|der Einzug
604|der Eisbrecher
605|der Ekel
606|der Elb
607|der Elternteil
608|der Enkeltrick
609|der Entschluss
610|der Erdboden
611|der Ernst
612|der Erythrozyt
613|der Erzeuger
614|der Ex
615|der Fahrgast
616|der Fahrradstreifen
617|der Fahrradweg
618|der Fahrtwind
619|der Fang
620|der Faschist
621|der Fascho
622|der Faun
623|der Faustschlag
624|der Fax
625|der Feuerschaden
626|der Fick
627|der Flachmann
628|der Flatscreen
629|der Flegel
630|der Fliegenfänger
631|der Flop
632|der Flow
633|der Fluch
634|der Flyer
635|der Fraß
636|der Freimaurer
637|der Fremdarbeiter
638|der Fremde
639|der Friedensvertrag
640|der Fromme
641|der Frust
642|der Führerschein
643|der Fusel
644|der Fußballclub
645|der Fußtritt
646|der G-Punkt
647|der Galgen
648|der Gangsterboss
649|der Gartenzwerg
650|der Gebende
651|der Gefangene
652|der Gegenwind
653|der Geheimagent
654|der Gehweg
655|der Geier
656|der Geisteskranke
657|der Genießer
658|der Genius
659|der Gentleman
660|der Genus
661|der Genuss
662|der Gepäckträger
663|der Gerichtssaal
664|der Geschädigte
665|der Gesichtsausdruck
666|der Gesinnungslump
667|der Gewinner
668|der Gewinnertyp
669|der Glaube
670|der Glauben
671|der Glückwunsch
672|der Greis
673|der Grill
674|der Groschenroman
675|der Großangriff
676|der Grundschullehrer
677|der Grünkern
678|der Gummi
679|der Gummistiefel
680|der Guss
681|der Hacken
682|der Hai
683|der Haiangriff
684|der Haifisch
685|der Hammelbraten
686|der Handschuh
687|der Hashtag
688|der Hater
689|der Hauch
690|der Häuptling
691|der Hausflur
692|der Hausmann
693|der Heiligenschein
694|der Heimweg
695|der Helikopter
696|der Helm
697|der Hengst
698|der Henker
699|der Herbstwind
700|der Herrscher
701|der Herzensbrecher
702|der Herzensgrund
703|der Herzinfarkt
704|der Heuwagen
705|der Hilfssheriff
706|der Hinterkopf
707|der Hintern
708|der Hippie
709|der Hit
710|der Hockeyschläger
711|der Hoden
712|der Hoffnungsträger
713|der Hohlkopf
714|der Hohn
715|der Holländer
716|der Holocaust
717|der Hook
718|der Hooligan
719|der Hopfen
720|der Hungertod
721|der Husten
722|der Identitäre
723|der Illuminat
724|der Ingwer
725|der IQ-Test
726|der Jaguar
727|der Jahreslohn
728|der Jahresring
729|der Jakobsweg
730|der Jasmin
731|der Joghurt
732|der Jubel
733|der Jugendliche
734|der Kabelsalat
735|der Kaffeefleck
736|der Kaffeevollautomat
737|der Käfig
738|der Kajal
739|der Kamerad
740|der Kapitalismus
741|der Karren
742|der Kasper
743|der Kassenbon
744|der Kater
745|der Katheter
746|der Kaufmannsladen
747|der Kebab
748|der Keim
749|der Kick
750|der Kiez
751|der Kinderchor
752|der Kinderfilm
753|der Kindermund
754|der Kinderwunsch
755|der Kirschbaum
756|der Klaps
757|der Kleiderbügel
758|der Klub
759|der Knaller
760|der Knast
761|der Knöchel
762|der Knoten
763|der Komet
764|der Kommerz
765|der Konjunktiv
766|der Konsens
767|der Konvertit
768|der Kopfschmerz
769|der Kopfschmuck
770|der Kopfsprung
771|der Körpersaft
772|der Kosmetiksalon
773|der Krach
774|der Kragen
775|der Kram
776|der Krater
777|der Krawall
778|der Kruppstahl
779|der Kummer
780|der Kummerkasten
781|der Kuss
782|der Laborbefund
783|der Lack
784|der Langweiler
785|der Lead
786|der Lebenslauf
787|der Lebensstil
788|der Lehrkörper
789|der Leichtmatrose
790|der Lenker
791|der Leukozyt
792|der Liebling
793|der Lieblingsort
794|der Liedtext
795|der Lieferant
796|der Like
797|der Likör
798|der Link
799|der Linksextremist
800|der Longdrink
801|der Lügenbaron
802|der Lustgewinn
803|der Machtanspruch
804|der Macker
805|der Maniac
806|der Manta
807|der Märchenerzähler
808|der Märchenwald
809|der Marquis
810|der Marsch
811|der Maschinenraum
812|der Masochist
813|der Massagesessel
814|der Mast
815|der Mate
816|der Mathematiker
817|der Matrose
818|der Maulesel
819|der Menschenfresser
820|der Met
821|der Meter
822|der Metzger
823|der Milliardär
824|der Millionär
825|der Minirock
826|der Mittelfinger
827|der Mittelklassewagen
828|der Mittelstürmer
829|der Modergeruch
830|der Mohnkuchen
831|der Mondenschein
832|der Mondschein
833|der Mopp
834|der Mundgeruch
835|der Müßiggang
836|der Nachfahre
837|der Nachhauseweg
838|der Nachname
839|der Nachrichtensprecher
840|der Nachtbus
841|der Nachttisch
842|der Nagel
843|der Nahverkehr
844|der Napf
845|der Nazi
846|der Nebenjob
847|der Neid
848|der Neustart
849|der Norden
850|der Normale
851|der Oberarzt
852|der Oregano
853|der Ork
854|der Orkan
855|der Overkill
856|der Pakt
857|der Panda
858|der Panzer
859|der Papi
860|der Paragraph
861|der Partisan
862|der Passant
863|der Pazifist
864|der Pechvogel
865|der Pelzmantel
866|der Penis
867|der Penner
868|der Pflasterstein
869|der Pick-up
870|der Pickel
871|der Pinguin
872|der Piranha
873|der PKW
874|der Po
875|der Polizeiapparat
876|der Polizeibeamte
877|der Pop
878|der Popel
879|der Popstar
880|der Pornofilm
881|der Postbote
882|der Postmann
883|der Prediger
884|der Proberaum
885|der Profit
886|der Prophet
887|der Psychopath
888|der Puder
889|der Puff
890|der Pulli
891|der Punk
892|der Punker
893|der Punkrock
894|der Quark
895|der Querdenker
896|der Querkopf
897|der Rabe
898|der Radweg
899|der Rap
900|der Rapper
901|der Raps
902|der Rassismus
903|der Rassist
904|der Rausch
905|der Rausschmiss
906|der Rave
907|der Rechte
908|der Rechtsextremist
909|der Regenbogen
910|der Regler
911|der Reichskanzler
912|der Reifen
913|der Reisepass
914|der Remix
915|der Reptiloid
916|der Retter
917|der Rettungsring
918|der Revolutionär
919|der Rhein
920|der Riemen
921|der Riesenerfolg
922|der Riss
923|der Ritter
924|der Rocker
925|der Rohrstock
926|der Rollator
927|der Rollkragen
928|der Rollkragenpulli
929|der Rosenkranz
930|der Rost
931|der Rückenwind
932|der Ruhm
933|der Saft
934|der Saftladen
935|der Salat
936|der Same
937|der Samen
938|der Samstagabend
939|der Sandmann
940|der Sandsturm
941|der Sarg
942|der Satan
943|der Sattel
944|der Saufexzess
945|der Schenkelklopfer
946|der Scherzartikel
947|der Schlachtenbummler
948|der Schlafanzug
949|der Schlappschwanz
950|der Schlauch
951|der Schleier
952|der Schlips
953|der Schlusssatz
954|der Schmied
955|der Schmuck
956|der Schmutz
957|der Schnaps
958|der Schnäuzer
959|der Schneesturm
960|der Schneidezahn
961|der Schnurrbart
962|der Schönheitsschlaf
963|der Schopf
964|der Schrecken
965|der Schulabschluss
966|der Schützenverein
967|der Schwabe
968|der Schwachkopf
969|der Schwachsinn
970|der Schwager
971|der Schwamm
972|der Schwanz
973|der Schwarm
974|der Schwarze
975|der Schwerverbrecher
976|der Schwindler
977|der Schwips
978|der Schwung
979|der Sechser
980|der Seemann
981|der Sekt
982|der Selbstoptimierer
983|der Señor
984|der Sextourist
985|der Shitstorm
986|der Silbermond
987|der Smalltalk
988|der Sneaker
989|der Snob
990|der Sommerabend
991|der Songtext
992|der Sonnenbrand
993|der Sonnenuntergang
994|der Sonntagnachmittag
995|der Spam
996|der Speck
997|der Speicher
998|der Spielplatz
999|der Spießer
1000|der Spinner
1001|der Spion
1002|der Spiritus
1003|der Sportfreund
1004|der Sprayer
1005|der Staatsdienst
1006|der Staatsfeind
1007|der Stacheldraht
1008|der Stahl
1009|der Stammtisch
1010|der Staubwedel
1011|der Stehtisch
1012|der Steuerzahler
1013|der Stiefel
1014|der Straßenkampf
1015|der Streich
1016|der Streik
1017|der Subunternehmer
1018|der Sumpf
1019|der Sündenfall
1020|der Superheld
1021|der Tab
1022|der Tabak
1023|der Takt
1024|der Talk
1025|der Tanztee
1026|der Tausendsassa
1027|der Teebeutel
1028|der Teenie
1029|der Teer
1030|der Teich
1031|der Teig
1032|der Teil
1033|der Tellerrand
1034|der Tentakel
1035|der Tesafilm
1036|der Therapeut
1037|der Thrombozyt
1038|der Thron
1039|der Tintenfisch
1040|der Todesengel
1041|der Todeszeitpunkt
1042|der Torwart
1043|der Tote
1044|der Track
1045|der Traktor
1046|der Transit
1047|der Trebegänger
1048|der Tresor
1049|der Trieb
1050|der Tritt
1051|der Trojaner
1052|der Trottel
1053|der Tschüss
1054|der Tüftler
1055|der Türsteher
1056|der TÜV
1057|der Tweet
1058|der Übergriff
1059|der Überschall
1060|der Überzeugungstäter
1061|der Umhang
1062|der Untergang
1063|der Untergrund
1064|der Urin
1065|der Vandale
1066|der Vegetarier
1067|der Verbrecher
1068|der Verdächtige
1069|der Verfassungsschutz
1070|der Verkehrsunfall
1071|der Verleger
1072|der Verletzte
1073|der Verlierer
1074|der Verlobungsring
1075|der Vermieter
1076|der Verrat
1077|der Vers
1078|der Verwandte
1079|der Verzicht
1080|der Viehtransport
1081|der VIP
1082|der Volleyball
1083|der Vollidiot
1084|der Vorschlaghammer
1085|der Walkman
1086|der Wanderrucksack
1087|der Wandschrank
1088|der Warentest
1089|der Wegesrand
1090|der Weißwein
1091|der Wellensittich
1092|der Wichser
1093|der Wipfel
1094|der Wirbel
1095|der Wohnungsmarkt
1096|der Wolf
1097|der Yuppie
1098|der Zahnzwischenraum
1099|der Zander
1100|der Zauber
1101|der Zaunpfahl
1102|der Zebrastreifen
1103|der Zeh
1104|der Zeitgeist
1105|der Zerrspiegel
1106|der Zigarettenstummel
1107|der Zimt
1108|der Zoo
1109|der Zügel
1110|der Zwetschgenschnaps
1111|der Zwilling
1112|der Zyklop
1113|dermaßen
1114|derselbe
1115|detailverliebt
1116|dichtmachen
1117|die Abmahnung
1118|die Abwertung
1119|die Achsel
1120|die Acht
1121|die Ader
1122|die Akne
1123|die Amnesie
1124|die Ampel
1125|die Anleitung
1126|die Anteilnahme
1127|die Antifa
1128|die Antilope
1129|die Anwältin
1130|die Anwaltskosten
1131|die Aphasie
1132|die Armlänge
1133|die Arznei
1134|die Asche
1135|die Atemmaske
1136|die Atze
1137|die Aufstand
1138|die Auge
1139|die Ausbeutung
1140|die Autor
1141|die Bahre
1142|die Baracke
1143|die Barriere
1144|die Batterie
1145|die Beach-Party
1146|die Begleitmusik
1147|die Beleidigung
1148|die Benutzeroberfläche
1149|die Bescheidenheit
1150|die Besserung
1151|die Bestätigung
1152|die Beste
1153|die Bestrafung
1154|die Beule
1155|die Beute
1156|die Bezahlung
1157|die Biene
1158|die Binde
1159|die Biochemie
1160|die Bisswunde
1161|die Bitch
1162|die Blamage
1163|die Blechdose
1164|die Bleibe
1165|die Blondine
1166|die Braut
1167|die Bremse
1168|die Brut
1169|die Buchse
1170|die Bundesrepublik
1171|die Bürde
1172|die CDU
1173|die Chefetage
1174|die Chemo
1175|die Cola
1176|die Corona
1177|die Couleur
1178|die Cousine
1179|die Crème
1180|die Crew
1181|die Currywurst
1182|die Dauerschleife
1183|die Demo
1184|die Deutschlandflagge
1185|die Dicke
1186|die DIN
1187|die Disko
1188|die Dividende
1189|die Drohne
1190|die Düne
1191|die Ehekrise
1192|die Eidechse
1193|die Eifersucht
1194|die Einkaufsmeile
1195|die Einsamkeit
1196|die Ekstase
1197|die Empathie
1198|die Enge
1199|die Entlassung
1200|die Erschaffung
1201|die Erzieherin
1202|die Eskalation
1203|die Euphorie
1204|die Exfrau
1205|die Exklusion
1206|die Expertise
1207|die Fachzeitschrift
1208|die Fährte
1209|die Falafel
1210|die Falschmeldung
1211|die Fälschung
1212|die Falte
1213|die Fanmeile
1214|die Farce
1215|die Faxe
1216|die Feier
1217|die Feigheit
1218|die Feile
1219|die Felge
1220|die Festanstellung
1221|die Festplatte
1222|die Fete
1223|die Fiesta
1224|die Filterblase
1225|die Finsternis
1226|die Flagge
1227|die Fliese
1228|die Floskel
1229|die Flöte
1230|die Flower-Power
1231|die Flut
1232|die Fotze
1233|die Fresse
1234|die Freundin
1235|die Frische
1236|die Fritte
1237|die Fritteuse
1238|die Fruchtblase
1239|die Frühe
1240|die Gang
1241|die Garage
1242|die Gardine
1243|die Gehaltsklasse
1244|die Geile
1245|die Geisterbahn
1246|die Geldwäsche
1247|die Gemütlichkeit
1248|die Gerichtskosten
1249|die Gesundheitspolizei
1250|die Getrenntheit
1251|die Gewohnheit
1252|die Gier
1253|die Girlande
1254|die Gitarre
1255|die Glatze
1256|die Gnade
1257|die Grausamkeit
1258|die Grauzone
1259|die Grundschulklasse
1260|die Guacamole
1261|die Güte
1262|die Haarfarbe
1263|die Haartransplantation
1264|die Handschelle
1265|die Harmonie
1266|die Hauptplatine
1267|die Hautfarbe
1268|die Heuschrecke
1269|die Hexenjagd
1270|die Hinrichtung
1271|die Hinterlist
1272|die Höflichkeit
1273|die Horde
1274|die Hülle
1275|die Hürde
1276|die Hymne
1277|die Hysterie
1278|die Imbissbude
1279|die Impfung
1280|die Inschrift
1281|die IV
1282|die Jahreszahl
1283|die Jalousie
1284|die Jogginghose
1285|die Kachel
1286|die Kanne
1287|die Kanonenkugel
1288|die Kanzlei
1289|die Kapelle
1290|die Karawane
1291|die Karosse
1292|die Katzenwäsche
1293|die Kehle
1294|die Kellnerin
1295|die Kernkraft
1296|die Kettensäge
1297|die Keule
1298|die KI
1299|die Klinge
1300|die Knöchel
1301|die Kochwäsche
1302|die Königin
1303|die Körpersprache
1304|die Kosten
1305|die Kotze
1306|die Kotztüte
1307|die Kränkung
1308|die Kundschaft
1309|die Kunstausstellung
1310|die Kunstfreiheit
1311|die Kutte
1312|die Lagerhalle
1313|die Landessprache
1314|die Langeweile
1315|die Laterne
1316|die Lauer
1317|die Laute
1318|die Lebenswelt
1319|die Leberwurst
1320|die Legebatterie
1321|die Leggings
1322|die Lehrerin
1323|die Leichenhalle
1324|die Leichtigkeit
1325|die Leistungsgesellschaft
1326|die Lektion
1327|die Leukämie
1328|die Leute
1329|die Lichtschranke
1330|die Liebesgeschichte
1331|die Liebeskunst
1332|die Liege
1333|die Lilie
1334|die Lobeshymne
1335|die Lügengeschichte
1336|die Lügenpresse
1337|die Lunte
1338|die Machete
1339|die Made
1340|die Mail
1341|die Mailbox
1342|die Maklerprovision
1343|die Mängelrüge
1344|die Mediathek
1345|die Mehrwertsteuer
1346|die Meinungsfreiheit
1347|die Melodie
1348|die Memoire
1349|die Metapher
1350|die Midlife-Crisis
1351|die Mikrowelle
1352|die Militanz
1353|die Milliarde
1354|die Million
1355|die Minne
1356|die Mistgabel
1357|die Mittelklasse
1358|die Moschee
1359|die Möwe
1360|die Nachbarskatze
1361|die Nadel
1362|die Narbe
1363|die Naziparole
1364|die Nazipartei
1365|die Netzhaut
1366|die Nichte
1367|die Oase
1368|die Offensive
1369|die Olle
1370|die Packung
1371|die Pandemie
1372|die Panzerfaust
1373|die Pappe
1374|die Parkbank
1375|die Parole
1376|die Passagiermaschine
1377|die Patina
1378|die Pauke
1379|die Peitsche
1380|die Perfektion
1381|die Pest
1382|die Petition
1383|die Pfütze
1384|die Pille
1385|die Pirouette
1386|die Pisse
1387|die Pizza
1388|die Pizzeria
1389|die Playlist
1390|die Pleite
1391|die Poesie
1392|die Pointe
1393|die Pore
1394|die Positivität
1395|die Predigt
1396|die Prügelstrafe
1397|die Pubertät
1398|die Pyramide
1399|die Qual
1400|die Quere
1401|die Rache
1402|die Raffgier
1403|die Rechtsberatung
1404|die Renaissance
1405|die Retterin
1406|die Reue
1407|die Rippe
1408|die Ritze
1409|die Rolltreppe
1410|die Rote
1411|die Röte
1412|die Rüstung
1413|die Sage
1414|die Sahne
1415|die Sandale
1416|die Sandalette
1417|die Säuberung
1418|die Sauna
1419|die Schabe
1420|die Schalmei
1421|die Schande
1422|die Schar
1423|die Schaufel
1424|die Scherbe
1425|die Schickeria
1426|die Schlaufe
1427|die Schmerztablette
1428|die Schminke
1429|die Schnabeltasse
1430|die Schnauze
1431|die Schneeeule
1432|die Schokofrucht
1433|die Scholle
1434|die Schöpfung
1435|die Schrippe
1436|die Schülerin
1437|die Schundliteratur
1438|die Schürze
1439|die Schwachstelle
1440|die Schweinehaxe
1441|die Schwerkraft
1442|die Schwinge
1443|die Seilbahn
1444|die Sekte
1445|die Selbstachtung
1446|die Selbstreflexion
1447|die Selbstständigkeit
1448|die Seligkeit
1449|die Sicke
1450|die Siegerin
1451|die Sintflut
1452|die Sitte
1453|die Skyline
1454|die Socke
1455|die Sohle
1456|die Sonnenliege
1457|die Speise
1458|die Spießigkeit
1459|die Sprechstundenhilfe
1460|die Spree
1461|die Stampe
1462|die Standpauke
1463|die Starallüre
1464|die Steppe
1465|die Stereoanlage
1466|die Sternennacht
1467|die Sternschnuppe
1468|die Stichflamme
1469|die Straßenbahn
1470|die Streitaxt
1471|die Streitkultur
1472|die Streu
1473|die Strippe
1474|die Strophe
1475|die Stulle
1476|die Sturmhaube
1477|die Sucht
1478|die Sünde
1479|die Suppe
1480|die Taille
1481|die Taktik
1482|die Tapete
1483|die Tarnjacke
1484|die Tarnung
1485|die Taube
1486|die Termite
1487|die Tomatensoße
1488|die Trauerfeier
1489|die Traufe
1490|die Treue
1491|die Triggerwarnung
1492|die Trophäe
1493|die Trümmer
1494|die Türpolitik
1495|die U-Bahn
1496|die Überstunde
1497|die Uhrzeit
1498|die Umweltzone
1499|die Unbegrenztheit
1500|die Unendlichkeit
1501|die Uni
1502|die Unwissenheit
1503|die Urlaubsreise
1504|die Urne
1505|die Vase
1506|die Venus
1507|die Vergänglichkeit
1508|die Vergeltung
1509|die Verhaftung
1510|die Verlegenheit
1511|die Vernichtung
1512|die Vernissage
1513|die Verpackung
1514|die Verschwörung
1515|die Verschwörungstheorie
1516|die Verwandtschaft
1517|die Verzerrung
1518|die Vier
1519|die Vitrine
1520|die Vokabel
1521|die Vollkasko
1522|die Vorstellungskraft
1523|die Wahlkabine
1524|die Wanne
1525|die Wanze
1526|die Wasserleiche
1527|die Weinschorle
1528|die Weinverkostung
1529|die Weisheit
1530|die Weltherrschaft
1531|die Wenigkeit
1532|die Weste
1533|die Wimper
1534|die Windel
1535|die Würde
1536|die Wüstenspringmaus
1537|die Zahnspange
1538|die Zähre
1539|die Zange
1540|die Zeder
1541|die Zensur
1542|die Ziffer
1543|die Zigarre
1544|die Zuckerwatte
1545|die Zungenspitze
1546|die Zuversicht
1547|die Zweisamkeit
1548|die Zweite
1549|diebisch
1550|diese
1551|dieselbe
1552|distanzieren
1553|dito
1554|drankommen
1555|draufgehen
1556|drauflegen
1557|dreckig
1558|dressieren
1559|drin
1560|du
1561|dumpf
1562|durchdringen
1563|durchfahren
1564|durchlöchern
1565|durchmachen
1566|durchschallen
1567|durchschleichen
1568|durchstreifen
1569|duschen
1570|edel
1571|eh
1572|einatmen
1573|einbiegen
1574|einbilden
1575|einbrechen
1576|eindösen
1577|ein
1578|einfädeln
1579|einfangen
1580|einpacken
1581|einparken
1582|einprägen
1583|einprügeln
1584|einreden
1585|einreiben
1586|einreihen
1587|einschaufeln
1588|einschleichen
1589|einschreiben
1590|einsperren
1591|einstreichen
1592|einstürzen
1593|eintausend
1594|einwecken
1595|einwerfen
1596|einwilligen
1597|eiskalt
1598|elend
1599|empor
1600|empören
1601|entbehren
1602|enterben
1603|entfachen
1604|entfahren
1605|entflammen
1606|enthüllen
1607|entkoppeln
1608|entlanglaufen
1609|entlasten
1610|entsetzlich
1611|entwischen
1612|entzücken
1613|entzwei
1614|er
1615|erbärmlich
1616|erben
1617|erblicken
1618|erblinden
1619|erfahrbar
1620|erfolglos
1621|erfrischen
1622|ergründen
1623|erklettern
1624|erlegen
1625|erlöschen
1626|erlösen
1627|erpressen
1628|ersaufen
1629|erschaffen
1630|erschlagen
1631|erstechen
1632|erstens
1633|ersticken
1634|erstrahlen
1635|ertrinken
1636|erwürgen
1637|erziehen
1638|es
1639|exen
1640|explodieren
1641|exzessiv
1642|ey
1643|fackeln
1644|fad
1645|fahl
1646|fälschen
1647|farblich
1648|farblos
1649|fatal
1650|fauchen
1651|faulen
1652|feige
1653|fernsehen
1654|festangestellt
1655|festkrallen
1656|festlich
1657|feuerfest
1658|ficken
1659|fies
1660|finnisch
1661|finster
1662|fisten
1663|flehen
1664|flink
1665|foppen
1666|formlos
1667|fort
1668|frech
1669|freimachen
1670|fremdeln
1671|frequentieren
1672|freundschaftlich
1673|frieren
1674|fummeln
1675|funkeln
1676|funken
1677|gähnen
1678|gammeln
1679|gebären
1680|gebrauchen
1681|gebrochen
1682|gedanklich
1683|geduldig
1684|gefangenhalten
1685|gefrieren
1686|gehen lassen
1687|geil
1688|gelernt
1689|gemäßigt
1690|gemein
1691|gendern
1692|genieren
1693|genügsam
1694|geradeaus
1695|geradebiegen
1696|geschmackvoll
1697|gesellen
1698|gesprächig
1699|gestatten
1700|geteert
1701|getigert
1702|gewohnt
1703|gewollt
1704|gezackt
1705|gierig
1706|gipfeln
1707|gläsern
1708|glaubhaft
1709|glutenfrei
1710|gnadenlos
1711|googeln
1712|graben
1713|Grad
1714|grandios
1715|grausam
1716|greis
1717|grillen
1718|grölen
1719|großmäulig
1720|gut
1721|gutmachen
1722|hä
1723|haarig
1724|hacken
1725|hageln
1726|halbvoll
1727|haltmachen
1728|hängenbleiben
1729|hänseln
1730|harmonieren
1731|häuslich
1732|heilbar
1733|heimkehren
1734|heiter
1735|herab
1736|herablassen
1737|heran
1738|heranfahren
1739|heranlassen
1740|herausgehen
1741|herauslassen
1742|herausstrecken
1743|herbringen
1744|herein
1745|hereinbringen
1746|herfallen
1747|herholen
1748|herumfahren
1749|herumfingern
1750|herumgehen
1751|herumliegen
1752|herumstehen
1753|herunterkommen
1754|herunterreißen
1755|herunterwerfen
1756|herunterziehen
1757|hetero
1758|hetzen
1759|hierbleiben
1760|hinabsteigen
1761|hinausgucken
1762|hinbringen
1763|hinderlich
1764|hineinfahren
1765|hineingehen
1766|hineinkriechen
1767|hineinstehen
1768|hineinziehen
1769|hingeben
1770|hingucken
1771|hinken
1772|hinkommen
1773|hinkriegen
1774|hinlaufen
1775|hinmüssen
1776|hinrichten
1777|hinschmeißen
1778|hinsehen
1779|hinterfragen
1780|hintergehen
1781|hintreiben
1782|hissen
1783|hochfahren
1784|hochheben
1785|hochladen
1786|hochreißen
1787|hochschrecken
1788|höchstpersönlich
1789|höchstwahrscheinlich
1790|hochziehen
1791|hohl
1792|holländisch
1793|homophob
1794|hu
1795|huh
1796|humpeln
1797|hundertachtzig
1798|huschen
1799|ihm
1800|ihr
1801|ihrer
1802|immerfort
1803|imperativ
1804|impfen
1805|importieren
1806|imposant
1807|indigen
1808|ineinander
1809|injizieren
1810|innerlich
1811|innerorts
1812|intakt
1813|intim
1814|irdisch
1815|irgendwas
1816|irgendwer
1817|irren
1818|jahrzehntelang
1819|jawohl
1820|jedweder
1821|jucken
1822|kacken
1823|kapieren
1824|kapitalistisch
1825|kaputtmachen
1826|karibisch
1827|kategorisch
1828|kerngesund
1829|kicken
1830|kiffen
1831|killen
1832|klaffen
1833|klarkommen
1834|klasse
1835|klassifizierbar
1836|klemmen
1837|klimatisieren
1838|klonen
1839|knackig
1840|knibbeln
1841|knien
1842|knipsen
1843|knutschen
1844|konvertieren
1845|konzentriert
1846|korrumpieren
1847|kotzen
1848|krass
1849|kratzen
1850|kreuchen
1851|kreuzbrav
1852|kritzeln
1853|krude
1854|krumm
1855|kugelrund
1856|kultiviert
1857|kundig
1858|kundtun
1859|kurbeln
1860|labern
1861|lackieren
1862|lahm
1863|laktosefrei
1864|langwierig
1865|lautwerden
1866|leasen
1867|lebenslang
1868|lecken
1869|lecker
1870|leeren
1871|licht
1872|liegenbleiben
1873|liegenlassen
1874|liken
1875|lila
1876|linksradikal
1877|lohnen
1878|losbinden
1879|loslaufen
1880|lyrisch
1881|m
1882|mähen
1883|makaber
1884|makellos
1885|mal
1886|malochen
1887|mangelhaft
1888|manifestieren
1889|manipulieren
1890|markant
1891|martialisch
1892|massieren
1893|masturbieren
1894|matchen
1895|meckern
1896|mega
1897|meiner
1898|meinetwegen
1899|menschenleer
1900|minus
1901|missbilligen
1902|missen
1903|missverstehen
1904|mitarbeiten
1905|mitfahren
1906|mitfeiern
1907|mitfühlend
1908|mithalten
1909|mitlaufen
1910|mitmarschieren
1911|mitsingen
1912|mittags
1913|mitteilsam
1914|mittelalt
1915|mittelmäßig
1916|mittelschwer
1917|moin
1918|mollig
1919|mörderisch
1920|multikulturell
1921|mysteriös
1922|n
1923|nachholen
1924|nähen
1925|naschen
1926|nationalistisch
1927|neidisch
1928|neugeboren
1929|nichtig
1930|nieder
1931|niederlegen
1932|nimmer
1933|nippen
1934|nuckeln
1935|obdachlos
1936|obszön
1937|öde
1938|offenhalten
1939|offenstehen
1940|offline
1941|ok
1942|olé
1943|ölig
1944|opfern
1945|orten
1946|paranoid
1947|passend
1948|pausieren
1949|peilen
1950|peitschen
1951|peng
1952|pennen
1953|perfektionieren
1954|perplex
1955|pflanzen
1956|picken
1957|pilgern
1958|pinkeln
1959|platt
1960|plaudern
1961|pleite
1962|plumpsen
1963|plündern
1964|posten
1965|prächtig
1966|prall
1967|prasseln
1968|präventiv
1969|predigen
1970|preußisch
1971|prima
1972|provozieren
1973|pubertär
1974|puh
1975|pumpen
1976|pur
1977|pusten
1978|quatschen
1979|radikalisieren
1980|raffiniert
1981|randalieren
1982|rasieren
1983|rasten
1984|ratsam
1985|rattern
1986|rau
1987|rauben
1988|raufgehen
1989|raus
1990|rausbringen
1991|rausgehen
1992|raushauen
1993|rauskommen
1994|rauskriegen
1995|rausschmeißen
1996|rausziehen
1997|recyceln
1998|Regenbogen
1999|reihen
2000|reimen
2001|reinbringen
2002|reingehen
2003|reinkommen
2004|reinlassen
2005|reinpassen
2006|reinschauen
2007|reinziehen
2008|reißfest
2009|relativieren
2010|respektieren
2011|retro
2012|rezensieren
2013|rhetorisch
2014|rieseln
2015|riesengroß
2016|rocken
2017|roden
2018|roh
2019|rosa
2020|rostbraun
2021|rösten
2022|rücksichtsvoll
2023|rückwärts
2024|ruinieren
2025|runterkommen
2026|runterkurbeln
2027|rustikal
2028|sabotieren
2029|sachgrundlos
2030|saftig
2031|salzig
2032|saufen
2033|schäbig
2034|schadenfroh
2035|schadlos
2036|schämen
2037|schamlos
2038|schaufeln
2039|schäumen
2040|scheißegal
2041|schick
2042|schielen
2043|schillernd
2044|schinden
2045|schlau
2046|schlauchen
2047|schmeißen
2048|schmelzen
2049|schminken
2050|schneien
2051|Schrecken
2052|schrubben
2053|schuften
2054|Schuld
2055|schwänzen
2056|schwärmen
2057|schwarz-weiß-rot
2058|schweifen
2059|schweißgebadet
2060|schwenken
2061|scrollen
2062|sehnen
2063|selbstgeschrieben
2064|selbstlos
2065|selbstverliebt
2066|selig
2067|senil
2068|seriös
2069|sexy
2070|sie
2071|siebenstellig
2072|siebzehn
2073|siegreich
2074|signieren
2075|solidarisch
2076|solo
2077|spazieren gehen
2078|spekulativ
2079|spenden
2080|spucken
2081|stampfen
2082|stapeln
2083|stehenbleiben
2084|stehenlassen
2085|steif
2086|sterblich
2087|sternenklar
2088|stillhalten
2089|stillstehen
2090|stopfen
2091|straff
2092|streitlustig
2093|streuen
2094|stricken
2095|stumpf
2096|stürmen
2097|subtil
2098|subventionieren
2099|surreal
2100|tabu
2101|tagelang
2102|taktieren
2103|tätowieren
2104|taub
2105|taugen
2106|taumeln
2107|tausendmal
2108|ticken
2109|tiefbraun
2110|tiefgekühlt
2111|tierisch
2112|tindern
2113|Tod
2114|tolerant
2115|tolerieren
2116|töpfern
2117|toppen
2118|totprügeln
2119|toxisch
2120|tracken
2121|tränken
2122|trashig
2123|treudeutsch
2124|trimmen
2125|trist
2126|trojanisch
2127|trostlos
2128|tugendhaft
2129|überbekommen
2130|überfahren
2131|überfällig
2132|überhöhen
2133|Überleben
2134|übersäen
2135|überschlagen
2136|übersteigen
2137|überteuern
2138|übertönen
2139|überwehen
2140|umgestalten
2141|umher
2142|umkippen
2143|umkreisen
2144|umlaufen
2145|umrunden
2146|umschlagen
2147|umschlingen
2148|umziehen
2149|unanständig
2150|unantastbar
2151|unbarmherzig
2152|unbefangen
2153|unbeliebt
2154|unbequem
2155|unbestechlich
2156|unbeweglich
2157|unentschlossen
2158|unerhört
2159|unerreichbar
2160|unfassbar
2161|ungeklärt
2162|ungelogen
2163|ungenau
2164|ungeschickt
2165|ungeschminkt
2166|ungewaschen
2167|universell
2168|unpolitisch
2169|unrasiert
2170|unseriös
2171|unsinnig
2172|unsterblich
2173|unweit
2174|unwiederbringlich
2175|unzerstörbar
2176|vegan
2177|vegetarisch
2178|verängstigen
2179|verarschen
2180|verbiegen
2181|verblühen
2182|verbünden
2183|verdammen
2184|verderben
2185|verdrecken
2186|verdrücken
2187|verehren
2188|vererben
2189|verfehlen
2190|verfließen
2191|verfluchen
2192|verführen
2193|vergammeln
2194|verglühen
2195|verhauen
2196|verhören
2197|verhüllen
2198|verkacken
2199|verkappt
2200|verkehrt
2201|verklagen
2202|verklären
2203|verkleiden
2204|verkommen
2205|verlieben
2206|vermarkten
2207|vermasseln
2208|vermöbeln
2209|vermummen
2210|verpfeifen
2211|verpissen
2212|verprassen
2213|verprügeln
2214|verrecken
2215|verrinnen
2216|verrotten
2217|verrücken
2218|versauen
2219|versäumen
2220|verschandeln
2221|verschenken
2222|verschimmeln
2223|verschlechtern
2224|verschleiern
2225|verschlingen
2226|verschmähen
2227|verschonen
2228|verschweigen
2229|verschwenden
2230|verschwimmen
2231|verschwören
2232|versöhnen
2233|versperren
2234|verstauben
2235|vertrackt
2236|vertuschen
2237|verwahren
2238|verwehren
2239|verweichlichen
2240|verwöhnen
2241|verzagen
2242|verzerren
2243|vietnamesisch
2244|visionär
2245|vorab
2246|voraus
2247|vorbeieilen
2248|vorbeifliegen
2249|vorbringen
2250|vorhalten
2251|vorstehen
2252|vorüber
2253|vorwärts
2254|voten
2255|wachen
2256|währenddessen
2257|walken
2258|walten
2259|wanken
2260|wärmen
2261|waschecht
2262|weben
2263|wechselbar
2264|wechselhaft
2265|wegdrehen
2266|weggeben
2267|weglaufen
2268|wegrennen
2269|wegschießen
2270|wegstecken
2271|wegtun
2272|wegwerfen
2273|wegwollen
2274|wegziehen
2275|wehren
2276|weiterempfehlen
2277|weiterverkaufen
2278|welches
2279|wer
2280|weswegen
2281|wetten
2282|widersetzen
2283|widerstehen
2284|wie
2285|wiedererkennen
2286|wiederkommen
2287|wienern
2288|wildern
2289|wollen
2290|willig
2291|winden
2292|wir
2293|wirr
2294|wohltemperiert
2295|woke
2296|worin
2297|wortlos
2298|wringen
2299|wund
2300|Wunde
2301|wundern
2302|werden
2303|würgen
2304|würzen
2305|wuselig
2306|wutschnaubend
2307|zahm
2308|zähmen
2309|zanken
2310|zärtlich
2311|zauberhaft
2312|zehnmal
2313|zehntausend
2314|zelten
2315|zerfetzen
2316|zerhäckseln
2317|zerknüllen
2318|zerschellen
2319|zerschlagen
2320|zetern
2321|zetten
2322|zeugen
2323|zieren
2324|zimmern
2325|zirkeln
2326|zirkulieren
2327|zoomen
2328|zu Hause
2329|zu viel
2330|zu wenig
2331|zuallererst
2332|zubringen
2333|zügeln
2334|zuhalten
2335|zuleide
2336|zurückdenken
2337|zurückdrehen
2338|zurückfallen
2339|zurückfliegen
2340|zurückholen
2341|zusammenhangslos
2342|zusammenpferchen
2343|zusammenreißen
2344|zusammenrücken
2345|zweideutig
2346|zweifelsfrei
2347|zwinkern
2348|zwischendrin
2349|zwitschern
2350|zyklisch
