|lemma
0|Bass
0|Raum
1|Kamerad
1|Abenteuer
2|Suppe
2|das Kraut
3|Wertpapierdepot
4|Klopfen
4|Tür
5|König
5|Schlacht
6|Joghurt
7|Investment
8|Yuppie
8|der Designeranzug
9|Ingwertee
9|Erkältung
10|Schuld
10|der Angeklagte
11|Spenderorgan
11|Leben
12|Stille
12|Wald
12|Morgen
13|Kanzlei
13|Arbeitsrecht
14|Radfahrer
14|Gegenwind
15|Kamel
15|Last
15|Wüste
16|Kritik
16|Mensch
17|Glas
17|Boden
18|Teebeutel
18|Wasser
19|Klang
19|Stimme
20|Stabilität
20|Struktur
21|Küche
22|Kind
22|Märchenfigur
23|Rubbellos
23|Summe
24|Wort
25|Schwamm
25|Wasser
26|Gemälde
27|Rassist
27|Hassrede
28|Entfernung
29|Veilchen
29|Schatten
29|Baum
30|Schlüssel
31|Überfall
31|Knast
32|Stockwerk
32|Fuß
33|die Leukämie-Therapie
34|Straßenbahn
34|Hauptbahnhof
35|Chef
35|Fehler
36|Basketball
36|Netz
37|Autoverleih
37|Preis
38|Thema
39|Kind
39|Zaun
40|Mistgabel
40|Wand
40|Scheune
41|Vase
42|Familie
42|Weihnachten
43|Matrose
43|Tau
44|Laufen
44|Morgen
45|Hauptplatine
46|Penthouse
46|Aussicht
47|Flut
47|Stadt
48|Rap
48|Club
49|Kleidung
49|Soldat
50|Vandale
50|Wand
51|Knöchel
52|Falafel
52|Lokal
53|Bart
53|Nacht
54|Rausschmiss
54|Mieter
55|Problem
56|Abteilungsleiter
56|Projekt
57|Leichenhalle
58|Grill
58|Sommerfest
59|Tag
60|Analyse
61|Wachstum
62|Weib
62|Legende
62|Kraft
64|Autor
64|Buch
64|Messe
65|Burger
66|Dunkel
66|Wald
66|das Käuzchen
67|Deutschlandlied
67|Feier
67|der Sieg
68|Sommer
69|Ende
69|Satz
69|Ausrufezeichen
70|Bock
70|Weide
70|Horn
71|Kinderfilm
71|Alt
72|Musikerin
72|Solo
73|Keller
73|Modergeruch
74|Firma
74|Büro
75|Autor
75|Theorie
76|Seil
77|Kampagne
77|Zeichen
77|Rassismus
78|DJ
78|Beat
78|Mischpult
79|Gelegenheit
79|Leben
80|Wanderrucksack
80|Proviant
81|Aufruf
81|Hilfe
82|Aphasie
82|Schlaganfall
83|Schulabschluss
83|Erfolg
84|Kanne
84|Keramik
84|Tee
85|Fluss
85|Schlucht
86|Postmann
86|Tür
87|Reaktion
88|Wort
88|Stern
88|Anagramm
88|die Rente
89|Nachrichtensprecher
89|Sturm
90|Offensive
90|Angriff
91|Gemälde
91|Wand
92|Streitkultur
92|Diskurs
93|Hopfen
93|Bier
93|Note
94|Zahnseide
94|Zahnzwischenraum
95|Beule
95|Sturz
95|Treppe
96|Sintflut
96|Tal
97|Schnäuzer
98|Kamera
98|Foto
100|Komfort
100|Stadt
101|Sekte
101|Anhänger
101|Bann
102|Clown
102|Kind
102|Lachen
103|Klub
103|Abend
103|Party
104|Dromedar
104|Wüste
105|Ton
105|Kritik
106|Marathon
107|Handwerker
107|das Holzregal
108|Schar
108|Vogel
108|Abendhimmel
109|Nachricht
110|Spree
110|Herz
110|Berlin
111|Sandwich
111|Käse
111|Tomate
112|Raum
112|Nachdruck
113|Buch
114|Latein
114|Text
115|Sucht
115|Erfolg
115|Leben
116|Karton
117|Manager
117|Amt
118|Kleid
118|Stunde
119|Gewächshaus
119|Pflanze
120|der Polizeibeamte
120|Fall
121|Leichentuch
121|Kirche
122|Klang
122|Arena
123|Komiker
123|Schenkelklopfer
124|Wärter
124|Häftling
125|Mikrofon
125|Rede
126|Werkzeug
126|Arbeit
127|Pleite
127|Firma
128|Knall
128|der Anwesende
129|Segel
129|Wind
129|Meer
130|Glockenspiel
130|Sonntag
131|Fahren
131|Kreuzung
132|Kleidchen
132|Sommerwind
133|Tesafilm
133|Seite
134|Feile
134|Metall
135|Sozialverhalten
135|Kind
136|Sonne
137|Kabel
138|Jahr
138|Schwarm
139|Handschuh
139|Parkbank
140|Dank
140|Unterstützung
141|Arbeit
142|Katze
142|Tür
143|Nachname
143|Region
144|Flachmann
144|Notfall
145|Katze
145|Maus
146|Dieb
146|Paar
147|Jagen
147|Wald
147|Geduld
147|Ruhe
148|Treffpunkt
149|Spion
149|Dokument
150|Rechtsberatung
150|Fall
151|Kummer
151|Verlust
152|Tausendsassa
152|Talent
153|Auto
153|Seitenstraße
154|Tetrapak
156|Kind
157|Held
158|Geisteskranke
158|Klinik
159|E-Mail
160|Preisschild
160|Kauf
161|Nadel
161|Stoff
162|Gruppe
163|Blackout
163|Stadt
164|Protest
165|Parkverbot
165|Fahrer
166|Fehlentscheidung
166|Karriere
167|Batterie
167|Handy
168|Gewinner
168|Trophäe
169|Haus
169|See
170|Katheter
170|Arzt
171|Song
171|Hook
171|Refrain
172|Maßnahme
172|Mitarbeiter
173|Rasen
173|Morgen
174|Wort
174|Hohn
174|Bitterkeit
175|Lesung
175|Atmosphäre
176|Meerwasser
177|Selbstreflexion
177|Fehler
178|Grauzone
178|Gesetz
178|Konflikt
179|Szene
179|Innere
179|das Eingeweide
180|System
181|Bitte
181|Dokument
181|E-Mail
182|Kind
182|Bett
183|Komma
183|der Letzte
183|Zeile
184|Aufführung
185|Popstar
185|Million
185|Musik
186|Boden
186|Wald
187|Verhaltensweise
188|Video
188|Cringe
189|Unfall
189|Quere
189|Plan
191|Talk
191|Radio
192|Schlachtenbummler
192|Finale
193|Fruchtblase
193|Geburt
194|Barkeeper
194|Cocktail
195|Vernichtung
195|Dokument
196|Wanderung
196|Düne
197|Kellner
197|Glas
198|Lügengeschichte
199|Wiener
199|Schnitzel
200|Unruhe
200|Prüfung
201|Sieg
201|Euphorie
202|Trojaner
202|Datum
203|Jammertal
203|der Leidende
204|DJ
204|Break
205|Rocker
205|Lederjacke
205|Niete
206|Rücken
206|Tag
207|Brathähnchen
207|Küche
208|Buch
208|Dachboden
209|Nutzen
209|Methode
210|Publikum
211|Genuss
211|Essen
212|Wasser
212|Kälte
213|Einsamkeit
213|Frieden
214|Tür
215|Vorschlag
215|Empörung
216|Schüler
216|Fach
217|Dekoration
217|Gast
218|Land
218|Pakt
219|Königin
219|Thron
219|Würde
220|Projekt
221|Eimer
221|Wasser
221|Brunnen
222|Thema
222|Belang
222|Diskussion
223|Aroma
223|Kaffee
223|Raum
224|Torwart
224|Elfmeter
225|Couleur
225|Uniform
226|Büro
227|Machtanspruch
228|Korruption
228|Schande
228|Gesellschaft
229|Arbeit
229|Tag
230|Maschine
230|DIN-Norm
231|Tag
231|Vokabel
232|Unternehmen
232|Krise
233|Brücke
234|Track
234|Band
234|Hit
235|Finsternis
235|Tal
235|Schatten
236|Kultur
236|Jahr
237|Bewerbungsschreiben
238|Konterbier
238|Kater
239|Mondenschein
239|Landschaft
240|Coup
240|Problem
241|Gebäude
241|Erdbeben
242|Lunte
243|Urlaub
243|Müßiggang
243|Zug
244|Urlaubsreise
244|Toskana
245|Zyklop
245|Höhle
246|der Dritte
247|Raum
248|Putzfrau
248|Boden
249|Hilfe
250|Käuzchen
250|Nacht
251|Maus
251|Küchenboden
252|Stein
252|Berg
253|Ehering
253|Sonnenlicht
254|Sturmgewehr
254|Armee
255|Wipfel
255|Baum
255|Vogel
256|Chef
256|Strategie
257|Sandmann
257|Kind
257|Traum
258|Betrunkene
258|Straße
260|Verantwortung
260|Bürde
261|Husten
261|Ruhe
261|Konzertsaal
262|Schrecken
263|Zaunpfahl
264|Datum
265|Festanstellung
265|Sicherheit
266|Verlust
267|Vermieter
267|Miete
267|Januar
268|Orkan
268|Schaden
268|Küste
269|Schuld
269|der Pass
270|Blödmann
270|Fahrrad
271|Mehrwertsteuer
272|Boom
272|Tech-Branche
273|Binde
273|Arm
274|Megafon
274|Stimme
274|Demo
275|Verantwortung
276|Hinweis
277|Kabelsalat
277|Büro
278|Zigarre
278|Tabak
279|Partnerin
280|Zug
280|Tunnel
281|Ferienparadies
281|Sandstrand
282|Aufgabe
283|Familie
283|der Nächste
283|Monat
284|Luft
284|System
285|Dünengras
285|Wind
286|Brot
286|Woche
287|die Zähre
287|Wange
288|Playlist
288|Lied
288|Anlass
289|Leck
289|Tank
290|Ruf
290|Wald
291|Scholle
291|Fischer
292|Ballon
292|Helium
293|Buch
293|Tisch
294|Flugzeug
294|die Überschallgrenze
295|Fan
295|Stadion
295|Siegtor
296|Mikrowelle
297|Frau
298|Betrug
298|Tag
299|Besichtigungstermin
300|Vergangenheit
301|Menge
301|Konzert
301|Ekstase
302|Sand
302|Finger
303|Festplatte
303|das Projektdatum
304|Rucksack
304|Schließfach
305|Schlag
305|Raum
306|Basecap
306|Logo
308|Seeufer
308|Wochenende
309|Adrenalin
309|Ader
310|Minirock
310|Jahr
311|Organisation
312|Sommer
312|Cabrio
313|Windel
313|Baby
314|Leichtigkeit
314|Rätsel
315|Freundin
315|Feier
316|Schützenverein
316|Sommerfest
317|Eifersucht
317|Beziehung
318|der Pirat
318|Schiff
319|Schiff
319|Anker
319|Hafen
320|Dieb
320|Gemälde
321|Tentakel
321|der Oktopus
321|Beute
322|Genesung
323|Probe
323|Spur
323|Medikament
324|Pick-up
324|Baumaterial
325|der Beamte
326|Todesengel
326|Kunst
327|Tisch
328|Bemerkung
328|Debatte
329|Saal
329|Abendlicht
330|Mängelrüge
331|Spieler
331|Ball
331|Aus
332|Anzahl
332|der Leukozyt
332|der Normalbereich
333|Werkstatt
333|Auto
334|Wenigkeit
334|Anspruch
335|Lüge
336|Diamant
336|Abendsonne
337|Buch
337|Perspektive
338|Planung
338|Urlaub
339|Verfassungsschutz
339|Extremismus
340|Schild
340|der Nächste
340|Ausfahrt
341|Essen
342|Taucher
342|Manta
343|Forscher
343|Höhle
344|Schnabeltasse
344|Trinken
345|Turm
345|Kruppstahl
346|Wrack
346|Schiff
347|Katzenwäsche
347|Arbeit
348|Feigheit
348|Krise
349|Kettensäge
349|Baum
350|Mechanismus
350|Last
351|Flagge
351|Wind
351|Gipfel
352|Marsch
352|Wanderer
353|Arzt
353|Funktion
353|Anus
353|Detail
354|Zeuge
354|Gericht
355|Los
355|Spiel
356|Album
356|Sänger
357|Verlierer
357|Niederlage
358|Abendbrot
358|Brot
358|Käse
359|Produkt
360|Farbe
360|Raum
361|Sternschnuppe
361|Nachthimmel
362|Fahrradstreifen
362|Stadt
363|Alte
363|Gewohnheit
364|Note
364|Zungenspitze
365|Parkbank
366|Uhr
367|Hilfe
367|Schwimmer
368|Benzinpreis
369|Handtuch
370|Machete
370|Bambus
371|Sandwich
371|Minute
372|Hauch
372|Oregano
372|Tomatensoße
373|Bohne
374|Hinrichtung
374|der Letzte
374|Moment
375|Jahr
375|Firma
376|Wort
376|Text
377|Prediger
377|Kraft
377|Vergebung
378|Unfall
378|Amnesie
379|Lehrer
380|Kind
381|Pazifist
381|Frieden
382|Temperatursturz
382|Minusgrad
383|Rebe
383|Gemäuer
384|Material
385|Geschwindigkeitsbegrenzung
386|Tattoo
386|Mandala
387|Schloss
388|Massagesessel
388|Spa
388|Wohltat
389|Elb
389|Wald
390|Versuchung
391|Abend
391|Stunde
392|Bunny
392|Garten
393|Grund
394|Frage
395|Walkman
396|Uhrzeit
397|Brot
397|Butter
398|Turm
398|Bezugspunkt
398|Wanderer
399|Röte
399|Gesicht
399|Nervosität
400|Subunternehmer
400|Spezialarbeit
401|Tschüss
401|Gespräch
402|Guacamole
402|Tisch
403|Takt
403|Lied
404|Hater
404|Kommentar
405|Nickerchen
405|Nachmittag
406|Freitag
406|Volleyball
406|Strand
407|Sechser
408|Spießigkeit
408|Dorf
408|Idee
409|Straße
409|Sommer
411|Bitte
411|Buch
412|Dessert
413|Konzert
413|Riesenerfolg
413|Band
414|Zander
414|See
415|Buch
415|Geschichte
415|Ghetto
416|Kinderchor
416|Weihnachtskonzert
417|Langweiler
417|Gespräch
418|Beste
418|Klasse
419|Drahtesel
420|Truhe
421|Nein
421|Angebot
422|Nacht
422|Lager
423|Renaissance
423|Blüte
423|Kunst
424|Corona
424|Sonne
424|Hitze
425|Fell
425|Katze
426|Pointe
426|Witz
427|Boden
428|Arm
428|Schutz
428|Regen
429|Regierung
429|Energie
430|Kalb
430|Wiese
431|Ausweg
432|Beste
432|Klasse
432|Mathematik
433|Flut
433|Haus
433|Küste
434|Pechvogel
434|Schlüssel
436|Firma
436|Text
437|Stadion
437|Zuschauer
438|Zeitplan
438|Pause
439|Foto
439|Like
439|Instagram
440|Verhandlung
440|Erfolg
441|Spinne
441|Netz
442|Cousine
442|Frankreich
443|Tief
443|Ruhe
444|Busfahrer
444|Route
444|Präzision
445|Schrei
445|Stille
445|Nacht
446|Verstorbene
446|Halle
447|Hakenkreuz
447|Symbol
447|Nazi
448|Zebrastreifen
448|Auto
449|Folge
449|Krieg
450|Katze
450|Haus
451|Wort
451|Text
452|Stimme
452|Schmerz
453|Saufen
453|Wochenende
453|Mal
454|Wellensittich
455|Äußere
455|Gebäude
456|Hinterlist
456|Gegner
457|Publikum
458|Nachricht
459|Socke
459|Winter
460|System
461|Deckel
461|Topf
462|Meeting
463|Energiesparhaus
463|Heizkosten
463|Winter
464|Urteil
464|Bürger
465|Option
465|Ende
466|Krankheit
467|Lied
467|Schönheit
467|Natur
468|Design
468|Augenkrebs
469|Spielen
469|Park
469|Kind
470|Lamm
470|Wiese
471|Gericht
471|das Kraut
472|Stacheldraht
472|Feld
473|Fokus
473|Besitz
474|Band
474|Album
475|Brot
475|Grünkern
475|Angebot
476|Monument
476|Ehre
476|Held
477|Schönheitsschlaf
478|Retterin
478|Kind
478|Fluss
479|Laborbefund
479|der Entzündungswert
480|Fehler
480|Standpauke
481|Lebensstil
482|Attentäter
482|Polizei
483|Sturm
483|Trümmerfeld
484|Wanderweg
485|Clown
485|Kind
486|Freund
486|Schule
487|Probetraining
487|Fitnessstudio
488|Handschelle
488|Handgelenk
489|Durst
489|Sommerhitze
490|Fehler
491|Gipfel
491|Mühe
492|Schmied
492|Eisen
493|Hotelpersonal
493|Gast
493|Luxus
494|Narbe
494|Kampf
495|Lebewohl
496|Farbe
496|Regen
497|Vorschlaghammer
497|Wand
498|Liebesgefühl
499|Gast
500|Party
501|Zutritt
501|Veranstaltung
502|Wort
503|Mathematiker
503|Lösung
505|Kleiderbügel
505|Kleid
506|Diskussion
506|Lügenpresse
507|Polizei
508|Stunde
509|Idee
510|Schreibstil
510|Leser
511|Häppchen
511|Käse
511|Snack
512|Flammenmeer
512|Wald
513|Konzert
513|Muss
513|Fan
514|Kollegin
515|Buch
515|Holzboden
516|Schluck
516|Zwetschgenschnaps
517|Haut
517|Pflege
518|Sohn
519|Gentleman
519|Tür
521|Dieb
521|Beute
522|Saftladen
522|Reihe
523|Bitte
523|Tür
524|Fahrer
525|Katze
526|Lagerfeuer
526|Nacht
527|Wort
527|Gedächtnis
528|Möbel
528|Wohnzimmer
529|Mittelklasse
529|Kosten
530|Hai
530|Wasser
531|Marathon
532|Aufstand
532|Bürger
533|Botox
533|Stirn
534|Hand
535|Geschwister
535|Bruder
536|Flugblatt
536|Info
537|Feuerwehr
537|Wasser
537|Keller
538|Film
539|das Rennen
540|Lichtschranke
540|Alarm
541|Sohle
541|Untergrund
542|Olle
542|Rose
542|Hingabe
543|Blaulicht
543|Straße
544|Faustschlag
544|Gesicht
545|Riemen
545|Koffer
545|Reise
546|Markt
546|Kommerz
547|Verschwörung
548|Rolltreppe
548|Einkaufszentrum
550|Erdgeschoss
550|Haus
551|Vortrag
552|Vermögen
552|Stiftung
553|Sachverständige
553|Schaden
554|Abdruck
554|Sand
555|Wein
555|Schwips
556|Taktik
557|Geschichte
558|Gier
558|Ruin
559|Gedicht
559|Weise
560|Passagiermaschine
560|Sturm
561|Rampenlicht
562|Zerrspiegel
562|Park
562|Lacher
563|Fehler
563|Bericht
564|Rollator
564|Senior
565|Feuer
566|Nachmittag
566|Garten
567|Girl
567|Kleid
567|Show
568|Pelzmantel
569|Diebstahl
569|Gemälde
570|Pop
570|das Chart
571|Absinth
571|Jahrhundert
572|Kondom
572|Vorsichtsmaßnahme
573|Karriere
573|Staatsdienst
574|Straßenschild
574|Schnee
575|Picknick
575|Park
575|Erfolg
576|Fromme
576|Bibel
577|Geisel
577|Tag
578|Biene
578|Blume
579|Veränderung
579|Landschaft
580|Federvieh
580|Hühnerstall
581|Abend
581|Park
582|Rote
582|Blumenstrauß
582|Auge
583|Detektiv
583|Fährte
583|Hafen
584|Wochenblatt
584|Ereignis
585|Forschung
586|Ex
586|Party
587|Gewinn
588|Kram
588|Wohnzimmer
589|Lage
589|Grenze
590|Einkaufsmeile
590|Samstag
591|Demo
592|Buch
593|Wagen
593|Eingang
594|Kind
594|Papier
595|die Henne
595|Buch
596|Passant
596|Feuerwehr
597|Chor
597|Freude
598|Verleger
598|Buch
599|Kugelschreiber
600|Militanz
600|Gruppe
600|Besorgnis
601|Kerze
602|Doppelkorn
602|Feier
602|Tag
603|Banker
603|Kredit
604|Priester
604|Vergebung
605|Schlange
606|Fußvolk
606|Marktplatz
607|Musik
607|Gespräch
608|Fachzeitschrift
608|Einblick
609|Kratzen
609|Tür
609|Schlaf
610|Publikum
611|Bedingung
612|Heuwagen
612|Feld
613|Wasser
614|Vertrag
614|Summe
614|Million
615|CDU
615|Strategie
615|Wahl
616|Samen
616|Beet
617|Jahreslohn
618|Grün
618|Park
619|Meeting
620|Kaninchen
620|Gras
621|Fernsehprogramm
622|Reue
622|Tat
623|Vulgärsprache
623|Diskurs
624|Plan
624|Luftschloss
625|Pornofilm
626|Baum
626|Straße
627|Zweisamkeit
627|See
628|Inschrift
628|Denkmal
629|Halte
629|Armlänge
629|Abstand
629|Wand
630|Schneidezahn
631|Mundgeruch
631|Knoblauch
632|Genießer
632|Geschmack
632|Wein
633|Hacke
633|Wand
634|Auto
634|Spitze
635|Wirrwarr
635|Anweisung
635|Chaos
636|Mobile
636|Kinderbett
637|Ork
637|Dorf
637|Morgendämmerung
638|Reiten
638|Pferd
639|Patent
639|Erfindung
640|Rohrstock
640|Symbol
640|Disziplin
641|Fenster
642|Kiez
642|das Café
643|Galerie
644|Jaguar
644|Regenwald
645|Mond
645|Licht
645|Landschaft
646|Entscheidung
646|Protest
647|Suppe
648|Saft
649|Beleidigung
650|Groll
651|Wunde
651|Arm
652|Konzentrat
652|Wasser
653|Fritte
653|Gericht
654|Leben
654|Land
655|Klinge
655|Dolch
655|Mondlicht
656|Spruch
656|Eisbrecher
657|Buch
657|Langeweile
658|Wanne
658|Schaum
659|Dieb
659|Museum
660|Argument
660|Kontext
661|Summe
661|Pferd
662|Luft
662|Raum
663|Treffen
663|Experte
663|Erfolg
664|Bengel
664|Spiegel
665|Brandenburger
665|Ecke
665|Stadt
666|Café
666|Liebling
667|Kuchen
668|Metzger
668|Handwerk
669|Erfolg
670|Salbe
670|Haut
671|Guckloch
671|Tür
672|Streit
672|Ende
673|Filterblase
673|Meinung
674|Foto
675|Kaufmannsladen
675|Ware
675|Region
676|Prognose
677|Kleid
678|Rauschen
678|Blatt
678|Wanderer
679|Würde
679|Mensch
680|Redner
680|Gruppe
681|Haltung
681|Spannung
683|Steppe
683|Horizont
684|Gummi
684|Reifen
685|Umweltbedingung
686|Fusel
686|Kneipe
687|Transit
687|Stadt
687|Problem
688|Knopf
688|Jacke
689|Regenbogen
689|Tal
690|Polizeiapparat
691|Hilfssheriff
691|Ruhe
691|Ort
692|Wind
692|Segel
693|Rolle
693|Tyrosin
694|La
694|Chor
695|Wolf
695|Beute
696|Team
696|Uhr
696|Gebäude
697|Monster
697|Traum
698|Patriarchat
698|Kritik
699|Reiter
699|Sattel
700|Imperium
700|Strategie
701|Direktor
701|Zutritt
702|Gehaltsklasse
703|Tape
703|Vase
704|Neuigkeit
705|Mieder
705|Taille
706|Busch
707|Lieferant
707|Ware
708|Häuptling
708|Volk
708|Wüste
709|Sehen
709|Brille
710|Kunstausstellung
710|Besucher
711|Feuerschaden
711|Haus
712|Vorhang
713|Bericht
715|Spitzel
715|Gruppe
716|Untergrund
717|Wegesrand
717|Blume
718|Abgang
718|Bühne
719|Musik
720|Schweinehaxe
720|Sauerkraut
721|Friedensvertrag
722|Pilger
722|Kapelle
723|Kajal
723|Abend
724|Asche
724|Zigarette
724|Boden
725|Gedanke
726|Umgang
726|Gemeinschaft
727|Yoga
728|Klaps
728|Schulter
729|Link
729|Artikel
730|Team
731|Preis
732|Kind
732|Eltern
733|Marathon
734|Insel
734|Boot
735|Künstler
735|Meisterwerk
736|Jahr
736|Tausend
736|Kathedrale
737|Blumenbeet
737|Haus
738|Fotografie
738|Steckenpferd
739|Regen
739|Boden
740|Arbeitsrecht
740|Arbeitnehmer
740|Willkür
741|Leberwurst
741|Metzger
742|Oberarzt
742|Operation
743|Sport
743|Kick
744|Getränk
745|Mohnkuchen
746|Fehler
747|Kühlwasser
747|Motor
748|Mann
749|Käfig
749|Vogel
750|Fußtritt
750|Schaden
751|Sturm
751|der Ast
751|Baum
752|Gerücht
753|Gefecht
753|Nacht
754|Radweg
754|Stadt
754|Park
755|Nagel
755|Brett
756|Umweltzone
756|Fahrzeug
757|Playback
757|Song
757|Studio
758|Altstadt
759|Moor
760|Bitte
760|Briefkasten
760|Reise
761|Bemühung
762|Sportfreund
762|Park
764|Headbangen
764|Konzert
765|die Gerichtskosten
765|Einigung
766|Kunstfreiheit
766|Verfassung
767|Kunde
767|Erklärung
768|Zauber
768|Nacht
769|Suchmannschaft
769|Wrack
770|Abend
770|Buch
771|Zustand
771|Brücke
772|Gesichtsausdruck
772|Überraschung
773|Samen
773|Erde
774|Zensur
774|Stimme
775|Vogel
775|Schopf
776|Parfüm
776|Note
777|Wort
778|Tasche
779|Anleitung
779|Schritt
780|Mondschein
780|Strand
781|Tintenfisch
781|Feind
782|Weltbild
782|Reise
783|Pauke
783|Klang
784|Publikum
784|Buh
784|Auftritt
785|Regel
785|Projekt
786|Campingkocher
786|Tour
787|Rad
788|Kurier
788|Paket
789|PKW
789|Defekt
790|Arzt
790|Medikament
791|Finnisch
791|Helsinki
792|Land
792|Horizont
793|Bezahlung
793|Arbeit
794|Herzensgrund
795|Erfolg
795|Mensch
795|Neid
797|Blick
797|Gasse
798|Fehler
799|Dorf
799|Lügenbaron
800|Geheimagent
801|Gehweg
801|Herbstlaub
802|Architektur
802|Besucher
803|Medley
803|Song
803|Jahrzehnt
804|Fenster
804|Hochglanz
805|Vergänglichkeit
805|Schönheit
805|Thema
806|Atmosphäre
806|Film
807|Vase
807|Kristall
807|Sonnenlicht
808|der Gefangene
808|Zelle
809|Projekt
810|Frust
810|Niederlage
811|Kotztüte
811|der Flugzeugsitz
812|Nacht
812|Frau
813|Häufchen
813|Sand
814|Liebesgeschichte
814|Leser
815|Unternehmen
815|Wagen
816|Hund
816|Familie
817|Handicap
817|Erfolg
818|Rabe
818|Ast
819|Maschine
819|der Ast
820|DJ
820|Remix
821|Positivität
821|Team
822|Gitarre
822|Abendstimmung
823|Boy
823|Nachbarschaft
824|Kunst
825|Grausamkeit
825|Krieg
826|Aussicht
826|Bergspitze
827|Publikum
828|Fliegenfänger
828|Küche
829|Schal
829|Wolle
830|Blechdose
830|Parkbank
831|Familie
832|Luft
833|Stulle
833|das Kraut
834|Scherzartikel
834|Gelächter
835|Speicherplatz
835|Handy
836|Baum
836|Jahr
837|Kletterer
837|Tal
838|Teer
838|Straße
838|Sommer
839|Bitte
839|Begriff
839|Kontext
840|Kind
840|Ausland
841|Mast
841|Segelschiff
841|Sturm
842|Wasser
843|Denkmal
843|Patina
844|Melodie
844|Laut
844|Raum
845|Pech
845|Woche
846|Same
846|Erde
847|Mus
847|der Apfel
848|Hausmann
848|Haushalt
849|Kind
849|Popel
849|Nase
850|Realität
851|Entlassung
851|Manager
851|Aufsehen
852|Labyrinth
852|Garten
853|Helikopter
853|Hochhaus
854|Fußballclub
854|Finale
855|Bleibe
855|Nacht
856|Bundesrepublik
856|Geburtstag
857|Firma
857|Betrug
858|Leichtmatrose
858|Fracht
859|Blume
859|Garten
859|Lila
860|Kochwäsche
860|Flecken
861|Getrenntheit
861|Gruppe
861|Dialog
862|Karma
862|Erfahrung
863|Kapelle
863|Akustik
864|Beat
864|Song
865|Forscher
865|Ursache
866|Songtext
866|Fan
867|die Leggings
867|Outfit
868|Sport
868|Stresshormon
868|Körper
869|Schabe
869|Kühlschrank
870|Buffet
870|Auswahl
870|Gericht
871|Kuchen
872|Linksextremist
872|Demo
873|Groschenroman
873|Nachtisch
873|Oma
874|Märchenbuch
874|Tisch
875|Konsens
876|Lead-Sänger
876|Stimme
877|Geisterbahn
877|Höhepunkt
877|Jahrmarkt
878|Plan
878|Woche
879|Getto
879|Zaun
880|Marquis
880|Schloss
881|Ergebnis
882|Flagge
882|Sonnenaufgang
883|Peitsche
883|Leder
884|Rat
885|Kutte
885|Mönch
886|Kragen
886|Hemd
888|Film
888|Agent
889|Hitze
889|Essen
890|Erzieherin
890|Kreativität
890|Kind
891|Gericht
891|Tat
892|Warentest
892|Gerät
893|Lösung
894|Tat
895|Rache
896|Lebensstil
896|Umwelt
897|Farbe
897|das Designkonzept
898|Ausweis
899|Passant
899|Szene
900|Variable
900|Zahl
901|Snob
901|Uhr
902|Blamage
902|Tiefpunkt
902|Karriere
903|Tag
903|Pause
904|Druck
904|Metall
905|Urne
905|Garten
906|Song
906|Hit
907|Auto
908|Fremde
908|Weg
908|Bahnhof
909|Deal
910|Maulesel
910|Last
910|Berg
911|Sturm
911|Landschaft
912|Dokument
913|Floß
913|Fluss
914|Glas
915|Abendland
915|Tradition
916|Brief
917|Mindset
917|Team
917|Erfolg
918|Vernissage
918|Kunstliebhaber
920|Neuigkeit
921|Tisch
922|Arbeit
923|Berggipfel
925|Kampflied
925|Truppe
925|Angriff
926|Plan
927|Heroin
927|Versteck
928|Firma
928|Holz
929|Baby
929|Mutter
930|Sturm
930|Küste
931|Haarspray
931|Frisur
932|Atemmaske
932|Einsatz
933|Herrscher
933|Gerechtigkeit
934|Zustand
934|Veränderung
935|Verschwörungstheorie
936|Gedicht
936|Vers
937|Pizzeria
937|die Holzofenpizza
938|Möwe
938|Essensrest
939|Geschrei
939|Kind
939|Park
940|Atze
940|Fußballspiel
941|Verbrecher
941|Firma
942|Symptom
942|Woche
943|Polizei
943|Bombenleger
944|Pflasterstein
944|Weg
945|Parkett
945|Saal
946|Mistvieh
946|Wiese
947|Streit
948|Moment
948|Ehrlichkeit
949|Haus
950|Feuerzeug
951|Tag
951|Unbeschwertheit
952|Alarm
953|Wahlkabine
953|Privatsphäre
954|Film
954|Untergang
954|Dynastie
955|Straße
955|Puff
956|Weste
956|Stoff
957|Band
957|Proberaum
957|Nacht
958|Theorie
959|Punker
959|Bass
959|die Underground-Band
960|Band
960|Bühne
960|Samstagabend
961|Protagonist
961|Angreifer
961|Film
962|Antifa
962|Demo
963|Aufstand
964|Tritt
964|Tür
965|Skizze
965|Präzision
966|Blick
966|Absicht
967|das Tag
967|der Warenwert
968|Musik
968|Raum
968|Leben
969|Rettungsring
969|Bootssteg
970|Feier
970|Freund
971|Met
971|Mittelalter
971|Getränk
972|Seligkeit
972|Augenblick
973|Haiangriff
973|Strand
974|Gang
974|der Nächste
974|Coup
975|Sonnenbrand
976|Visum
976|Reise
977|Vakuum
977|Luftwiderstand
978|Omega
978|Ende
979|Punk
979|Gitarre
979|Ecke
980|Boss
980|Entscheidung
981|Rapper
981|Text
982|Strippe
982|Zelt
983|Bulle
983|Arena
984|Kater
984|Party
985|Berg
986|Sonnenstrahl
986|Haut
987|Kapitalismus
987|Wettbewerb
988|Gebäude
988|Altstadt
989|Sandale
989|Sommerurlaub
990|Gast
991|Sturm
991|Segel
991|Sekunde
992|Heil
992|Volk
992|Herz
993|Flower-Power
993|Generation
994|Kind
994|Hund
995|Kuss
995|die Sommerparty
996|Wüstenspringmaus
996|Region
997|Schwarzfahren
997|Strafe
998|Einzelteil
999|Hexenwerk
999|das Buch
1000|Kaffeevollautomat
1000|Espresso
1001|Mate
1001|Morgen
1001|Energie
1001|Tag
1002|Handgelenk
1002|Sport
1004|Jahresring
1004|Alter
1004|Eiche
1005|Henker
1005|Axt
1005|Herz
1006|Hippie
1006|Gitarre
1006|Lagerfeuer
1007|Wand
1008|Trümmer
1008|Gebäude
1009|E-Mail-Postfach
1009|Spam
1010|Schüler
1010|Lehrer
1011|Scherbe
1011|Gehweg
1012|Karosse
1012|Lack
1013|Krawall
1013|Marktplatz
1014|Wichser
1014|Fenster
1015|Sage
1015|Held
1016|Empathie
1016|Arbeit
1017|Küche
1017|das Aroma
1018|Erzeuger
1018|Ware
1018|Frankreich
1019|Selbstachtung
1019|Erfolg
1020|Zange
1020|Nagel
1021|Deich
1021|Dorf
1021|Flut
1022|Paragraph
1022|Gesetz
1023|Fassade
1023|Umgebung
1024|Kellnerin
1024|Gast
1024|Dessert
1025|Uhr
1025|Wohnzimmer
1026|Silvester
1026|Feuerwerk
1027|Tomatensoße
1027|Gericht
1028|Schwabe
1028|Sparsamkeit
1029|Panda
1029|Zoo
1029|Blick
1030|Sternschnuppe
1030|Himmel
1031|Bild
1032|Anweisung
1033|der Vogel
1033|Morgengrauen
1034|Glatze
1034|Licht
1034|die Studiolampe
1035|E-Bike
1035|Alltag
1036|Feier
1036|Jubiläum
1036|Erfolg
1037|Schönheit
1037|Landschaft
1038|Entscheidung
1039|Skyline
1039|New York
1040|Rebell
1040|Diktator
1041|Staubwedel
1041|Regal
1042|Schachzug
1043|Projekt
1044|Kind
1044|Loch
1044|Sand
1045|Fälschung
1045|Gemälde
1046|Naturkatastrophe
1046|Dorf
1047|Schmutz
1047|Teppich
1048|Spiegelkabinett
1048|Jahrmarkt
1049|Harmonie
1049|der Chor
1049|Publikum
1051|Papi
1051|das Papierboot
1052|Plastik
1052|Fabrik
1053|Deutschland
1054|Spray
1054|Duft
1054|Raum
1055|das Nötige
1055|Koffer
1056|Kundschaft
1056|Service
1057|Arzt
1057|Hoden
1058|Grundrecht
1058|Verfassung
1059|Nutzer
1059|Beitrag
1059|Forum
1060|Profit
1060|Unternehmen
1060|Prozent
1061|Briefkasten
1061|Werbung
1062|Sarg
1062|Blume
1063|Deck
1063|Schiff
1064|Liebeslied
1064|Hintergrund
1065|Gipfel
1065|Ausdauer
1066|Lid
1066|Müdigkeit
1067|Klagepunkt
1068|Ekel
1068|Spinne
1069|Zwilling
1070|Freund
1071|Fisch
1072|Kopfschmuck
1073|Mittelstürmer
1073|Tor
1074|Fluss
1075|Dieb
1075|Polizei
1076|Nachbarskatze
1076|Gartenbank
1077|Wahrheit
1077|Lüge
1078|Eskalation
1078|Konflikt
1079|Señor
1079|Haus
1080|Kaffeefleck
1080|Bericht
1081|Sandsturm
1081|Wüste
1082|Aua
1082|Stoß
1083|Anteilnahme
1084|Hund
1084|Geräusch
1085|Abbild
1085|Gemälde
1086|Straße
1087|Rave
1087|Nacht
1087|Morgen
1088|Wind
1088|Wanderer
1089|Dessert
1089|Beere
1089|Sahne
1090|Melodie
1090|Generation
1091|Sportgerät
1091|Training
1092|Wandervogel
1092|Reise
1093|Führerschein
1094|Müsli
1094|Beere
1095|Geschwister
1096|Aussage
1096|Verwirrung
1097|Legende
1097|Menschenfresser
1097|Angst
1098|Enge
1098|Raum
1099|der Letzte
1099|Ruhe
1100|Lehrer
1100|Frage
1101|Brusthaar
1101|Sommer
1102|Duett
1102|Sänger
1103|Pulli
1103|Wintertag
1104|Begriff
1105|Jäger
1105|Hirsch
1105|Wald
1106|Schieben
1106|Bahnsteig
1107|Norddeutschland
1107|Gruß
1108|Gruppe
1109|Zahnrad
1110|Soldat
1110|Training
1111|Verzicht
1111|Luxus
1112|Liebesspiel
1112|Film
1113|Tugend
1114|Seemann
1114|Geschichte
1115|Projekt
1116|Stereoanlage
1116|Klang
1117|Akku
1117|Gerät
1118|Verlobungsring
1118|Kerzenlicht
1119|Roman
1119|Kampf
1119|Satan
1120|Verpackung
1121|Revolutionär
1121|Veränderung
1122|Schiff
1122|Ladung
1123|Rede
1123|Floskel
1123|Substanz
1124|Siegerin
1124|Trophäe
1125|Expertin
1125|Roman
1126|Verbrecher
1126|Suche
1127|Strafe
1127|Dieb
1128|Untersuchung
1128|Schaden
1128|Netzhaut
1129|Roman
1130|Donner
1130|Haus
1131|Masochist
1131|Schmerz
1132|Melodie
1132|Lied
1132|Gedächtnis
1133|Leistungsgesellschaft
1133|Erfolg
1134|Rosenblatt
1134|Tisch
1135|Plan
1136|Wind
1136|Welle
1136|Fels
1137|der Deutsche
1137|Regel
1138|Erschaffung
1138|Welt
1138|Autor
1139|Prüfung
1140|Zimmer
1140|Buch
1141|Besorgnis
1142|Sextourist
1142|Polizei
1143|Glas
1143|Apfelsaft
1144|Päckchen
1145|Flegel
1145|Feier
1146|Körpersprache
1146|Unsicherheit
1147|Kindermund
1147|Wahrheit
1148|Buch
1149|Frühling
1149|Baum
1150|Gerechtigkeit
1150|Angelegenheit
1151|Likör
1151|Himbeere
1152|Obst
1153|Angebot
1153|Kauf
1154|Pause
1155|Eifer
1155|Projekt
1156|Tapete
1156|Wohnzimmer
1157|Antisemit
1157|Ideologie
1158|Läufer
1158|der Letzte
1158|Meter
1159|Falschmeldung
1160|Tier
1160|Gehege
1161|Kündigung
1162|Poster
1162|Wand
1163|Unternehmen
1163|Lobby
1164|Stammlokal
1164|Treffpunkt
1166|Kleidung
1167|Jacke
1167|Zug
1168|Gemeinde
1169|Fraß
1169|Kantine
1170|Reiter
1170|Zügel
1171|Debatte
1171|Kernkraft
1172|Katze
1172|Plätzchen
1173|Normale
1174|Design
1174|Jury
1175|Himmelszelt
1175|Stern
1176|Begleitmusik
1176|Film
1177|Arzt
1177|Diagnose
1178|Datum
1178|Prognose
1179|Tod
1179|Autor
1180|Rosenkranz
1180|Gebet
1181|Geschädigte
1181|Entschädigung
1182|Mopp
1182|Boden
1183|Leder
1183|Öl
1184|Bescheidenheit
1184|Gast
1185|Heiligenschein
1185|Engel
1186|Diskussion
1186|Ideologie
1187|Kopftuch
1187|Sonne
1188|Kiste
1188|Lager
1189|Wald
1189|Nacht
1190|Park
1191|Tresor
1191|Technik
1192|Ausbeutung
1192|Arbeiter
1193|Kränkung
1193|Künstler
1194|Flow
1194|Rappe
1195|Törtchen
1195|Schokolade
1195|Gedicht
1196|Möwe
1196|Boot
1196|Hafen
1197|Flair
1197|Altstadt
1197|Tourist
1198|Start
1198|Aperitif
1198|Restaurant
1199|Handtuch
1199|Kraft
1200|Film
1201|Schwerkraft
1201|Planet
1201|Umlaufbahn
1202|Wachstum
1202|Wirtschaft
1203|Zorn
1204|Schrippe
1205|Packung
1205|Einzelteil
1206|Hohlkopf
1206|Anweisung
1207|Theaterstück
1208|CO₂-Fußabdruck
1208|Flug
1209|Glas
1209|Wasser
1209|Bewegung
1210|Ergebnis
1211|Arbeit
1212|Sturm
1212|Segelboot
1213|DJ
1213|Musik
1213|Nacht
1214|der Verletzte
1214|Krankenhaus
1215|Klasse
1216|Viehtransport
1216|Tag
1217|Eck
1217|Raum
1217|Pflanze
1218|Sprechstundenhilfe
1219|Explosion
1219|Ohr
1220|Schutt
1221|Rechte
1221|Ansicht
1222|Astralkörper
1222|Konzept
1222|Esoterik
1223|Chef
1223|Schwachkopf
1224|Baracke
1224|Krieg
1224|Lazarett
1225|Autor
1225|Sachbuch
1226|Kanonenkugel
1226|Festungsmauer
1227|Situation
1228|Idee
1229|Wurfgeschoss
1229|Mauer
1230|Wanderer
1231|Regen
1231|Dach
1232|Streich
1232|Lachen
1233|Salat
1233|das Kraut
1234|Privatsphäre
1235|Chemo
1236|Horde
1236|Tourist
1236|Altstadt
1237|Ermittler
1238|Schöpfung
1238|Skulptur
1238|Monat
1239|Seufzer
1239|Erleichterung
1240|Raps
1240|Feld
1240|Horizont
1241|Geschwister
1241|der Letzte
1241|Keks
1242|Kachel
1242|Bad
1242|Muster
1243|Kleidung
1244|Kosten
1244|Projekt
1245|Dasein
1245|Natur
1246|Aufführung
1246|Publikum
1247|Park
1247|Lieblingsort
1248|Bitte
1248|Gast
1248|Kontrolle
1249|Tierpfleger
1249|Delfin
1249|Geduld
1250|Alpha
1250|Gruppe
1251|Sitte
1251|Dorf
1252|Gepäckträger
1252|Fahrrad
1253|Wanderer
1253|Weg
1253|Sumpf
1254|Kind
1254|der Nagel
1256|Bestätigung
1256|Buchung
1257|Königin
1257|Weisheit
1257|Anstand
1258|Speck
1258|Pfanne
1259|Kind
1259|Glas
1260|Faun
1260|Gemälde
1261|Gruppe
1261|Unruhe
1262|Unfall
1263|Haus
1264|Vase
1264|Mülleimer
1266|Verhör
1266|Nacht
1267|Sturm
1267|Welle
1267|Klippe
1268|Glas
1268|Rand
1268|Tisch
1269|Nachfahre
1269|König
1269|Archiv
1270|Student
1270|Frage
1271|Zeh
1271|Tisch
1272|Situation
1272|Lösung
1273|Musiker
1273|Probe
1274|Hitze
1274|Opfer
1275|Paket
1276|Dreirad
1276|Kind
1276|Vorgarten
1277|Bäcker
1277|Brot
1277|Morgen
1278|Schwindler
1278|Uhr
1279|Einzug
1279|Haus
1279|Problem
1280|Weinverkostung
1280|Sorte
1280|Region
1281|Blick
1281|Landschaft
1282|Gericht
1282|Todesurteil
1283|Geste
1284|Teenie
1284|Tagebuch
1285|Wind
1285|Landschaft
1286|Alu
1286|Dose
1286|Prozent
1287|Streu
1287|Stall
1288|Netzwerk
1289|Mitarbeiter
1290|Röckchen
1290|Sommerwind
1291|Arbeiter
1291|Erde
1291|Graben
1292|Heimweg
1292|Wald
1293|Enkeltrick
1293|das Ersparte
1294|Hülle
1294|Buch
1294|die Goldprägung
1295|Hengst
1295|Wiese
1296|Erfolg
1297|Umgang
1298|Tier
1298|Winter
1299|Dopamin
1299|Stimmung
1300|Streitaxt
1300|Artefakt
1301|Show
1301|Zuschauer
1301|Bravo
1302|Nachttisch
1302|Buch
1303|VIP
1303|Limousine
1304|Art
1304|Klima
1305|Hindernis
1307|Kirschbaum
1307|Garten
1308|Passwort
1308|Sicherheitsgrund
1309|Design
1310|Foto
1310|Instagram
1311|Geröll
1311|Weg
1311|Erdrutsch
1312|Suppe
1312|Prise
1312|Safran
1313|Lehrer
1315|Analyse
1315|Datum
1316|Venus
1316|Glanz
1317|Haus
1318|Rede
1319|Arbeiter
1319|Schnee
1319|Straße
1320|Stiefel
1320|Leder
1321|Quark
1321|das Kraut
1321|Brot
1322|Falke
1323|Jubiläum
1324|Wetter
1325|Ente
1326|Automat
1326|Münze
1327|Spiel
1327|Fan
1328|Beach-Party
1328|Erfolg
1329|Shopping
1329|Outlet
1329|Erfolg
1330|Deutschlandflagge
1330|Wind
1330|Rathaus
1331|Verlust
1331|Bibliothek
1332|Feuer
1332|Regen
1333|Blei
1333|Wasser
1334|Motor
1335|Fluch
1335|Hexe
1335|Dorf
1336|Wettbewerb
1337|Buch
1338|Fischöl
1338|Fett
1339|Saufexzess
1339|Chaos
1340|Rekord
1341|Ballast
1342|Dankeschön
1342|Helfer
1343|Gärtner
1343|Hecke
1344|Zeit
1345|Wut
1346|Basiswissen
1346|Berufseinstieg
1347|Überstunde
1348|Blinde
1348|Stock
1349|Buch
1350|Torwart
1350|Schuss
1351|Fotograf
1351|Foto
1351|Moment
1352|Methode
1353|Nachtbus
1353|Stunde
1354|Sushi
1354|Restaurant
1355|Krieger
1355|Kampf
1356|Opernaufführung
1356|Erlebnis
1357|Film
1357|Ende
1358|Jahreszahl
1358|Münze
1358|das Prägejahr
1360|Dude
1360|Strand
1361|Säuberung
1361|Archiv
1361|Woche
1362|Zeuge
1362|Gerichtssaal
1363|Jahrtausend
1363|Hoffnung
1364|Schlips
1364|Hochzeit
1365|Schloss
1365|Augenweide
1366|Schmerz
1366|Genick
1367|Helm
1367|Sturz
1368|Hund
1368|Napf
1368|Appetit
1369|Taube
1369|Korn
1369|Marktplatz
1370|Todeszeitpunkt
1371|Kultur
1371|Thema
1371|Tabu
1372|Riss
1372|Wand
1374|Frage
1375|Pfand
1375|Flasche
1375|Cent
1376|Moment
1377|Patient
1378|Kind
1378|Mensch
1379|Flyer
1379|Konzert
1379|Tisch
1380|Vorstellungskraft
1380|Kunstwerk
1381|Kasper
1381|Unterhaltung
1381|Feier
1382|Kunst
1383|Tisch
1384|Magier
1384|Umhang
1385|Wanderer
1385|Schlucht
1386|Winter
1386|See
1386|Region
1387|Biochemie
1387|Universität
1388|Haartransplantation
1388|Präzision
1389|Team
1389|Foto
1389|Website
1390|Dokument
1391|Bestrafung
1392|Sandalette
1392|Kleid
1393|Schlappschwanz
1394|Tänzerin
1394|Publikum
1395|Algorithmus
1395|Schwachstelle
1396|Gruppe
1396|Krise
1397|König
1397|Berater
1398|Beere
1398|Dessert
1399|Tab
1399|Browser
1399|Nachricht
1400|Landessprache
1401|Triggerwarnung
1401|Inhalt
1402|Regen
1402|Straße
1403|Impfung
1403|Altersgruppe
1404|Samstagabend
1404|Kinobesuch
1405|Kosten
1406|Ferienhaus
1406|See
1407|Liedtext
1407|Song
1408|Dartpfeil
1408|Mitte
1409|Hymne
1409|Inbrunst
1410|Bikini
1411|Jahr
1411|Leid
1412|Cola
1412|Training
1413|Gipfel
1413|Team
1414|Annahme
1415|Nachhaltigkeit
1415|Modewort
1416|Drudenfuß
1416|Stein
1417|Angebot
1417|Stolz
1418|Verwandtschaft
1418|Feier
1419|Hand
1419|Fenster
1420|Fischer
1420|Fang
1421|Glückwunsch
1421|Seite
1421|Raum
1422|Vollidiot
1422|Geld
1423|Baum
1423|Sturm
1424|Superheld
1424|Stadt
1424|Chaos
1425|Dorf
1425|Schloss
1426|Zuckerwatte
1426|Zunge
1427|Arbeitsbelastung
1428|Theorie
1429|Rausch
1429|Erfolg
1429|Dauer
1430|Hund
1430|Wunde
1431|Traktor
1431|Feld
1431|Morgengrauen
1432|Kinderwunsch
1432|Pony
1433|Poesie
1433|Text
1433|Zuhörer
1434|Outfit
1434|Persönlichkeit
1435|Gerichtssaal
1435|Stille
1436|Reisepass
1437|Ordnung
1438|Gesicht
1438|Erinnerung
1439|Entscheidung
1439|Welt
1440|Bericht
1441|Pyramide
1441|Gizeh
1441|Weltwunder
1442|Torwart
1442|Ball
1443|Lauf
1444|Fahrtwind
1444|Motorrad
1445|Wagen
1445|Garage
1446|Vers
1446|Einladungskarte
1447|Glas
1447|Papier
1448|Weltherrschaft
1448|Ziel
1449|Sternzeichen
1449|Widder
1450|Universität
1450|Physik
1451|Katze
1451|Sessel
1452|Röslein
1452|Garten
1452|Pracht
1453|Stimme
1453|Raum
1454|Charmeur
1455|Predigt
1455|Wichtigkeit
1455|Mitgefühl
1456|Arbeiter
1456|Nacht
1457|Trinkgeld
1457|Kellner
1458|Büro
1459|Zeit
1460|Sekt
1460|Feier
1461|Replikat
1461|Statue
1462|Arbeiter
1462|Palette
1463|Dreh
1463|Film
1463|Woche
1464|Neustart
1464|System
1464|Problem
1465|Keim
1465|Krankheit
1466|Smalltalk
1466|Party
1467|Krater
1467|Vulkan
1468|Sein
1468|Wald
1469|Entscheidung
1470|Bewerbung
1471|Rechtsextremist
1471|Hetze
1472|Buchse
1472|Stromausfall
1473|Stampe
1474|Termite
1474|Holzhaus
1475|Möbel
1475|der Retro-Stil
1476|Antilope
1476|Fluss
1477|Crème
1477|Haut
1478|Buch
1478|Tisch
1479|Film
1479|Zeitgeist
1480|Fahrradweg
1480|Fluss
1481|Zoo
1481|Kind
1482|Innere
1482|Schloss
1483|Zahnarzt
1484|Fassade
1484|Sonnenlicht
1485|Hashtag
1485|Reichweite
1486|Handy
1487|Märchenwald
1487|Traum
1488|Investition
1488|Milliarde
1488|Euro
1489|Schminke
1489|Zug
1490|Reportage
1490|Wahrheit
1491|Mann
1491|Job
1492|Gehör
1492|Hund
1493|Lenker
1493|Fahrrad
1494|Beteiligung
1495|Mann
1495|Schutz
1495|Regen
1496|Flöte
1496|Stille
1497|Ruhm
1497|Künstler
1497|Ausstellung
1498|Fan
1498|Hymne
1498|Stadion
1499|Vertrag
1500|Clan
1501|Freund
1502|Schneesturm
1503|Brut
1503|Morgen
1503|Ei
1504|Schneeeule
1504|Greifvogel
1505|Currywurst
1505|Klassiker
1505|Berlin
1506|Knöchel
1506|Anstrengung
1507|der Entwurf
1507|Prüfung
1508|Traufe
1508|Haus
1508|Schnee
1509|Demonstrant
1509|Parole
1510|Auto
1510|Straße
1511|Benzin
1511|Tankstelle
1512|Basar
1512|Stoff
1512|Gewürz
1513|Licht
1514|Querdenker
1514|Idee
1514|Team
1515|Boxer
1516|Ritter
1516|Drache
1517|Treppe
1518|Teich
1518|Libell
1518|der Frosch
1519|Paroli
1520|Rocken
1520|Arbeit
1521|Metapher
1521|Gedicht
1522|Märchenschloss
1522|Hügel
1523|Däumchen
1523|Warteraum
1524|Holz
1524|Lagerfeuer
1525|Silbermond
1525|Wolke
1526|Tiramisu
1526|Café
1527|Plan
1528|Vertrag
1528|Jahr
1529|Handschuh
1529|Latex
1530|Lieblingswort
1530|Kind
1530|Abenteuer
1531|Nasenbein
1531|Sturz
1532|KI
1532|Diagnostik
1533|Brokkoli
1533|Garten
1534|Kinderbett
1534|Fenster
1535|Exklusion
1535|Gruppe
1536|Polizei
1536|Organisation
1537|Gipfel
1537|Meer
1538|Frische
1538|Morgenwind
1538|Sinn
1539|Anbruch
1539|Tag
1539|Reise
1540|Kind
1541|Konvertit
1541|Antwort
1541|Philosophie
1542|Klang
1542|Wald
1543|Po
1543|Baby
1544|Geschichte
1545|Hoffnungsträger
1545|Bewegung
1546|Drohne
1546|Luftaufnahme
1547|Test
1547|Urin
1547|Krankheit
1548|Pizza
1548|Zutat
1549|Feuerwerk
1549|Nachthimmel
1550|Buch
1550|Meisterwerk
1551|Ross
1551|Wiese
1552|Boxer
1552|Ring
1553|Medaillon
1553|Bild
1553|Großmutter
1554|Erbarmen
1554|König
1554|Dorf
1555|Konzept
1556|Verhaftung
1556|Täter
1556|Vorfall
1557|Memoire
1557|Detail
1557|Autor
1558|Ritze
1558|Licht
1558|Raum
1559|Diskriminierung
1560|Bitte
1560|Buch
1560|Raum
1561|Fenster
1561|Seele
1562|Abend
1563|Unendlichkeit
1563|Zeit
1563|Bedeutung
1564|Stuhl
1564|Rückenschmerz
1565|Genie
1565|Erfinder
1565|Ära
1566|Macht
1567|Rede
1567|Begeisterung
1567|Zuhörer
1568|der Letzte
1568|Teil
1568|Serie
1569|Dampfer
1569|See
1570|Tanztee
1570|Musik
1571|Gruppe
1571|Park
1572|Date
1572|Café
1572|Erfolg
1573|All
1573|Geheimnis
1573|Wunder
1574|Fluss
1575|Thermostat
1575|Temperatur
1576|Aussage
1576|Protest
1577|Therapie
1577|Krankheit
1578|Beton
1579|Stift
1580|Prozess
1580|Farce
1581|Kassenbon
1581|Rückgabe
1582|Film
1582|Verbrechen
1582|Nazi
1583|Versteck
1583|Mauer
1584|Training
1584|Sauna
1585|Guss
1585|Schokolade
1585|Kuchen
1586|Stoff
1586|Sonnenlicht
1587|IV
1587|Operation
1588|Heuschrecke
1588|Ernte
1589|Schlaufe
1589|Gürtel
1590|Hauptrolle
1590|Film
1591|Gnade
1591|Richter
1591|der Angeklagte
1592|Buch
1592|Mythus
1592|G-Punkt
1593|Panzer
1593|Straße
1594|Wachs
1594|Kerze
1595|Kleidung
1595|Vortrag
1596|Problem
1597|Dong
1597|Gongschlag
1598|Kopfschmerz
1598|Arbeit
1599|Buch
1600|Wasserleiche
1600|Morgen
1601|Rede
1602|Arztbesuch
1602|Minute
1603|Benutzeroberfläche
1604|Galgen
1604|Pflanze
1605|Lappe
1606|Diskussion
1606|Debatte
1607|Zahnarzt
1607|Zahn
1608|Film
1608|Publikum
1609|Plan
1610|Seilbahn
1610|Gipfel
1610|Berg
1611|Offizier
1611|Soldat
1612|Trebegänger
1612|Schutz
1612|Regen
1613|Weisheit
1613|Geduld
1613|Erfahrung
1614|Taille
1614|Kleid
1615|Oase
1615|der Reisende
1615|Schatten
1615|Wasser
1616|Kind
1616|Figur
1616|Papier
1617|Computer
1618|Girlande
1618|Raum
1619|Zeit
1620|Stroboskop
1620|Disco
1621|Zeit
1621|Idee
1622|Kamerad
1622|Jahr
1623|Kleinigkeit
1624|Schalmei
1624|Zeremonie
1625|Baum
1625|Meter
1626|Gelüst
1626|Schokolade
1628|Angebot
1629|Entschluss
1630|Crew
1630|Schiff
1631|Krieg
1631|Land
1632|Bitte
1632|Raum
1632|Uhr
1633|Rechnung
1634|Team
1634|Spielfeld
1635|Vogel
1635|Korn
1635|Boden
1637|Kind
1637|Schokolade
1638|Expertise
1638|Forschung
1639|Dichter
1639|Nebel
1639|Landschaft
1640|Pinguin
1640|Eis
1641|Wolf
1641|Nähe
1642|Schlusssatz
1642|Rede
1643|Weinschorle
1643|das Sommergetränk
1644|Ausstellung
1645|der Nächste
1645|Mal
1646|Grübchen
1647|Glaube
1647|Wunder
1648|Dilemma
1648|Entscheidung
1649|Kebab
1650|Gemälde
1650|Jahr
1651|Spieler
1651|Ball
1652|Therapeut
1652|Angst
1653|Weizenbier
1653|Biergarten
1654|Shampoo
1654|Kokos
1654|Vanille
1655|Abrakadabra
1655|Münze
1656|Nazipartei
1657|Wilderer
1657|Naturschutzgebiet
1658|Zahnarzt
1658|Kind
1659|Tech-Industrie
1659|Jahr
1660|Mann
1660|Schnurrbart
1661|Wecker
1662|Haarfarbe
1662|Sonne
1663|Bremse
1663|Fahrrad
1664|IQ-Test
1664|Ergebnis
1665|Faschist
1665|Rede
1666|Büro
1667|Made
1667|Apfel
1668|Beben
1668|Gebäude
1669|Gesundheitspolizei
1669|Restaurant
1670|Versuch
1670|Keim
1671|Hautfarbe
1671|Chance
1672|Schwerverbrecher
1673|Behörde
1673|Fall
1673|Geldwäsche
1674|Option
1675|Aufstrich
1675|Brot
1676|Türpolitik
1676|Club
1677|Mob
1677|Dieb
1678|Pfeil
1678|Ziel
1679|Problem
1680|Unternehmen
1680|Produkt
1681|Anführer
1681|Gruppe
1681|Rede
1682|Rede
1683|Künstler
1683|Meisterwerk
1684|Exfrau
1684|Künstler
1684|Bestseller
1685|Partisan
1685|Berg
1686|Sneaker
1686|Hingucker
1687|Satellit
1687|Erde
1687|Minute
1688|Tee
1689|Selbstständigkeit
1689|Disziplin
1689|Mut
1690|Hund
1690|Herrchen
1691|Königin
1691|Thronfolger
1692|Lagerfeuer
1692|der Letzte
1692|Nacht
1693|Spanien
1693|Urlaubsland
1693|Europa
1694|Herbstwind
1694|Blatt
1695|Training
1696|der Thrombozyt
1696|Blutgerinnung
1698|Fremdarbeiter
1698|Unterkunft
1699|Ader
1699|Hand
1700|Gier
1700|Kultur
1700|Sünde
1701|Künstler
1701|Motiv
1702|Restaurant
1703|Moment
1704|Gelegenheit
1705|Tier
1705|Käfig
1706|Sturz
1707|Übergriff
1708|Laterne
1708|Weg
1708|Dunkelheit
1709|der Mittag
1709|Hauptbahnhof
1710|Banner
1710|Eingang
1711|der Kummerkasten
1711|Leser
1711|Problem
1712|Messer
1712|Arbeit
1713|Waffe
1713|Feind
1714|Himmel
1714|Tag
1715|Problem
1716|Geschmeide
1716|Dämmerlicht
1717|Schaden
1718|Kotze
1718|Gehweg
1719|Lebenswelt
1719|Natur
1720|Film
1720|Flop
1721|Chor
1721|Leidenschaft
1722|Sprayer
1722|Wandgemälde
1723|Spinner
1723|Verschwörung
1723|Alien
1724|Portal
1725|Seife
1725|Schale
1726|Raubtier
1726|Schatten
1726|Beute
1727|Himmel
1727|Augenweide
1728|Gebäude
1728|Glas
1728|Stahl
1729|Millionär
1729|Start-up
1730|Auto
1730|Ast
1731|Detail
1731|Maschine
1732|Gast
1733|Jogginghose
1733|Modetrend
1734|Regenbogen
1734|Tal
1735|Hammelbraten
1735|Küche
1736|Kamera
1736|Schönheit
1736|Landschaft
1737|Café
1737|Zeit
1738|der Verwandte
1738|Besuch
1738|Kanada
1739|Pubertät
1739|Phase
1739|Veränderung
1740|Gesichtsausdruck
1740|Ernst
1740|Lage
1741|Trottel
1741|Risiko
1742|Arznei
1743|Vollkasko
1743|Schaden
1744|Oma
1744|Frucht
1744|Winter
1745|Rippe
1745|Sturz
1745|Training
1746|Kleidung
1746|Reisetasche
1747|Schwachsinn
1748|Gegner
1748|Duell
1749|Plätzchen
1750|Sündenfall
1750|Schwäche
1751|Girlande
1751|Blume
1751|Eingangstür
1752|Matrose
1752|Mastspitze
1753|Kommando
1754|Gruppe
1754|Spiel
1755|Aussicht
1755|Gipfel
1756|Herzinfarkt
1756|Folge
1756|Stress
1757|Marsch
1757|Stadt
1757|Stunde
1759|Tweet
1759|Nacht
1760|Gedränge
1760|Rucksack
1761|Schlag
1761|Hinterkopf
1762|Dinosaurier
1762|Museum
1762|Kind
1763|Reifen
1764|Kind
1764|Osterei
1765|Kind
1765|Spielplatz
1766|Fehler
1767|Euro
1767|Preis
1768|Milliardär
1768|Bildung
1769|Stierkampf
1770|Kommode
1771|Arbeitsergebnis
1772|Eis
1772|Sonne
1773|die Kochkunst
1774|Tarnjacke
1774|Wanderung
1775|Unwissenheit
1775|Fakt
1776|König
1777|Hexenjagd
1777|Existenz
1779|Schmuck
1780|Speise
1780|Spezialität
1780|Region
1781|Tag
1782|Lied
1782|Troubadour
1782|Minne
1783|Linse
1783|Bild
1784|Wandschrank
1784|Foto
1785|Zuversicht
1785|Projekt
1786|Mailbox
1786|Nachricht
1787|Bizeps
1787|Training
1788|Depp
1788|Fenster
1789|Garage
1789|Auto
1790|Märchenerzähler
1790|Kind
1791|der Flüchtiger
1791|Wald
1792|Streik
1792|Zugverkehr
1793|Serie
1793|Bitch
1794|Zweite
1795|Karren
1795|Pferd
1796|Schmuckstück
1796|Scheinwerferlicht
1797|Frühstück
1798|Film
1798|Offizier
1799|Atemzug
1799|Sprung
1800|Aussicht
1801|Vertrag
1801|Fax
1801|Stunde
1802|das Festessen
1803|Aufgabe
1803|Problem
1804|Mord
1805|Kaiserreich
1805|Weltkrieg
1806|Hausflur
1807|Fußballspiel
1807|Unentschieden
1808|Rhetorik
1808|Kritik
1809|Lumpenpack
1809|Polizei
1810|Lotto
1810|Gewinn
1811|Schnauze
1811|Hund
1811|Schnee
1812|Roman
1812|Verräter
1812|Mob
1813|Leute
1813|Schlange
1813|Konzertkarte
1814|Lack
1814|Auto
1814|Sonne
1815|Rechnung
1817|Schlafanzug
1817|Seide
1818|App
1818|Schlaf
1819|Film
1820|Wimper
1820|Wange
1821|N-Wort
1821|Sprache
1821|Platz
1822|Porzellan
1822|Vase
1823|Vogel
1823|Ast
1824|Brief
1824|Briefkasten
1825|Nahverkehr
1825|Stadt
1826|Katze
1826|Fenster
1827|Häuschen
1827|Wald
1828|Stadt
1828|Schmelztiegel
1829|Schokofrucht
1829|Überraschung
1830|Kehle
1830|Sänger
1830|Ton
1831|Label
1831|Flasche
1832|Longdrink
1832|Strand
1833|Arbeiter
1833|Seil
1834|Wirbel
1834|Blatt
1834|Straße
1835|Abwertung
1835|Währung
1836|Flug
1836|Sturm
1837|Ampel
1837|Grün
1838|Rüstung
1838|Museum
1838|Stadt
1839|Gemütlichkeit
1839|Café
1840|Tradition
1841|Treppenhaus
1842|Placebo
1842|Wirkung
1843|Diktat
1844|Farbe
1845|Argument
1846|Sängerin
1847|See
1848|Moschee
1849|Fähnchen
1849|Sommerwind
1850|Fahrer
1850|Verspätung
1851|Stammtisch
1851|Diskussion
1852|Überzeugungstäter
1852|das Prinzip
1853|Komfort
1853|Geist
1854|Falte
1854|Gesicht
1854|Erfahrung
1855|Maschine
1855|Moment
1856|Automobil
1856|Jahr
1857|Sahne
1857|Molkerei
1858|Entscheidung
1859|Kosmetiksalon
1859|Rabatt
1860|Klassentreffen
1860|Mai
1861|Sicke
1861|Stabilität
1861|Blech
1862|Haus
1863|Flagge
1863|Verein
1864|das Huhn
1864|Legebatterie
1864|Platz
1865|Blondine
1865|Blick
1866|Prise
1866|Zimt
1866|Kuchen
1867|Achsel
1868|Aufgabe
1869|Rückenwind
1869|Aufstieg
1870|System
1871|Wolle
1871|Haut
1872|Imperativ
1872|Text
1872|Maßnahme
1873|Jakobsweg
1873|Jahr
1873|Pilger
1874|Nebenjob
1874|Miete
1875|Schürze
1875|Blumenmuster
1876|Reinheitsgebot
1876|Teil
1876|die Bierkultur
1877|Fiasko
1877|Veranstaltung
1877|Chaos
1878|Auto
1878|Fahrvergnügen
1879|Midlife-Crisis
1879|Lebensziel
1880|Lobeshymne
1880|Gewinner
1881|Bitte
1881|Ausdruck
1882|Wetter
1882|Planung
1883|König
1883|Verräter
1884|Forscher
1884|Datum
1885|Lebenslauf
1885|Tür
1886|Nachhauseweg
1887|Buch
1887|Plan
1887|Reptiloid
1888|Vegetarier
1888|Fleischprodukt
1889|Münze
1890|Investition
1891|Krimi
1891|Mord
1891|das Erstechen
1892|Lehrkörper
1892|Lehrmethode
1893|Schaufel
1893|Loch
1893|Garten
1894|Besserung
1894|Lage
1895|Braut
1895|Kleid
1896|Grillfest
1896|Nachbar
1896|Garten
1897|Werkzeug
1898|Mail
1898|Erhalt
1899|Strophe
1899|Gedicht
1899|Metapher
1900|Versehen
1900|Wille
1901|Sturm
1901|Baum
1902|Ballerina
1902|Pirouette
1903|Möbel
1904|Komet
1904|Nachthimmel
1905|Drink
1906|Absicht
1907|Requiem
1907|Opfer
1908|Detail
1909|Erbe
1909|Monat
1910|Streit
1911|Trauerfeier
1912|Fliese
1913|Lilie
1913|Duft
1914|Arzt
1914|Detail
1914|Penis
1915|Buch
1915|Liebesbeziehung
1916|Rauchschwade
1917|Hungertod
1917|Kind
1917|Welt
1918|Warnblinklicht
1918|Panne
1919|Piercing
1919|Nase
1920|Perfektion
1920|Design
1921|Lärm
1922|Demonstrant
1922|Transparent
1923|Verrat
1923|Freundschaft
1924|Produkt
1925|Regen
1925|Stimmungstief
1926|Dividende
1926|Aktionär
1927|Schulzeit
1928|Duft
1928|Jasmin
1928|Raum
1929|Schachtel
1929|Pappe
1930|Dings
1931|Leitungswasser
1932|Geste
1933|Zigarettenstummel
1933|Boden
1934|Erythrozyt
1934|Sauerstoff
1934|Blut
1935|Kiste
1935|Tür
1936|Brot
1937|Natur
1938|Kostüm
1938|Party
1938|Hingucker
1939|Rollkragen
1939|Kälte
1940|Familie
1940|Stadt
1941|Buch
1941|Grausamkeit
1941|Holocaust
1942|Illuminat
1942|Rede
1943|Sommerabend
1944|Verhandlung
1945|Gebende
1945|Großzügigkeit
1946|TÜV
1946|Auto
1947|Fritteuse
1947|Energie
1948|Dödel
1948|Passwort
1949|Schauspieler
1949|Herzensbrecher
1950|Gebrüll
1950|Löwe
1950|Savanne
1951|Plutonium
1951|Element
1952|Gruppe
1952|Aufstand
1953|Kind
1953|Pfütze
1954|Projekt
1954|Bravour
1955|Spießer
1955|Baustil
1956|Gespenst
1956|Schloss
1957|der Handy-Akku
1958|Qual
1958|das Warten
1959|Prophet
1959|Anhänger
1960|Experte
1960|Kunstwerk
1961|Sonnenliege
1961|Pool
1962|der Visagist
1962|Model
1963|Maschinenraum
1964|Grundschulklasse
1964|Museum
1965|Kalenderblatt
1965|Zitat
1965|Goethe
1966|Dach
1967|Morgen
1967|Urlaub
1968|Wald
1968|Straße
1969|Wanderung
1970|Uni
1970|Vorlesung
1971|Unterlage
1972|Verzögerung
1972|Verwirrung
1973|Lustgewinn
1973|Hobby
1974|Tabakhandel
1974|Geschäft
1975|der Verletzte
1975|Bahre
1976|Song
1976|Knaller
1976|Radio
1977|Schülerin
1977|Essay
1978|die Henne
1978|Kopfhörer
1978|Sport
1979|Psychopath
1979|Ermittler
1980|Ausgang
1980|Verfahren
1981|Verlegenheit
1981|Wort
1982|Zeit
1983|Andenken
1983|Reise
1983|Regal
1984|Norden
1984|Wetter
1985|Unbegrenztheit
1985|Himmel
1986|Champagner
1986|Strom
1986|Party
1987|Datum
1987|Format
1988|App
1989|Flüssigkeit
1989|Leitung
1990|Party
1991|Selbstoptimierer
1991|Tag
1992|Gedanke
1993|Querkopf
1993|Idee
1993|Team
1994|Glaube
1994|Menschheit
1994|Hoffnung
1995|Wettbewerb
1995|Tribut
1996|Demonstrant
1997|Jubel
1997|Fan
1997|Stadion
1998|Schönheit
1998|Natur
1999|Treue
1999|Freund
2000|Farbe
2000|Gemälde
2001|Bann
2001|Märchen
2001|Publikum
2002|Meinungsfreiheit
2002|Kultur
2003|Nichte
2003|Musik
2004|Genus
2004|Sonne
2004|der Deutsche
2005|Alarmsignal
2005|Gefahr
2006|Baum
2006|Garten
2007|Pause
2008|Museum
2008|Gemälde
2008|Bauernkrieg
2009|Deutschtum
2009|Tradition
2009|Land
2010|Publikum
2010|Sänger
2011|Wand
2011|Rosa
2012|Gastgeber
2012|Gast
2013|Schnaps
2014|Haschisch
2014|Polizei
2015|Freund
2016|Puder
2016|Gesicht
2016|Finish
2017|Krach
2017|Baustelle
2017|Nachbar
2018|T
2018|Name
2018|Theodor
2019|Penner
2019|Parkbank
2019|Schatten
2020|Führer
2020|Ruine
2021|Angel
2021|Fisch
2023|Türsteher
2024|Pendant
2025|Zimmer
2025|Konzentration
2026|Plattenbaugebiet
2027|Hürde
2027|Test
2027|Bravour
2028|Gartenzwerg
2028|Vorgarten
2029|Temperatur
2029|Grad
2030|Wort
2030|Trost
2031|Prügelstrafe
2031|Land
2032|Welt
2033|Greis
2033|Geschichte
2033|Jugend
2034|Bayer
2034|Heimat
2035|Kind
2035|Park
2036|Hockeyschläger
2036|Spiel
2037|Petition
2037|Tausend
2037|Unterschrift
2038|Frühstück
2038|Brötchen
2038|Bäcker
2039|Hochwasser
2039|Haus
2039|Dorf
2040|Atze
2040|das Feierabendbier
2041|Hysterie
2041|Medium
2041|Panik
2042|U-Bahn
2042|die Hauptbahnhof-Station
2043|Kammerflimmern
2044|Golf
2044|Geduld
2044|Präzision
2045|Bettbezug
2045|Baumwolle
2046|Pandemie
2046|Leben
2047|Maklerprovision
2047|Vertrag
2048|Ziffer
2048|Bildschirm
2049|Dicke
2049|Wand
2049|Isolierung
2050|Gier
2050|Macht
2050|Untergang
2051|Ehekrise
2051|Partner
2052|Design
2053|Lied
2053|Dauerschleife
2053|Radio
2054|Regierung
2054|Detail
2055|Regler
2055|Leistung
2055|Maschine
2056|Frage
2057|Pest
2057|Stadt
2057|Mittelalter
2058|Straßenkampf
2058|Polizei
2059|Mittelklassewagen
2059|Effizienz
2060|Bisswunde
2061|Ausdruck
2062|der Wolf
2062|Wald
2063|Täter
2063|Opfer
2063|Streit
2064|Fernweh
2064|Welt
2065|Thema
2065|Frage
2066|Katze
2066|Lauer
2066|Sprung
2067|Sachbuch
2067|Thema
2068|Macker
2068|Stärke
2069|Geschäftsgebaren
2069|Firma
2070|Eidechse
2070|Stein
2071|Tänzchen
2071|Party
2072|Bitte
2072|Punkt
2073|Grundwasser
2073|Chemikalie
2074|Gästezimmer
2074|Gästebett
2075|Ball
2075|Tor
2076|Problem
2076|Branche
2077|Tarnung
2077|Wald
2078|Reichskanzler
2078|Rede
2079|Nacht
2080|Mordfall
2080|Jahr
2081|Schwung
2081|Tor
2082|Raffgier
2082|Konzern
2082|Umwelt
2083|Anwaltskosten
2084|Arbeiter
2084|Kiste
2085|Model
2085|Kamera
2086|Pass
2086|Datum
2087|Konjunktiv
2087|Satz
2088|Budget
2088|Projekt
2089|Arzt
2089|Patient
2090|Spaziergang
2090|Sonntagnachmittag
2091|Gerücht
2091|Stadt
2092|Schwinge
2092|Adler
2092|Sonnenlicht
2093|Bombe
2093|Lärm
2094|Entscheidung
2095|Wanze
2095|das Bürogerät
2096|das Contra-Argument
2096|Mehrheit
2097|Freimaurer
2097|Rede
2097|Club
2098|Brot
2099|Obst
2099|Korb
2100|Imbissbude
2100|Currywurst
2101|Wiese
2101|Blume
2102|Hooligan
2102|Stuhl
2102|Spielfeld
2103|Fanmeile
2103|Fußballfan
2104|Stunde
2104|Fahrt
2105|Obst
2105|Hitze
2106|Gegner
2106|Fascho
2107|Lehrerin
2107|Schüler
2107|Thema
2108|Schaden
2109|Fahrgast
2109|Verspätung
2110|Finanzamt
2110|Unterlage
2111|Panzerfaust
2111|Kriegsgerät
2112|Künstler
2112|Welt
2112|Fantasie
2113|Stoff
2114|Achterbahn
2114|Kurve
2114|Acht
2115|Gesinnungslump
2116|Ideologie
2116|Ideal
2117|Paramilitär
2117|Grenzregion
2118|der Jugendliche
2118|Hund
2118|Fluss
2119|Abmahnung
2119|Verspätung
2120|Roman
2120|Geschichte
2121|Einkommen
2122|Angreifer
2123|Keule
2123|Kraft
2124|der Bekannte
2124|Job
2125|Frage
2125|Bemühung
2126|Verantwortung
2127|Film
2127|Jahr
2128|Blumenstrauß
2128|Frühling
2129|Pfütze
2129|Himmel
2130|Abgas
2130|Auto
2130|Luftqualität
2131|Brise
2131|Segeln
2132|Kompliment
2132|Arbeit
2133|Regen
2133|Erdboden
2134|Gangsterboss
2134|Suche
2135|Pflicht
2136|Deal
2136|Beschiss
2136|Anfang
2137|Besucher
2137|Saal
2138|Spielzeug
2138|Favorit
2139|Datum
2140|Genius
2140|Fachkreis
2142|Sturmhaube
2142|Wind
2143|Idee
2144|Lektion
2145|Krawatte
2146|Tun
2146|Wort
2147|Anwältin
2147|Fall
2148|Lücke
2148|Mauer
2149|Trieb
2149|Grenze
2150|Holländer
2150|Weg
2151|Gespür
2151|Trend
2152|Polizei
2153|Gepäck
2153|Zwischendeck
2154|Maniac
2154|Straße
2154|Kontrolle
2155|Grundschullehrer
2155|Leben
2156|Archäologe
2156|Stätte
2157|Bemerkung
2157|Raum
2158|Jacke
2158|Nagel
2159|Verkehrsunfall
2159|Stau
2160|Maßnahme
2160|Leben
2161|Rhein
2161|Fluß
2161|Europa
2162|Liege
2162|Garten
2162|Sommertag
2163|Kiste
2164|Café
2164|Student
2165|Gardine
2165|Abendwind
2166|Schickeria
2166|Club
2167|Chihuahua
2167|Hund
2168|Kind
2168|Gesicht
2169|die Starallüre
2170|Forscher
2170|Höhle
2171|Basilikum
2171|Pizza
2171|Aroma
2172|Zeder
2172|Duft
2173|Idee
2174|Schundliteratur
2174|Buchmarkt
2175|Flussbad
2175|Tag
2176|Firma
2176|Arbeiter
2177|Schwert
2177|Ritter
2177|der Rubin
2178|Anordnung
2179|Akne
2179|Behandlung
2180|Morgennebel
2180|Schleier
2181|Staatsfeind
2181|Behörde
2182|Overkill
2182|Information
2183|Spiritus
2183|Tuch
2184|Fernglas
2184|der Vogel
2185|König
2186|Sturz
2186|Hintern
2187|Stehtisch
2187|Projekt
2188|Boomer
2188|Trend
2189|Berufsverkehr
2189|Straße
2190|Vortrag
2191|Medizin
2191|Genital
2192|Besprechung
2193|Arbeiter
2193|Erfolg
2194|Thema
2195|Antwort
2196|Zug
2196|Halt
2196|Bahnhof
2197|Geier
2197|Wüste
2198|Vitrine
2198|Schmuckstück
2199|Hund
2200|Klasse
2200|Schüler
2201|Creme
2201|Pore
2202|Hund
2202|Schwanz
2203|Freibad
2203|Jahr
2203|Mai
2204|Zweigespann
2204|Lösung
2205|Streich
2205|Gelächter
2206|List
2207|Punkrock
2207|Musikwelt
2208|Direktor
2208|Gast
2209|Kamera
2211|Kind
2211|Wand
2211|Farbe
2212|Ressource
2213|Schwert
2213|Weltall
2213|Anachronismus
2214|Auge
2214|Freude
2214|Nachricht
2215|Faden
2216|Fax
2216|Vertrag
2217|Karawane
2217|Wüste
2218|Gewinnertyp
2219|Fiesta
2219|Musik
2219|Tanz
2220|Artikel
2220|Clickbait
2221|Strömung
2221|Boot
2221|Küste
2222|Knoten
2222|Schnur
2223|Baby
2223|Flasche
2224|Pickel
2224|Nase
2225|Rost
2225|Fahrrad
2226|Jahr
2227|Liebeskunst
2227|Geduld
2227|Empathie
2228|Arzt
2228|After
2229|Dokument
2229|Tisch
2230|Haifisch
2230|der Schwamm
2230|Boot
2231|Gefahr
2232|Horn
2232|Einhorn
2233|Tag
2233|Künstler
2234|Chef
2234|Unding
2235|Wort
2236|Schwager
2236|Koch
2237|Papier
2238|Mediathek
2238|Film
2238|Serie
2238|Auswahl
2239|Gummistiefel
2239|Schlamm
2241|Anwesen
2241|Familie
2242|Barriere
2243|Meisterwerk
2244|Check-in
2245|Identitäre
2245|Rede
2246|Gemüse
2246|Keller
2247|Schmerztablette
2247|Migräne
2248|der Vogel
2248|Fernglas
2249|Piranha
2249|Köder
2251|Bemerkung
2251|Gelächter
2252|Verlust
2253|Zweite
2254|Abend
2254|Wein
2255|Schatten
2255|Kreatur
2256|Stichflamme
2256|Raum
2257|Verzerrung
2257|Fakt
2258|Perspektive
2259|Dosenpfand
2259|Müll
2260|Streit
2261|der Nächste
2261|Jahr
2262|Sternennacht
2263|Kopfsprung
2263|Wasser
2264|Großangriff
2265|Pfad
2265|Wald
2266|Musik
2266|Party
2267|Kosten
2267|Budget
2267|das Weite
2268|Ding
2269|Flatscreen
2269|die Wohnzimmerwand
2270|Steuerzahler
2270|Finanzierung
2271|Tüftler
2271|Maschine
2272|Marktplatz
2272|Leben
2273|Chefetage
2273|Entscheidung
2274|Postbote
2274|Paket
2275|Forschung
2275|Körpersaft
2275|Labor
2276|Glas
2276|Weißwein
2276|Fisch
2277|Gericht
2278|Schrei
2278|Schrecken
2279|Zahnspange
2279|Zahn
2280|Rollkragenpulli
2280|Teil
2280|die Winterkollektion
2281|Konzert
2282|Raumschiff
2282|Mars
2283|Profilbild
2284|Poster
2284|Wand
2285|Abendrot
2285|Himmel
2285|Rot
2286|Trophäe
2286|Kristall
2287|Vorwurf
2288|Fähigkeit
2288|Beruf
2289|Fahrer
2289|Mittelfinger
2289|Ärger
2290|Plenum
2290|Gesetz
2291|Dokument
2292|Krise
2292|Familie
2293|Mückenstich
2294|Gewohnheit
2295|Umgangston
2296|Pille
2296|die Frauenmedizin
2297|Déjà-vu
2298|Delfin
2298|Wasser
2299|Fels
2299|Weg
2300|Dickkopf
2301|Behauptung
2302|Jalousie
2302|Licht
2303|Abi
2303|Weltreise
2304|das Automodell
2305|Fotoshooting
2306|Retter
2306|Kind
2306|Wasser
2307|Felge
2307|Unfall
2308|Popcorn
2308|Kino
2309|Land
2309|Bedrohung
2310|Schlauch
2310|Garten
2311|Lagerhalle
2311|Dach
2311|Ware
2312|Fotograf
2312|Model
2313|Deodorant
2313|Tag
2314|Safe
2315|Deal
2315|Erfolg
2315|Seite
2316|Arbeitsatmosphäre
2316|Team
2317|Naziparole
2317|Wand
2318|Wohnungsmarkt
2319|Shirt
2319|Hose
2320|Wahrheit
2321|Kranz
2321|Eingangstür
2322|Rudel
2322|der Wolf
2322|Wald
2323|Seil
2324|Sonnenuntergang
2324|Himmel
2325|Güte
2325|das Herz
2325|Tat
2326|Landesparlament
2326|Gesetz
2327|Hund
2327|Kind
2328|Mitglied
2328|Vorschlag
2329|Weizenkorn
2329|Nährstoff
2330|Morgen
2330|Disko
2332|Raum
2333|Konflikt
2334|Aussage
2334|Shitstorm
2335|Crew
2335|Notsignal
2335|Hafen
2336|Vergeltung
2336|Konflikt
2337|Hauch
2337|Lavendel
2337|Raum
2338|Arzt
2338|Schmerz
2338|OP
2339|Blume
2339|Tag
2340|Wissenschaftler
2340|Zelle
2341|Rede
2342|Höflichkeit
2342|Alltag
2343|Fete
2343|Morgenstunde
2344|Farbe
2345|Elternteil
2345|Snack
2345|Schulausflug
2346|Blick
2346|Tellerrand
2347|Teig
2347|Brot
2348|Verurteilte
2348|Gnade
2348|Richter
2349|Jahr
2349|Ausland
2350|Er
2350|Lilie
2350|Park
