of|i
do|v
they|p
she|p
about|i
there|e
him|p
could|v
no|a
man|n
very|r
work|v
call|v
in|r
as|r
help|v
every|a
yes|u
its|a
hand|n
about|r
without|i
story|n
begin|v
fact|n
maybe|r
issue|n
though|c
best|j
both|d
much|r
four|m
car|n
back|n
member|n
whether|c
stay|v
die|v
office|n
grow|v
second|m
low|j
whole|j
hard|j
police|n
break|v
listen|v
full|j
local|j
value|n
explain|v
movie|n
difference|n
effort|n
because|i
need|n
situation|n
share|v
simply|r
open|j
save|v
guess|v
election|n
certain|j
available|j
current|j
list|n
fire|n
author|n
note|v
nearly|r
top|n
worker|n
race|n
poor|j
enjoy|v
defense|n
century|n
animal|n
mile|n
compare|v
sister|n
thus|r
candidate|n
somebody|p
meeting|n
imagine|v
disease|n
apply|v
rise|v
set|n
method|n
shit|n
interview|n
blue|j
environment|n
river|n
bit|r
absolutely|r
trouble|n
seat|n
necessary|j
democratic|j
address|v
management|n
tomorrow|r
stick|v
discover|v
user|n
inside|i
nor|c
through|r
mouth|n
travel|v
photograph|n
touch|v
suffer|v
heat|n
judge|n
fall|n
internet|n
element|n
wind|n
just|j
interested|j
researcher|n
capital|n
hill|n
basic|j
engage|v
smile|v
contract|n
apple|n
sales|n
lake|n
gain|v
location|n
otherwise|r
highly|r
cry|v
associate|v
connection|n
smart|j
ride|v
presence|n
crowd|n
border|n
website|n
relation|n
volume|n
extra|j
hire|v
forest|n
focus|n
advice|n
enemy|n
female|j
glad|j
kick|v
actor|n
topic|n
session|n
wine|n
youth|n
extend|v
surprise|n
slightly|r
lift|v
excuse|v
desire|n
anywhere|r
grand|j
angry|j
struggle|v
neck|n
generate|v
literature|n
capture|v
studio|n
circle|n
colleague|n
works|n
comfortable|j
teaching|n
live|j
zone|n
minority|n
gender|n
domestic|j
percentage|n
request|n
fee|n
tooth|n
self|n
chapter|n
shift|v
convention|n
scream|v
extent|n
accuse|v
farmer|n
contribution|n
question|v
era|n
expose|v
guide|n
escape|v
eliminate|v
pretty|j
muscle|n
far|c
cycle|n
judgment|n
lie|n
hand|v
fast|j
basketball|n
quote|v
immigration|n
separate|v
flow|n
technical|j
mark|n
soil|n
selection|n
resolution|n
dude|n
slow|v
essentially|r
offense|n
fairly|r
pregnant|j
deficit|n
philosophy|n
prosecutor|n
knife|n
housing|n
pop|v
publication|n
beneath|i
pepper|n
accomplish|v
consist|v
engineering|n
jail|n
brief|j
shout|v
avenue|n
scholar|n
illness|n
awesome|j
designer|n
retire|v
incredible|j
rarely|r
giant|n
stream|n
twitter|n
accurate|j
pay|n
another|p
potentially|r
slide|v
rather|c
reputation|n
giant|j
fishing|n
stranger|n
rape|n
negotiation|n
sequence|n
weigh|v
electronic|j
impression|n
visible|j
restore|v
sauce|n
detect|v
apologize|v
airline|n
cent|n
grandmother|n
manufacturer|n
roll|n
terrorist|n
violate|v
unlikely|j
idiot|n
stadium|n
mix|n
incorporate|v
taste|v
possess|v
stake|n
developer|n
tiger|n
administrator|n
publisher|n
variation|n
tomato|n
contest|n
load|n
narrator|n
surprise|v
purchase|n
fate|n
surprising|j
adapt|v
random|j
smell|n
tourist|n
stable|j
update|n
friendship|n
humor|n
chemical|n
silly|j
lifestyle|n
crap|n
imagination|n
drawing|n
guide|v
segment|n
slight|j
can|n
sue|v
notice|n
canadian|j
pill|n
terrorist|j
decrease|v
dumb|j
furthermore|r
tactic|n
nerve|n
aircraft|n
duke|n
furniture|n
garage|n
allegation|n
fake|j
grant|n
patient|j
whoever|p
membership|n
makeup|n
mall|n
courage|n
mainstream|j
delay|n
communist|j
palestinian|n
till|c
function|v
soccer|n
uncomfortable|j
gospel|n
fabric|n
admire|v
hunter|n
virtual|j
athletic|j
sword|n
dose|n
grave|n
absorb|v
nominee|n
nail|n
resign|v
hardware|n
snake|n
depict|v
gradually|r
starting|n
rescue|v
praise|v
van|n
counsel|n
motive|n
chronic|j
cave|n
driving|j
tag|n
precious|j
agricultural|j
rape|v
powder|n
govern|v
butt|n
nonetheless|r
speed|v
civilian|n
compound|n
upstairs|r
tune|v
jeans|n
ranch|n
pitcher|n
behavioral|j
advertisement|n
blow|n
bitter|j
treasury|n
walking|n
greek|j
estimated|j
frame|v
republican|j
consent|n
banking|n
apology|n
inspector|n
convey|v
eating|n
custody|n
horn|n
liability|n
considering|c
retrieve|v
goodness|n
repair|n
slavery|n
seal|v
entrepreneur|n
unity|n
treasure|n
exploration|n
upcoming|j
cruise|n
electrical|j
attraction|n
needle|n
magnitude|n
senior|n
chase|n
credibility|n
pursuit|n
broadcast|n
repair|v
alright|r
frozen|j
theology|n
registration|n
beam|n
carbohydrate|n
cloth|n
thief|n
electoral|j
homework|n
continent|n
accusation|n
jaw|n
dot|n
sibling|n
thoroughly|r
feed|n
popularity|n
poorly|r
stem|v
presumably|r
sculpture|n
bad|r
practitioner|n
conscience|n
transport|n
puzzle|n
slice|v
blend|v
elder|n
conversion|n
lightning|n
instruct|v
curiosity|n
speculation|n
ipad|n
cafe|n
specialize|v
installation|n
banker|n
dying|j
halloween|n
unclear|j
guardian|n
emotionally|r
verdict|n
eighth|m
chunk|n
throne|n
collector|n
whip|v
courtroom|n
doorway|n
thou|p
plea|n
destiny|n
countless|j
emperor|n
discourage|v
dough|n
balloon|n
sudden|r
leak|v
usage|n
eyebrow|n
align|v
predator|n
broker|n
wallet|n
haul|v
rib|n
supporting|j
outbreak|n
weaken|v
editorial|j
authentic|j
scent|n
surrender|v
shh|u
reasonably|r
taxi|n
utterly|r
bow|v
plaintiff|n
lesser|j
frustrate|v
audio|j
subsequently|r
inclusion|n
miserable|j
patron|n
absurd|j
shrimp|n
developed|j
distress|n
metropolitan|j
isolated|j
swimming|n
flu|n
tweet|v
tenure|n
cooperative|j
integrated|j
egyptian|j
pumpkin|n
tighten|v
contemplate|v
stove|n
coup|n
worldwide|j
start-up|n
reason|v
supplement|n
circle|v
affection|n
endorsement|n
compensate|v
justification|n
managing|j
neglect|v
atheist|n
spider|n
fulfil|v
sovereignty|n
straighten|v
summarize|v
sketch|n
erase|v
immigrant|j
parenting|n
spike|n
polling|n
sofa|n
thy|a
great|r
grade|v
transparent|j
plunge|v
humanitarian|j
jerk|n
explorer|n
partisan|j
precedent|n
nursing|n
span|n
empower|v
kilometer|n
spark|n
hometown|n
manipulation|n
seminar|n
trim|v
prospective|j
tub|n
obsession|n
liberation|n
vinegar|n
ethnicity|n
middle-class|j
total|v
sympathetic|j
kidnap|v
kind|j
realization|n
bipartisan|j
cohort|n
fish|v
vow|v
comet|n
ground|v
genome|n
prey|n
misery|n
dioxide|n
handy|j
revision|n
glorious|j
cinema|n
sour|j
shaft|n
spokeswoman|n
handling|n
translator|n
bully|v
collision|n
collaborate|v
bureaucracy|n
thanks|i
timber|n
google|v
faction|n
premiere|n
puppet|n
secretly|r
consultation|n
deaf|j
median|j
renewable|j
paid|j
broadly|r
umbrella|n
scrape|v
assurance|n
slate|n
sleeping|j
maple|n
misleading|j
ruling|j
skiing|n
inning|n
email|v
amend|v
embarrassment|n
overturn|v
aloud|r
mug|n
peculiar|j
overweight|j
nazi|n
qualitative|j
stink|v
corresponding|j
whisper|n
exile|n
encouragement|n
distinguished|j
briefing|n
vine|n
opposing|j
dictator|n
satisfying|j
keen|j
oppression|n
feminine|j
scoring|n
dim|j
standpoint|n
mind-set|n
prohibition|n
charitable|j
reported|j
massacre|n
primitive|j
african-american|n
printing|n
terminate|v
referendum|n
validate|v
comprehend|v
referral|n
notorious|j
severity|n
implant|n
wrestling|n
magnet|n
livestock|n
whistle|n
inconsistent|j
surplus|n
nursery|n
flashlight|n
syrup|n
anchor|v
millionaire|n
independent|n
wrestle|v
intercept|v
called|j
burial|n
tester|n
pew|n
conditioning|n
worthwhile|j
tracking|j
long-standing|j
dwarf|n
nationwide|j
thermal|j
definitive|j
intern|n
networking|n
remnant|n
garment|n
niece|n
ozone|n
pod|n
substantive|j
pair|v
underway|r
finely|r
antique|j
savannah|n
coincide|v
statewide|j
relocate|v
interim|j
scam|n
negatively|r
ie|r
horrific|j
dispose|v
strangely|r
fearful|j
pharmacy|n
pancake|n
hurdle|n
prevalent|j
leisure|n
surge|v
blunt|j
insulin|n
shepherd|n
unusually|r
contamination|n
mainland|n
pasture|n
pastry|n
slack|n
allegiance|n
coupon|n
intermediate|j
premature|j
formidable|j
inhale|v
cellphone|n
duck|v
awe|n
grad|n
martial|j
vineyard|n
updated|j
day-to-day|j
obscure|j
shining|j
gardening|n
lace|n
compartment|n
canned|j
deepen|v
broaden|v
moan|v
boot|v
four-year|j
trillion|m
woo|v
gal|n
ac|n
anonymity|n
thereof|r
mexican|n
informant|n
twisted|j
homer|n
triple|v
razor|n
moral|n
fax|n
righteous|j
sturdy|j
fungus|n
baggage|n
exacerbate|v
ineffective|j
layoff|n
proceeds|n
disgust|n
extreme|n
pundit|n
setback|n
multitude|n
woe|n
respectable|j
parenthood|n
inflammation|n
face-to-face|j
aspire|v
adult|j
hinder|v
authoritarian|j
finished|j
sync|n
reversal|n
wardrobe|n
daytime|n
implicate|v
theoretically|r
intercourse|n
hue|n
admittedly|r
playing|j
vegan|n
stuck|j
shack|n
degradation|n
jack|n
flake|n
trooper|n
collide|v
square|v
alleviate|v
parsley|n
intensely|r
delusion|n
stew|n
adaptive|j
vapor|n
liberalism|n
conjure|v
annoy|v
disable|v
engaging|j
rebound|v
painted|j
after|r
embargo|n
snapshot|n
lecture|v
rant|n
swiftly|r
taliban|j
stupidity|n
divorced|j
infer|v
award-winning|j
insistence|n
immerse|v
rugged|j
conserve|v
pant|v
engaged|j
humane|j
booster|n
reminiscent|j
iranian|n
mislead|v
nudge|v
liner|n
ex-wife|n
maverick|n
commence|v
exemplify|v
curb|n
imitation|n
humility|n
preseason|n
marsh|n
co-op|n
sweaty|j
catalogue|n
read|n
initiation|n
shortcoming|n
normative|j
cockpit|n
needy|j
reluctance|n
polished|j
railing|n
briefcase|n
best-seller|n
kitten|n
swimmer|n
momma|n
battered|j
hesitation|n
dial|n
protestant|n
socialize|v
magician|n
goddamn|u
sexist|j
humidity|n
boiling|j
shudder|v
spill|n
uh-oh|u
linkage|n
derivative|n
pinpoint|v
thinly|r
paperback|n
ordeal|n
relic|n
ornament|n
facet|n
nervously|r
graceful|j
listening|j
collective|n
enormously|r
repeat|n
scenery|n
dominican|j
grouping|n
envy|n
headlight|n
hard-working|j
rainfall|n
contour|n
cavalry|n
chalk|n
geological|j
fulfillment|n
yeast|n
mailbox|n
protector|n
slam|n
apocalypse|n
shelter|v
inflate|v
affiliate|v
mingle|v
sexism|n
shiite|j
inconsistency|n
alphabet|n
stylish|j
black-and-white|j
fm|n
nonfiction|n
harness|v
fasten|v
lightweight|j
acknowledgment|n
denomination|n
longevity|n
displacement|n
marxist|j
heightened|j
man|v
moderately|r
augment|v
outnumber|v
deacon|n
interruption|n
ion|n
cosmetic|j
confidentiality|n
procession|n
dane|n
memorandum|n
rum|n
confide|v
polish|n
salty|j
tar|n
autograph|n
intimidating|j
crib|n
plainly|r
metallic|j
fuss|n
divisive|j
cleric|n
dispatch|n
ominous|j
outpost|n
boob|n
slut|n
windy|j
salvage|v
decision-making|j
police|v
presumption|n
asphalt|n
rake|v
centerpiece|n
bilingual|j
vet|v
purchasing|n
shitty|j
long-distance|j
dawn|v
handkerchief|n
captive|n
bound|v
puddle|n
mediator|n
paramedic|n
overhead|j
chic|j
eyelid|n
bidding|n
fireman|n
excerpt|v
hymn|n
kill|n
islamist|n
vicinity|n
ceremonial|j
grate|v
striped|j
metrics|n
underwater|r
dart|n
trim|n
mentor|v
fetal|j
cherokee|j
immature|j
swarm|v
aerospace|n
iceberg|n
brownie|n
amuse|v
bullpen|n
snag|v
espouse|v
staggering|j
clueless|j
rearrange|v
favourite|j
fanatic|n
stale|j
dearly|r
homage|n
norwegian|j
orbital|j
hideous|j
daring|j
borrowing|n
pineapple|n
irritation|n
luxurious|j
upbeat|j
operative|j
magnify|v
accreditation|n
affirmation|n
hmmm|u
ceramics|n
ancestry|n
audition|v
royal|n
unnoticed|j
springer|n
scarcity|n
academically|r
determinant|n
wallpaper|n
timetable|n
monologue|n
skew|v
predicament|n
unpack|v
tone|v
enlightened|j
bitterly|r
hide|n
comb|n
bipolar|j
caretaker|n
lawful|j
following|n
statesman|n
intimately|r
tabloid|n
acorn|n
weed|v
chile|n
knowingly|r
socialist|n
volatility|n
sly|j
biopsy|n
penetration|n
baby-sit|v
handmade|j
featured|j
waver|v
vividly|r
genesis|n
citrus|n
antitrust|j
apprehension|n
in|j
solidify|v
notoriously|r
gut|v
scrub|n
aggravate|v
midwestern|j
savage|n
oriental|j
staffing|n
objectively|r
entree|n
diarrhea|n
countdown|n
colonization|n
fume|n
null|j
skate|n
sarcasm|n
cynicism|n
exploit|n
caterpillar|n
aboriginal|j
bundle|v
relativity|n
safeguard|n
furnishings|n
chinese|n
pimp|n
fest|n
relational|j
holler|v
receiving|j
intestine|n
liturgy|n
madden|v
electronically|r
artificially|r
remedial|j
renounce|v
correctness|n
earned|j
assured|j
contagious|j
pink|n
audible|j
adopted|j
sulfur|n
measurable|j
oatmeal|n
expend|v
westerner|n
fitting|n
hallucination|n
walkway|n
corroborate|v
simulated|j
modernist|j
fuse|n
backstage|r
negate|v
unresolved|j
uncanny|j
brew|n
penalize|v
re-establish|v
visitation|n
unconditional|j
torrent|n
imam|n
defective|j
manslaughter|n
amazement|n
crossover|n
commons|n
zipper|n
umpire|n
identifiable|j
markedly|r
anew|r
smug|j
grand|n
quarterly|n
professionalism|n
prenatal|j
excess|i
braille|n
dock|v
absurdity|n
optimum|j
brittle|j
factor|v
revere|v
co-star|n
ignition|n
bookshelf|n
downfall|n
afterlife|n
geology|n
folding|j
ram|v
rooster|n
victorious|j
stiffen|v
theorize|v
parade|v
crony|n
all-american|j
default|v
birdie|n
tendon|n
reconnect|v
caricature|n
resurgence|n
plugin|n
wink|n
digest|n
ploy|n
destabilize|v
overreact|v
swell|n
stairwell|n
overtime|r
plutonium|n
cradle|v
concealed|j
wrench|v
maxim|n
czar|n
illegitimate|j
parchment|n
videotape|v
undefeated|j
save|n
pitfall|n
sentencing|j
wrench|n
tilt|n
iris|n
amazon|n
video|v
racing|j
predicted|j
adjustable|j
onslaught|n
gleam|v
prognosis|n
payback|n
spaniard|n
jihadist|n
empirically|r
sentencing|n
unimaginable|j
legitimately|r
plurality|n
time-out|n
polio|n
conformity|n
rearview|j
intertwine|v
mahogany|n
shabby|j
cardboard|n
bungalow|n
unification|n
citizenry|n
nonprofit|n
preparedness|n
opium|n
meticulous|j
eggplant|n
inlet|n
listed|j
hereby|r
sovereign|n
nonlinear|j
wasteful|j
ax|n
stillness|n
mustang|n
attrition|n
two-day|j
nation-state|n
gratification|n
timid|j
asking|n
reputable|j
ordain|v
glisten|v
taut|j
front|v
malware|n
nickname|v
durability|n
waterproof|j
dwindle|v
teddy|n
pang|n
unnecessarily|r
wad|n
distraught|j
underworld|n
subprime|j
bait|v
grace|v
buggy|n
ace|j
birthplace|n
rebuttal|n
pursuit|i
clerical|j
syndicate|n
accentuate|v
condominium|n
elitist|j
logistical|j
forsake|v
stranded|j
unsuccessfully|r
magnolia|n
secretary-general|n
crispy|j
re-examine|v
purposeful|j
spin-off|n
syndicated|j
allure|n
theorem|n
sporadic|j
formality|n
rafter|n
deficient|j
regal|j
resin|n
honk|v
unlucky|j
cheekbone|n
posterior|j
fennel|n
semantics|n
conversational|j
doubtless|r
unbiased|j
tripod|n
invalid|j
rummage|v
dependent|n
ratification|n
personalize|v
pouring|j
lengthen|v
swirl|n
honored|j
fractured|j
rescuer|n
peruvian|j
case|v
traffic|v
inward|r
rendezvous|n
galley|n
compulsive|j
impossibly|r
refill|v
misinterpret|v
technologically|r
nonverbal|j
deteriorating|j
caramel|n
crippling|j
filler|n
bombard|v
troll|v
detriment|n
meticulously|r
mesmerize|v
corner|v
wishful|j
much-needed|j
scoot|v
prick|v
inadequacy|n
regularity|n
comfy|j
cola|n
cartoonist|n
pap|n
dreaded|j
showroom|n
saturation|n
tulip|n
stow|v
reckoning|n
redevelopment|n
switching|j
meatball|n
celtic|j
misstep|n
simulator|n
cocky|j
invincible|j
inaction|n
tau|n
abstain|v
chronically|r
sneaky|j
piece|v
instil|v
momentous|j
amp|n
denominator|n
dole|v
enclosed|j
toaster|n
devalue|v
federalist|j
crazed|j
pretext|n
digestion|n
electrician|n
inflated|j
half-dozen|m
stalker|n
repress|v
floppy|j
porter|n
enumerate|v
muzzle|n
dreamy|j
binding|n
silicone|n
supplant|v
passer-by|n
habitual|j
mamma|n
figurative|j
peacekeeper|n
rowing|n
propeller|n
darling|j
cherished|j
innumerable|j
jubilee|n
impasse|n
nap|v
flail|v
rustle|v
padding|n
stalemate|n
decree|v
sportsman|n
meningitis|n
idle|v
orb|n
deluxe|j
solar|n
tattoo|v
hitch|n
imbue|v
feeding|n
observance|n
stockholder|n
zebra|n
unsalted|j
privy|j
dermatologist|n
supersede|v
subordinate|n
pivot|n
paradoxical|j
defuse|v
unparalleled|j
resurface|v
experimenter|n
causation|n
shank|n
whimsical|j
skillful|j
archdiocese|n
faggot|n
denigrate|v
filipino|j
tights|n
predispose|v
attracting|j
drench|v
humanism|n
instantaneous|j
despair|v
complacent|j
allot|v
cardio|n
meander|v
yum|u
madly|r
conceptualization|n
moot|j
miniseries|n
outdo|v
tombstone|n
actuality|n
gran|n
one-man|j
all-out|j
grit|v
notoriety|n
neuroscience|n
uniformity|n
whine|n
chateau|n
absent|v
self-employed|j
tabletop|n
heron|n
shrapnel|n
inappropriately|r
questioning|j
veritable|j
babble|v
anglican|j
affix|v
newt|n
federalism|n
aggregate|v
naturalization|n
posh|j
sioux|j
gratifying|j
disoriented|j
limelight|n
hectare|n
symptomatic|j
enigma|n
brazen|j
strenuous|j
peer-reviewed|j
one-quarter|m
nonproliferation|n
uphill|r
guard|r
aristocracy|n
transformer|n
medley|n
somatic|j
ornamental|j
doubling|n
freaky|j
lap|v
matching|n
gripping|j
testicle|n
whatnot|n
clustering|n
alternating|j
infiltration|n
buzzer|n
mouthpiece|n
dull|v
gripe|n
steamer|n
franc|n
pare|v
leaflet|n
dredge|v
illogical|j
conservatory|n
fracture|v
attendant|j
rowdy|j
secretion|n
underrepresented|j
blasphemy|n
inhuman|j
little-known|j
anoint|v
secretariat|n
ultimatum|n
hapless|j
qur'an|n
oddity|n
stagger|n
oncoming|j
scandalous|j
short-sighted|j
automate|v
purification|n
muffle|v
stagnation|n
diffuse|j
relativism|n
multiracial|j
drowning|n
misrepresentation|n
scallions|n
presumed|j
spite|n
chirp|v
maroon|j
rye|n
escalator|n
breezy|j
optic|n
derogatory|j
kennel|n
scalpel|n
wart|n
cross-border|j
nifty|j
over|j
cashmere|n
fearsome|j
polyester|n
cadmium|n
friar|n
screaming|j
lair|n
silo|n
notch|v
masse|r
wayward|j
profiling|n
macroeconomic|j
nervousness|n
father|v
choreograph|v
siphon|v
win-win|j
practise|v
gingerbread|n
bathrobe|n
prepaid|j
concoction|n
breakfast|v
headquarter|v
synopsis|n
wiki|n
tycoon|n
abject|j
scot|n
dissection|n
violinist|n
roi|n
impassioned|j
whisky|n
vouch|v
re-entry|n
prowl|v
mug|v
errant|j
turquoise|j
geothermal|j
site|v
underpinning|n
foreshadow|v
consequent|j
lonesome|j
caviar|n
constitutionality|n
altercation|n
semi-automatic|j
non-native|j
saber|n
distal|j
molasses|n
triplet|n
decaying|j
deep-water|j
wow|v
consul|n
leisurely|j
unfriendly|j
summons|n
knitting|n
contraceptive|j
intifada|n
illustrative|j
awning|n
apprehensive|j
stub|n
caseload|n
subconscious|n
acceptability|n
interrelated|j
jaded|j
gape|v
quadruple|v
supplementation|n
grease|v
orphaned|j
superimpose|v
reprehensible|j
forbidding|j
gloss|v
ethereal|j
snob|n
defraud|v
hegemonic|j
repertory|n
additive|n
affiliated|j
crashing|j
kink|n
sleigh|n
gauze|n
extrinsic|j
standby|n
prequel|n
quarrel|v
neocon|n
recast|v
holocaust|n
mosaic|j
insurrection|n
meld|v
abiding|j
long-awaited|j
psych|v
ascension|n
windowsill|n
laid-back|j
plunder|v
captivating|j
withholding|j
desirability|n
skit|n
encroach|v
overseer|n
sup|v
streaming|j
wandering|j
whoop|u
succinctly|r
birthright|n
rekindle|v
composting|n
retainer|n
belligerent|j
fence|v
idiocy|n
sober|v
wild|r
discerning|j
widening|j
degeneration|n
cog|n
mobster|n
storybook|n
included|j
cut|j
artful|j
docking|n
nautical|j
maximal|j
blockage|n
revitalization|n
guatemalan|j
uncompromising|j
flourishing|j
rigorously|r
oncology|n
alchemy|n
typify|v
repugnant|j
well-educated|j
reassign|v
dingy|j
headway|n
tint|n
mirage|n
authoritarianism|n
multimillion-dollar|j
aural|j
timeframe|n
pluralistic|j
trailhead|n
purr|v
humbling|j
unproven|j
radial|j
fluorescence|n
accredit|v
daydream|v
know|n
consign|v
forte|n
ballplayer|n
vending|j
widower|n
hound|v
institutionalized|j
wickedness|n
andean|j
enthrall|v
springboard|n
pained|j
horrified|j
whoo-hoo|u
supercomputer|n
coy|j
nationalistic|j
smudge|n
circular|n
saunter|v
amorphous|j
rattlesnake|n
councilman|n
zodiac|n
hard-pressed|j
pelt|v
trinket|n
pushy|j
downtime|n
graft|v
fission|n
snarky|j
censor|n
convertible|j
reprieve|n
coal-fired|j
punt|v
apnea|n
nativity|n
cost-benefit|j
high-priced|j
perpendicular|j
headstone|n
coolly|r
gruff|j
chickpea|n
diversified|j
rewind|v
oy|u
glassy|j
ice|v
scorn|v
barometer|n
all-star|n
sql|n
harbinger|n
ancillary|j
amiss|j
charging|n
undead|n
non-christian|j
cadaver|n
mistreatment|n
assail|v
botanist|n
schism|n
gynecologist|n
notepad|n
redistricting|n
longhorn|n
handicap|v
populism|n
pruning|n
thoroughfare|n
clot|v
unfunded|j
medial|j
finisher|n
sizeable|j
slander|n
tonal|j
lingo|n
whining|n
untimely|j
slain|j
quaker|j
departed|j
skewed|j
tested|j
namespace|n
eccentricity|n
uptick|n
cauliflower|n
navigational|j
quaker|n
revulsion|n
bewildering|j
uneasily|r
passivity|n
monastic|j
twinkle|n
motorcade|n
defending|j
shackle|v
panacea|n
stunt|v
extraneous|j
quark|n
gripe|v
goad|v
franciscan|j
unfathomable|j
sprinter|n
tout|n
ventilator|n
toxicology|n
pariah|n
soluble|j
deleterious|j
auditing|n
stabbing|n
lightness|n
eugenics|n
self-reliance|n
treetop|n
treasured|j
neurosurgeon|n
self-regulation|n
catapult|n
inwardly|r
archetypal|j
botch|v
kickback|n
stockbroker|n
keeping|n
legging|n
corrugated|j
exorcism|n
unsecured|j
look-alike|n
high-frequency|j
godmother|n
delirious|j
truckload|n
unconscionable|j
equalize|v
arraignment|n
cacophony|n
left-hander|n
dictum|n
elect|n
all-day|j
proviso|n
irrigate|v
persian|n
tracer|n
salmonella|n
high-pressure|j
threesome|n
dialectical|j
hotbed|n
imperialist|j
impressively|r
cordless|j
foreboding|n
basilica|n
redress|v
masquerade|n
wheelbarrow|n
smudge|v
smattering|n
centralize|v
layering|n
worshipper|n
unix|n
beef|v
monetize|v
bleep|n
mackerel|n
insular|j
highlander|n
articulated|j
immutable|j
snub|v
shuttle|v
deranged|j
tasteless|j
onwards|r
disparaging|j
welder|n
crucible|n
cob|n
outhouse|n
piper|n
diagonally|r
amok|r
rigidly|r
override|n
ciao|u
prosecutorial|j
fluoride|n
guardsman|n
message|v
uninvited|j
necrosis|n
cabal|n
hippocampus|n
botany|n
stilt|n
personification|n
polka|n
unplug|v
ogre|n
indentation|n
forerunner|n
tease|n
corporal|j
dragonfly|n
tranquilizer|n
prefix|n
thunderous|j
contort|v
dismayed|j
drapery|n
rudeness|n
charlatan|n
deathly|j
beefy|j
de|r
hew|v
signage|n
unimpressed|j
tomography|n
chronicler|n
solver|n
enjoin|v
deep-sea|j
waffle|v
hardcopy|n
chromium|n
life-cycle|n
alimony|n
vehicular|j
co-conspirator|n
indefensible|j
romp|n
forestall|v
unwrap|v
herder|n
heartwarming|j
low-tech|j
swig|n
nonmedical|j
externalize|v
divider|n
retort|n
antipathy|n
prosocial|j
inexorable|j
salami|n
three-bedroom|j
capitulate|v
scrunch|v
overzealous|j
gas|v
overheated|j
snare|v
steadfastly|r
blanch|v
recollect|v
filly|n
harbour|n
stateroom|n
shredder|n
dehumanize|v
trot|n
rinse|n
cleave|v
overcast|j
kuwaiti|n
downloadable|j
derivation|n
red-hot|j
wick|n
raven|j
c-section|n
bide|v
nuzzle|v
antibacterial|j
unraveled|j
uncharacteristically|r
plausibility|n
half-hearted|j
oligarch|n
subsidiary|j
flowery|j
pusher|n
skimpy|j
class|v
binge|v
gobbler|n
unstructured|j
treatable|j
revolting|j
radioactivity|n
coolant|n
styrofoam|n
chai|n
back-and-forth|j
idealize|v
overeat|v
untangle|v
ambulatory|j
doodle|n
unsupervised|j
checked|j
stubbornness|n
ballistics|n
correspondingly|r
al-qaida|j
incomparable|j
sought-after|j
backpack|v
undoing|n
blindfold|n
excision|n
corporeal|j
fanaticism|n
prospectus|n
individualize|v
centuries-old|j
y'all|p
tiptoe|n
unabashed|j
bother|n
posthumous|j
martian|n
whiting|n
covertly|r
evacuee|n
overcome|j
photocopy|n
insufficiently|r
morph|n
weekly|r
anon|r
neckline|n
flowering|n
pug|n
gilt|n
sorbet|n
pollination|n
sunlit|j
viewfinder|n
webcam|n
misogynistic|j
dusky|j
curveball|n
hyperactive|j
air-conditioning|n
oversimplify|v
cheque|n
myopic|j
silhouette|v
forty-one|m
suffuse|v
cheeky|j
one-to-one|j
toolkit|n
desist|v
one-liner|n
lumbar|n
dioxin|n
generalizability|n
unhook|v
fracturing|n
irritant|n
connective|j
antiviral|j
disembodied|j
low-risk|j
boson|n
peeling|n
euphoric|j
throwaway|n
one-room|j
robustness|n
methanol|n
expeditionary|j
boat|v
helix|n
ream|n
snicker|v
midlife|j
agitator|n
rigging|n
carelessness|n
grotto|n
metabolize|v
subliminal|j
webmaster|n
op-ed|j
generative|j
chisel|n
molar|n
savanna|n
orderly|n
kitty|j
nontoxic|j
snorkel|v
xenophobia|n
mountaineer|n
anti-aircraft|j
snowshoe|n
elongation|n
commenting|n
hard-hitting|j
carer|n
promiscuity|n
pet|j
steer|n
unaffiliated|j
courtier|n
human-right|j
congruence|n
adjuster|n
stepdaughter|n
high-flying|j
anti-semite|n
tarragon|n
court-martial|n
communicating|n
aurora|n
disenchanted|j
elitism|n
zero-sum|j
hyper|j
quarter-century|n
naively|r
raspy|j
influencer|n
incarnate|j
bookkeeping|n
self-perception|n
roughness|n
hernia|n
intergroup|j
hunted|j
feverishly|r
dickhead|n
vole|n
self-evaluation|n
incentivize|v
schmuck|n
eskimo|n
meow|v
co-star|v
spook|n
undemocratic|j
misconstrue|v
viewership|n
well-connected|j
left-handed|r
spectrometer|n
valedictorian|n
algal|j
interreligious|j
afflicted|j
mangled|j
legalized|j
despondent|j
unaccustomed|j
exegesis|n
postman|n
licensee|n
clarion|n
lust|v
nesting|j
programmable|j
ingrained|j
autographed|j
outsized|j
unabated|j
hitman|n
backswing|n
front-line|j
intensified|j
moonlit|j
progressivism|n
biggie|n
surround|n
bulimia|n
sorghum|n
arresting|j
crafted|j
meatloaf|n
at-home|j
overcrowd|v
squirt|n
thirst|v
hodgepodge|n
shoals|n
entrapment|n
nationalization|n
lumbering|j
abbot|n
dark-skinned|j
subspace|n
replant|v
osteoarthritis|n
locator|n
nip|n
revealed|j
frostbite|n
woodworking|n
diamondback|n
undiagnosed|j
puma|n
dilation|n
mmmm|u
spongy|j
acrid|j
geisha|n
decoding|n
workmanship|n
knoll|n
bios|n
pedophilia|n
gleeful|j
underbrush|n
none|r
collectibles|n
first-half|j
frisk|v
dyad|n
musicianship|n
coptic|j
restful|j
mid-sized|j
windrow|n
dazzle|n
moccasin|n
apostasy|n
quicksand|n
gnat|n
bolshevik|n
awed|j
infirmity|n
cursed|j
icky|j
tuscan|j
refresher|n
zigzag|n
foible|n
storehouse|n
imitator|n
flatbed|j
renovated|j
core|v
sweeper|n
inoculation|n
stein|n
trounce|v
congestive|j
turmeric|j
denominational|j
mucosa|n
multiyear|j
blinders|n
in-store|j
behoove|v
botox|n
smoldering|j
condensate|n
spacer|n
unselfish|j
dipping|j
levitate|v
emotive|j
mettle|n
radicalization|n
unearned|j
kelp|n
paralegal|j
spigot|n
unmoving|j
neoconservative|j
contented|j
traipse|v
waterboarding|n
cataclysm|n
flamenco|n
accelerometer|n
obelisk|n
heaving|n
kindergartner|n
cellophane|n
frigate|n
fucked-up|j
decade-long|j
photosynthetic|j
lawman|n
sponge|v
figurehead|n
transferable|j
invective|n
remiss|j
amazonian|j
unsympathetic|j
clog|n
deferential|j
eye-popping|j
stork|n
blue-chip|j
telepathy|n
aqueous|j
praying|n
holiday|v
sawmill|n
bowman|n
servicing|n
empiricism|n
heredity|n
crisply|r
warlock|n
culpa|n
starched|j
licorice|n
causeway|n
recombinant|j
impeachable|j
derived|j
exorcize|v
etymology|n
islet|n
weedy|j
biotic|j
fermented|j
investigating|j
bedevil|v
croquet|n
shifty|j
ocr|n
punching|n
mongolian|j
demure|j
overheating|n
blight|v
duplicity|n
glyph|n
perishable|j
hairpin|n
ummm|u
ferociously|r
enlightening|j
ever-expanding|j
queer|n
overcharge|v
drawn-out|j
rowboat|n
hearted|j
raunchy|j
short-change|v
culvert|n
parkway|n
mulatto|n
free-trade|j
quibble|n
tatters|n
americanization|n
overstuffed|j
generated|j
drivetrain|n
noncommittal|j
flabby|j
misunderstood|j
ex|j
mediated|j
turnstile|n
petticoat|n
carmine|n
saltwater|n
theism|n
brazenly|r
kudzu|n
acidification|n
inverse|n
olden|j
happenstance|n
temporally|r
chalky|j
court-ordered|j
mucosal|j
unsurprising|j
portly|j
hand-to-hand|j
soul-searching|n
deceleration|n
governess|n
malay|j
footman|n
opportune|j
mortally|r
rebounder|n
officeholder|n
functionary|n
armoire|n
protease|n
cordon|n
ageless|j
underrate|v
cirrhosis|n
ionize|v
athenian|n
arbitrage|n
campy|j
excommunicate|v
codex|n
infamy|n
formalism|n
kelvin|n
effeminate|j
shamrock|n
filtered|j
swampy|j
tribalism|n
freakish|j
excoriate|v
neurologic|j
watchtower|n
peck|n
sacrosanct|j
singe|v
libelous|j
disassociate|v
torturer|n
moonshine|n
quack|v
vitriolic|j
bramble|n
macroscopic|j
turner|n
spoof|v
offhand|j
pinhead|n
discoverer|n
polemical|j
homeroom|n
topaz|n
dialogic|j
bop|v
admittance|n
toy|j
prophylactic|j
ruffled|j
low-profile|j
reprise|n
cheyenne|n
ditty|n
wench|n
ocular|j
integrator|n
sea-level|j
bod|n
cymbal|n
hoarder|n
narrow-minded|j
up-and-down|j
obligated|j
bugle|n
anointed|j
monthly|n
unsay|v
conformation|n
identically|r
retrofit|n
curate|n
framing|j
soundness|n
well-suited|j
peasantry|n
plotline|n
leaden|j
pizzeria|n
prior|n
minotaur|n
scorching|j
advance|j
flagstone|n
carburetor|n
ungainly|j
ageing|j
sunbathe|v
chipotle|n
councilor|n
binocular|j
introduced|j
cityscape|n
unimpeded|j
attire|v
unceremoniously|r
nonexistence|n
enslaved|j
apocryphal|j
judging|n
corrective|n
well-liked|j
toner|n
record-keeping|n
mayan|n
pro-business|j
slough|v
gradation|n
quilt|v
whorehouse|n
actin|n
invulnerable|j
cheapen|v
listserv|n
ultralight|j
competently|r
cream|v
nameplate|n
rule-making|n
higher-up|n
prude|n
bandana|n
impactful|j
mic|n
demotion|n
gentlemanly|j
beady|j
procreate|v
oomph|n
lakeside|n
russet|j
parentage|n
joblessness|n
skeptically|r
surrealist|j
portent|n
imbed|v
tug-of-war|n
favela|n
synch|n
birder|n
wide-angle|j
programmed|j
discolored|j
knockdown|n
riverfront|n
instigator|n
militaristic|j
life-giving|j
male-female|j
right-handed|r
insubordination|n
misidentify|v
thai|n
nag|n
upper-middle-class|j
self-effacing|j
writer-director|n
uncounted|j
retry|v
equanimity|n
four-letter|j
re-emergence|n
bellwether|n
locksmith|n
christening|n
paraphrase|n
terraced|j
amicus|n
ukulele|n
reincarnate|v
bygone|n
wend|v
anti-doping|j
half-inch|j
one-shot|j
self-respecting|j
undies|n
ibis|n
mend|n
overconfident|j
unscripted|j
roundtable|n
fore|j
regimental|j
soldier|v
balloting|n
still-life|n
puppeteer|n
hippocampal|j
impetuous|j
ineffectiveness|n
koala|n
overrepresented|j
hatchback|n
distrustful|j
fryer|n
pluralist|j
inhumanity|n
endometrial|j
trapeze|n
puritanical|j
full-sized|j
thrashing|n
roux|n
churchyard|n
parasol|n
unblemished|j
anti-apartheid|j
electable|j
haiku|n
vacillate|v
firebrand|n
enumeration|n
fair|v
depredation|n
ruffian|n
analytically|r
individuation|n
dimpled|j
flavonoid|n
rhapsody|n
rue|n
chortle|v
tanning|j
icebox|n
federated|j
potpourri|n
airless|j
anti-discrimination|j
freckle|v
comorbidity|n
best-case|j
napa|n
townsfolk|n
pawnshop|n
buss|v
fanbase|n
hunchback|n
transgendered|j
nonchalance|n
yoruba|n
even-handed|j
alabaster|n
drowned|j
incorporated|j
chiseled|j
cosmonaut|n
americanism|n
gangbanger|n
nonalcoholic|j
killin|j
antiwar|j
fiefdom|n
bridegroom|n
high-yield|j
monorail|n
skateboarder|n
surfing|j
dereliction|n
preppy|j
whirling|j
glute|n
stealthily|r
paperweight|n
uncommitted|j
revisionism|n
crewmember|n
overlooked|j
menorah|n
lower-cost|j
absentmindedly|r
luck|v
reefer|n
valise|n
ebullient|j
biochar|n
scalp|v
reintegrate|v
greenbelt|n
afterglow|n
ennui|n
pontificate|v
minaret|n
battlement|n
gamete|n
obtainable|j
serotype|n
advertised|j
multi-tasking|j
sanctification|n
calculating|j
non-european|j
co-anchor|n
loveliness|n
perplexity|n
postulate|n
fluted|j
toga|n
sartorial|j
dappled|j
melt|n
innovating|j
lob|n
canonization|n
unvaccinated|j
collegiality|n
reattach|v
on-time|j
decontamination|n
re-launch|v
pileup|n
rough-and-tumble|n
radiocarbon|n
landless|j
abridge|v
hard-on|n
constitutionalism|n
ponderosa|n
grouchy|j
retrial|n
bonehead|n
cross-examine|v
twenty-fifth|m
beanie|n
intramural|j
minnesotan|n
servile|j
tropic|j
bedfellow|n
goalpost|n
smut|n
catalan|n
swoon|n
masseuse|n
dither|v
rose-colored|j
nondenominational|j
staphylococcus|n
enticement|n
birthing|j
bezel|n
folktale|n
off-guard|j
free-flowing|j
dodo|n
niacin|n
sucker|v
forward-thinking|j
post-communist|j
providential|j
typhus|n
come-on|n
unappreciated|j
bonsai|n
give-and-take|j
three-star|j
topological|j
lead-in|n
fictionalized|j
feigned|j
inverter|n
backstroke|n
superdelegate|n
verbiage|n
emaciated|j
asiatic|j
instep|n
brawn|n
yes/no|u
uncluttered|j
troika|n
downwind|j
extractive|j
hermeneutic|j
ding|v
recyclable|n
sixty-one|m
driverless|j
sidearm|n
prescribing|n
derisively|r
full-color|j
hatching|n
needful|j
globalize|v
zimbabwean|j
communitarian|j
tartan|j
co-producer|n
harasser|n
entomb|v
oscar-nominated|j
parotid|j
inveterate|j
ritually|r
scurvy|n
inactivate|v
candelabra|n
vassal|n
howler|n
coffeemaker|n
intentioned|j
racquetball|n
well-preserved|j
second-in-command|n
human-like|j
wicket|n
semi-annual|j
convocation|n
seance|n
altarpiece|n
seltzer|n
priory|n
loosening|n
banquette|n
emotionless|j
prefigure|v
booming|n
witch-hunt|n
coherently|r
jaundiced|j
cyclops|n
stingray|n
germplasm|n
massed|j
instrumentality|n
deluge|v
high-achieving|j
westernized|j
petting|j
slicer|n
imprudent|j
debt-free|j
outrank|v
stapler|n
hooky|j
historicity|n
escapist|n
minimum-wage|j
state-funded|j
itching|n
phishing|n
schnapps|n
fast-track|j
custom-built|j
coot|n
fashionably|r
maimed|j
hypodermic|j
gaily|r
frankness|n
daunt|v
freestanding|j
immunosuppressive|j
litigious|j
loveless|j
plover|n
get-together|n
apostate|j
humbled|j
two-headed|j
veep|n
bumbling|j
self-guided|j
intubation|n
arian|j
seventy-three|m
good-faith|j
remit|v
minty|j
ejaculate|v
masochism|n
readjustment|n
cation|n
mimosa|n
touchy-feely|j
cohabit|v
shiitake|n
irreparably|r
non-conference|j
non-local|j
speeder|n
socialistic|j
biome|n
pillory|v
yip|n
pontifical|j
occipital|j
hayride|n
argon|n
docent|n
kingfisher|n
bright-eyed|j
cartographic|j
lout|n
sodomize|v
abortionist|n
glutamate|n
quizzically|r
criminalization|n
unheated|j
alkali|n
two-car|j
cytoplasmic|j
stepmom|n
tartar|j
drenched|j
balustrade|n
railroad|v
kosovar|n
comorbidities|n
reply|i
penitent|n
improv|n
activator|n
leaping|j
fenced|j
cartographer|n
interrupted|j
uninstall|v
biophysical|j
king-size|j
fricative|n
dimmer|n
harmonic|n
wavelet|n
humbug|n
macadamia|n
parsimonious|j
chill|j
stovetop|n
sniffer|n
alliteration|n
colorist|n
kraut|n
crone|n
spectroscopic|j
water-based|j
subjunctive|n
achingly|r
rayon|n
hard-headed|j
commode|n
breathalyzer|n
home-run|j
rrna|n
morpheme|n
unleaded|j
udder|n
non-aligned|j
consumerist|n
t-bone|n
physicalism|n
clustered|j
four-man|j
paladin|n
classless|j
wordy|j
barmaid|n
adduce|v
hi-tech|j
borer|n
self-governing|j
interdependency|n
gangrene|n
beta-carotene|n
three-person|j
laggard|n
cordially|r
cushioning|n
whitefish|n
umpteenth|m
accomodate|v
eighty-one|m
lamentable|j
squeezing|n
calisthenics|n
disinclined|j
ingeniously|r
antigovernment|j
diuretic|n
tactfully|r
prefecture|n
checkbox|n
honk|n
lighthearted|j
domesticate|v
gargle|v
schadenfreude|n
discernable|j
cutaway|n
spiritualist|n
gas-powered|j
mailroom|n
morel|n
snatcher|n
onyx|n
yuk|u
top-heavy|j
anticommunist|n
ecoregion|n
unfailing|j
turbidity|n
fda-approved|j
old-line|j
virginian|j
unchangeable|j
airbrush|v
anchoring|n
griffin|n
wrongdoer|n
plotting|n
high-dose|j
encephalopathy|n
fact-based|j
nearsighted|j
swapping|n
prefab|n
fifth-year|j
trade-in|n
magpie|n
ignominious|j
biosynthesis|n
unintelligent|j
pasty|n
brainpower|n
disempower|v
hardscrabble|j
first-line|j
cloaked|j
thin|r
forfeit|n
chambered|j
jawline|n
aioli|n
risque|j
euclidean|j
pecker|n
built-up|j
overcast|n
self-importance|n
garnet|n
moto|n
disunity|n
keyboardist|n
fortieth|m
noncommissioned|j
self-defence|n
linearity|n
biannual|j
ravishing|j
glycol|n
self-regulated|j
churning|j
dispositional|j
gurgle|n
lingua|n
blather|n
masochistic|j
largess|n
logarithm|n
dispiriting|j
policewoman|n
searing|n
snowdrift|n
aftercare|n
multilateralism|n
reanimate|v
transient|n
stargazer|n
campaign-finance|j
self-selected|j
gallantry|n
roadshow|n
salicylic|j
hooked|j
claret|n
stilt|v
weigh-in|n
sure-fire|j
ballclub|n
surfeit|n
iterate|v
dispensing|n
disfigurement|n
scamming|j
suddenness|n
manipulated|j
believing|j
sub-domain|n
twat|n
polis|n
pre-screen|j
trident|n
nitro|n
black-haired|j
sophomoric|j
second-biggest|j
compromising|j
bobsled|j
ovenproof|j
hawker|n
adobo|n
anti-colonial|j
unmolested|j
self-supporting|j
overhang|v
hemline|n
flighty|j
rhesus|n
dried-up|j
exported|j
hexagon|n
optically|r
faxed|j
hair-raising|j
weaponize|v
ridley|n
impassively|r
welded|j
welter|n
chilli|n
pumped|j
partaker|n
light-rail|j
iconoclast|n
sage|j
hamiltonian|j
occlude|v
preclinical|j
separable|j
interiority|n
eight-foot|j
slowing|j
unenviable|j
spacewalk|n
catastrophically|r
groundcover|n
unpleasantly|r
hypersensitivity|n
resonator|n
subroutine|n
schlep|v
omniscience|n
charitably|r
self-hatred|n
tater|n
draftsman|n
anti-white|j
ax|v
twinkling|j
positivist|j
cavalcade|n
obliging|j
tantalizingly|r
dormancy|n
thunderhead|n
fizzy|j
iridium|n
state-mandated|j
yemeni|n
looted|j
singsong|n
best-looking|j
wimp|v
counter-revolutionary|j
four-stroke|j
cladding|n
kitschy|j
soma|n
sloppiness|n
indefinable|j
scoutmaster|n
frazzled|j
dirtbag|n
for-profit|n
truant|j
accrued|j
photonic|j
rappel|v
undesired|j
probiotic|j
booker|n
meddling|j
gramophone|n
infinitive|n
physiognomy|n
monopolist|n
two-handed|j
brainstem|n
midweek|n
zippered|j
unmentioned|j
awesomely|r
closer|n
interviewing|j
self-denial|n
reprove|v
mexican-american|n
snapdragon|n
survivability|n
bipedal|j
narcolepsy|n
night-light|n
sun-like|j
therefrom|r
reputational|j
quickening|n
sorceress|n
florentine|n
backrest|n
near-earth|j
leeward|j
heritable|j
crestfallen|j
pothead|n
self-care|j
typecast|v
ex-cop|n
best-kept|j
unbind|v
geometrically|r
mid-twentieth|m
camisole|n
decamp|v
cross-eyed|j
tableware|n
late-night|n
simulcast|v
mumble|n
black-market|j
shielding|n
file-sharing|j
blue-ribbon|j
bulgur|n
militate|v
scarab|n
literalist|n
ringed|j
upright|n
looky|n
selectman|n
blushing|j
disease-causing|j
fount|n
wholehearted|j
unrepresentative|j
three-year-old|n
skybox|n
unglamorous|j
go-getter|n
old-world|j
bruschetta|n
terrarium|n
fahrenheit|n
armload|n
backhanded|j
southpaw|n
teething|j
religionist|n
chica|n
vexation|n
handspring|n
gab|v
come-from-behind|j
unwisely|r
wild-type|n
high-efficiency|j
off-peak|j
brain|v
creative|n
schoolbook|n
mastiff|n
drug-induced|j
impermanence|n
gnosticism|n
perforate|v
caulk|n
vernal|j
gratuitously|r
sulphate|n
anthropocentric|j
flab|n
hob|n
fete|v
pulling|j
reestablishment|n
self-actualization|n
wheeler|n
argentinian|j
beneficence|n
etymological|j
hoosier|j
soviet-era|j
calcification|n
chipset|n
tax-paying|j
ladyship|n
neutrally|r
beachside|n
watercraft|n
lump-sum|j
interglacial|j
polyglot|n
denude|v
blooded|j
keen|v
imprecision|n
magister|n
rock-and-roll|j
slavish|j
subject-matter|n
smokehouse|n
traded|j
vim|n
onesie|n
paroxysm|n
sauropod|n
adventuresome|j
cocker|n
fishmonger|n
home-building|n
straight-a|j
practicing|n
commutation|n
father-daughter|j
long-form|j
sulky|j
neighborly|r
anti-capitalist|j
random|n
underpowered|j
taxonomist|n
privateer|n
otolaryngology|n
one-child|j
self-satisfaction|n
transitive|j
listlessly|r
adroit|j
cogeneration|n
eosinophil|n
gyrus|n
stone-cold|j
quote-unquote|j
paperboy|n
fettuccine|n
two-door|j
flub|v
narco|n
nicaraguan|n
uncountable|j
hitched|j
stir-fried|j
deregulated|j
decomposed|j
cross-contamination|n
tenancy|n
late-stage|j
rhyming|n
rummy|n
graviton|n
vellum|n
pockmarked|j
castor|n
brainwashing|n
work-in-progress|n
flimsy|n
awakening|j
anti-vaccine|j
night-time|j
two-level|j
crisp-tender|j
outsourced|j
decryption|n
interment|n
headcount|n
snakeskin|n
antidiscrimination|n
enthrone|v
tampering|n
helpfulness|n
cinder-block|j
remorseless|j
bloodlust|n
compassionately|r
thespian|n
superwoman|n
f-word|n
cliched|j
recording|j
widow|v
crime-fighting|j
off-the-cuff|j
blitzkrieg|n
strictness|n
inapplicable|j
near-total|j
tinkle|n
biking|n
rubella|n
confocal|j
non-standard|j
papery|j
herbed|j
topping|j
reconstituted|j
sleepwalker|n
ad-hoc|j
snake-like|j
krill|n
sowing|n
chagrin|v
bulimic|j
venerated|j
twenty-second|m
bent|n
reverential|j
awfulness|n
trivially|r
fretful|j
callously|r
heh-heh|u
microenvironment|n
saccharin|n
shivering|j
hymen|n
anti-imperialist|j
living-room|n
inanity|n
treble|n
felonious|j
discovered|j
menthol|n
whiff|v
gawky|j
afterschool|j
collegian|n
ganache|n
witticism|n
cyborg|j
originalist|n
quad-core|j
self-injury|n
jollies|n
encroaching|j
galilean|j
pincer|n
beanstalk|n
role-play|n
curly-haired|j
vesting|n
ornately|r
hereabouts|r
conjunto|n
fledge|v
exhibitionist|n
anti-racist|j
mascarpone|n
incompletion|n
triple-digit|j
microfilm|v
pulsed|j
buttonhole|n
blood-curdling|j
perfidy|n
show-and-tell|j
cloudiness|n
epidural|j
gimlet|n
nubian|j
dipstick|n
yearning|j
horn|v
infeasible|j
reversibility|n
beside|r
snobbish|j
inelegant|j
grouch|n
ironical|j
blinded|j
prebiotic|j
hepatocyte|n
consonance|n
toppling|n
familiarly|r
tollbooth|n
baathist|j
explained|j
cruncher|n
zen-like|j
repack|v
raconteur|n
front-facing|j
stapes|n
inoperative|j
wile|v
wayfarer|n
near-fatal|j
bier|n
anthropic|j
unseeing|j
perfumer|n
non-sectarian|j
regulative|j
clean|r
creamer|n
fist|v
pictograph|n
sippy|j
anointing|n
tutee|n
invitee|n
public/private|j
brazier|n
chained|j
vindicated|j
jelly-roll|j
scattershot|n
rezone|v
marketeer|n
piezoelectric|j
solenoid|n
interest-only|j
yesterday|n
candy|v
disarmingly|r
sputter|n
long-delayed|j
ignominy|n
slanting|j
dual-core|j
roofline|n
secularize|v
plainclothes|j
overdrawn|j
octogenarian|n
heavy-metal|j
tortellini|n
fish-eye|j
exhibitionism|n
pitting|n
all-seeing|j
untangled|j
temptress|n
dearie|n
overeager|j
nonsurgical|j
paschal|j
home-improvement|j
flycatcher|n
around-the-clock|j
mythologize|v
leitmotif|n
swill|n
permissiveness|n
decant|v
overdone|j
non-racial|j
striatum|n
interleague|j
half-asleep|j
showplace|n
matchmaking|j
drought-tolerant|j
unflinchingly|r
strangler|n
prekindergarten|j
noiselessly|r
frictional|j
knowledgable|j
unalterable|j
snowbound|j
neologism|n
pillage|n
unsurprised|j
initial|v
corpulent|j
brane|n
capping|n
cotillion|n
ingrown|j
leaning|j
belly|v
magnetometer|n
echocardiography|n
ultralight|n
tri-state|j
zealotry|n
reflexivity|n
calcite|n
high-stress|j
integrin|n
unobtainable|j
coitus|n
madwoman|n
threateningly|r
unripe|j
hand-me-down|j
segmental|j
obstetric|j
chemise|n
disembowel|v
public-service|j
x-axis|n
good-luck|j
sagely|r
full-text|j
blackmailer|n
amerindian|j
underestimate|n
satiny|j
congener|n
plateau|v
playwriting|n
memorability|n
half-court|j
emasculate|v
seven-month|j
druggist|n
bifurcated|j
shoeless|j
impulsiveness|n
german-born|j
spitball|n
blow-dry|v
organza|n
one-by-one|m
self-contradictory|j
halfcourt|n
understudied|j
robocall|n
disused|j
dross|n
wahhabi|j
elastomer|n
thiamine|n
four-thirty|m
bookend|v
discretely|r
clear-cutting|n
verger|n
self-instruction|n
two-seater|n
lamina|n
cogently|r
skincare|n
do-it-yourselfer|n
to-go|j
fixer-upper|n
hands-down|j
stevia|n
oarsman|n
dichotomize|v
star-forming|j
misleadingly|r
integrally|r
twee|j
weight-bearing|j
anodyne|j
arpeggio|n
niqab|n
rickets|n
sub-discipline|n
interferometry|n
brickwork|n
cartoony|j
non-interference|n
mined|j
gerontologist|n
hosiery|n
largo|n
cluelessness|n
assimilationist|n
bauxite|n
well-qualified|j
grayness|n
prolongation|n
heartsick|j
racking|n
cat-and-mouse|j
panic-stricken|j
strappy|j
medina|n
kabob|n
supermax|n
anion|n
acceptably|r
assistantship|n
rhapsodize|v
leash|v
hatchway|n
giggling|n
spur-of-the-moment|j
no-trade|j
reportable|j
meander|n
theophany|n
surrealist|n
batik|n
man-eater|n
skirting|n
gather|n
esthetics|n
parsing|n
daikon|n
overindulge|v
ob-gyn|n
ptolemaic|j
proliferative|j
savor|n
elision|n
ad-lib|v
acquisitive|j
begotten|j
washingtonian|j
windows-based|j
protozoan|n
radiologic|j
calender|n
child-friendly|j
psychophysical|j
scofflaw|n
weight-lifter|n
amoxicillin|n
airspeed|n
neuroma|n
madonna|n
tommy|j
schoolkid|n
cud|n
healthfully|r
deltoid|n
breathability|n
covetousness|n
koranic|j
urinalysis|n
limpid|j
multifarious|j
malathion|n
petulance|n
surcharge|v
whinny|n
teardown|n
writhing|j
overfishing|n
overwork|n
high-crime|j
temperamentally|r
wilful|j
enforceability|n
mumbo-jumbo|n
air-to-air|j
nine-tenths|m
emergent|n
internee|n
proof|j
squall|v
bracero|n
directionless|j
cut-out|j
self-correcting|j
parte|r
white-water|j
soonest|r
nickle|n
backwash|n
beamed|j
undefended|j
half-acre|j
tae|t
cornrows|n
blood-sugar|j
prevarication|n
carbonation|n
obliged|j
stoutly|r
prog|n
ingenuous|j
flyboy|n
cliffside|n
editorially|r
bewilder|v
aminoglycoside|n
lisp|v
substructure|n
whoopee|u
prizefighter|n
pyrotechnic|j
overregulation|n
child-support|j
self-medication|n
wizarding|n
wanly|r
collar|v
attention-getting|j
client-side|j
gameday|n
laudanum|n
sulcus|n
minicomputer|n
quirkiness|n
pre-established|j
carthaginian|j
novitiate|n
structuralism|n
cowrie|n
synesthesia|n
scarily|r
shootaround|n
rimless|j
neurodegeneration|n
applique|n
epaulet|n
honorarium|n
kielbasa|n
sepulchre|n
pre-hispanic|j
prayerfully|r
vacated|j
mid-1920s|m
tagging|n
licentiousness|n
dvd-rom|n
single-mindedness|n
astrobiology|n
rocketry|n
lacerate|v
guff|n
prosodic|j
hieroglyphic|j
department-store|j
prettiness|n
straightway|r
get-rich-quick|j
flour|v
familiar|n
hypertrophic|j
autochthonous|j
biking|j
pipette|n
globe-trotter|n
long-sleeve|j
microfiche|n
vietnam-era|j
oligarchic|j
blemish|v
yeasty|j
twenty-four-year-old|j
substratum|n
faint-hearted|j
timorese|n
affordably|r
baby-faced|j
three-stage|j
in-car|j
tracksuit|n
women-only|j
mid-to-late|j
pocket-sized|j
refereed|j
bright-line|j
spline|n
part-owner|n
twenty-minute|j
goose|v
shul|n
ascription|n
nit-picking|n
sizing|n
well-executed|j
estrus|n
two-plus|j
coneflower|n
yaw|v
boyo|n
ossification|n
blithering|j
heart-rate|j
problem-solver|n
wintering|j
record-holder|n
bankable|j
aesthetician|n
affordance|n
rheumatology|n
belt-tightening|n
indexical|j
synergistically|r
hostage-taking|n
courant|j
childrearing|n
budgeted|j
precast|j
brushed|j
clear-headed|j
cottony|j
honky-tonk|j
jihadism|n
reagan-era|j
unachievable|j
antenatal|j
blaring|j
almshouse|n
anadromous|j
showboating|n
inductively|r
swashbuckling|j
two-edged|j
free-living|j
blindside|n
one-seventh|m
nonrespondent|n
starlike|j
self-reporting|n
whinny|v
thermally|r
incorporeal|j
baited|j
single-mindedly|r
baby-boom|j
single-day|j
landfilling|n
unsparing|j
take-no-prisoners|j
couturier|n
pumper|n
off-grid|j
pre-empted|j
parent-adolescent|j
forcefield|n
protoplanetary|j
hoarseness|n
trial-and-error|j
foodway|n
muchacho|n
anti-israeli|j
more-or-less|j
singed|j
pitch-perfect|j
well-constructed|j
embolization|n
trattoria|n
cringe-worthy|j
foredeck|n
pressure-treated|j
overage|n
queasiness|n
deactivation|n
feminized|j
ulna|n
jockstrap|n
uninviting|j
tippet|n
six-man|j
ambulation|n
g-spot|n
up-or-down|j
gloria|n
lowercase|n
pro-choicer|n
civet|n
owner-occupied|j
blistered|j
high-yielding|j
lower-back|j
information-processing|j
taxi|v
socioemotional|j
cloche|n
sigil|n
blaspheme|v
ape-like|j
laugh-out-loud|j
uppercase|j
transylvanian|j
lymphocytic|j
senselessly|r
workmanlike|j
childishness|n
regally|r
preeminently|r
fretting|j
proteolytic|j
houseful|n
incan|j
voter-approved|j
reviewed|j
near-miss|n
mannish|j
tinned|j
belay|v
lettered|j
syncretic|j
interobserver|j
corporate|n
porterhouse|n
carney|n
deregulatory|j
opportunistically|r
pony-tailed|j
confit|n
self-portrait|j
two-timing|j
tailwind|n
indiscernible|j
shipowner|n
anthropomorphize|v
neoplatonic|j
barrenness|n
unifier|n
glass-enclosed|j
maasai|n
pell-mell|r
streetwalker|n
orthopedics|n
detainment|n
note-taking|n
chinese-made|j
hidalgo|n
psychometrically|r
uh-uh-uh|u
tesseract|n
laryngoscope|n
duty-bound|j
ne-yo|u
sixth-round|j
back-room|j
threshing|n
unethically|r
glucagon|n
headlining|j
satisfyingly|r
prole|n
stevedore|n
praetorian|j
nubby|j
ptarmigan|n
squeamishness|n
mini-mart|n
tapper|n
subscript|n
antitoxin|n
clusterfuck|n
neo-colonialism|n
silver|v
backhand|r
bargain-basement|j
shingled|j
laminar|j
endometrium|n
switch-hitter|n
wielder|n
craniofacial|j
stenciled|j
omicron|n
outgain|v
oxygenated|j
nucleation|n
valorize|v
semolina|n
hallo|u
test-taker|n
waveguide|n
falling-out|n
ill-mannered|j
all-boy|j
monkfish|n
drug-testing|j
reconceive|v
klansman|n
cost-sharing|n
zag|v
front-wheel|j
cysteine|n
oval-shaped|j
organismal|j
pleasantness|n
spirochete|n
scrapbooking|n
hours-long|j
iron-rich|j
red-nosed|j
uncredited|j
pincers|n
astigmatism|n
acid-free|j
mud-brick|j
undervote|v
unmercifully|r
flesh-colored|j
tooling|n
grilling|j
provincialism|n
dalmatian|j
pre-employment|j
designator|n
nonprescription|j
quintuplet|n
programme|n
grope|n
interfering|j
subarachnoid|j
enviously|r
mutagenesis|n
biogenesis|n
allusive|j
docility|n
asymptotically|r
bebop|v
land-owning|j
enshroud|v
team-based|j
horseshoe-shaped|j
misallocation|n
strength-training|j
obstetrical|j
busk|v
cheesemaker|n
carbonara|n
pugilist|n
stagecraft|n
gumdrop|n
townie|n
teleconferencing|n
up-market|j
nanostructure|n
natural-looking|j
sinfully|r
marrying|j
ankle-length|j
short-form|j
erotically|r
geordie|n
total-body|j
granitic|j
programmatically|r
chloramine|n
cardinality|n
chainlink|n
one-line|j
vampirism|n
pay-for-performance|j
lucidly|r
homegirl|n
tamarisk|n
rootkit|n
unlovely|j
lineal|j
dually|r
bacilli|n
six-member|j
motile|j
photonics|n
fundament|n
inadvisable|j
trapezium|n
wicking|n
connivance|n
cherry-picking|n
ossify|v
one-trick|j
poisoner|n
heave-ho|u
methotrexate|n
missional|j
symbology|n
roper|n
levothyroxine|n
expansiveness|n
thumbtack|n
all-round|j
backward-looking|j
rhythmical|j
lethally|r
unrehearsed|j
sugarplum|n
wittily|r
seitan|n
menfolk|n
dace|n
cardiothoracic|j
resect|v
buccal|j
frank|n
peloponnesian|j
horrifyingly|r
kentuckian|n
recalcitrance|n
wearisome|j
mujahedin|n
hyperventilation|n
alcohol-free|j
berserker|n
anchored|j
ductile|j
imprecation|n
tatar|n
turf|v
price-to-earnings|j
forced-choice|j
butterball|n
oxbow|n
rediscovered|j
playbill|n
youth-oriented|j
self-starter|n
interminably|r
tablature|n
salesclerk|n
upsilon|n
sourness|n
pitbull|n
illusionistic|j
adjustability|n
anti-clinton|j
archetypical|j
univocal|j
roll-call|n
tracheostomy|n
semi-regular|j
pencil-thin|j
uveitis|n
nonhandicapped|j
pandora|n
open-faced|j
punk-rock|j
fine-dining|j
cost-effectively|r
tun|n
taoist|j
unspent|j
soundboard|n
codpiece|n
mowed|j
slivered|j
three-letter|j
gape|n
lariat|n
jacaranda|n
instant-read|j
twenty-eight-year-old|j
proofing|n
fill-in-the-blank|j
discursively|r
overtrain|v
burgess|n
steno|n
spawner|n
seaborne|j
symbolise|v
supportable|j
short-seller|n
muscularity|n
bioaerosol|n
downregulation|n
best-laid|j
mutability|n
sous-chef|n
weird-looking|j
sagacious|j
intraspecific|j
tweeze|v
coptic|n
commentariat|n
spitting|n
puzzlemaster|n
pre-race|j
catch-and-release|j
disrespectfully|r
brassica|n
danceable|j
spermicide|n
communality|n
wiretapping|j
jewess|n
urbanity|n
personified|j
anti-incumbent|j
best-picture|j
advisee|n
nephritis|n
tittle|n
uncultured|j
ineradicable|j
flag-draped|j
good-time|j
half-shell|n
sensation-seeking|j
year-earlier|j
four-digit|j
bowstring|n
palindrome|n
bulrush|n
victuals|n
medievalist|n
patient-specific|j
tuned|j
thawed|j
rootworm|n
inflatable|n
extemporaneous|j
analyte|n
acupressure|n
tigress|n
duodenum|n
shoot-down|n
last-second|j
enfeeble|v
towny|n
hormonally|r
meanderings|n
debugging|n
bopper|n
rescission|n
disaggregation|n
non-cognitive|j
ciabatta|n
pneumocystis|n
fear-mongering|j
per-share|j
second-level|j
godhood|n
entrepreneurialism|n
voluntarism|n
seventy-year-old|j
asphyxia|n
three-to-one|j
all-too-common|j
mope|n
immunogenicity|n
pertinence|n
watered|j
supernaturalism|n
triadic|j
lower-quality|j
pedantry|n
mediterranean-style|j
stickleback|n
non-cooperation|n
carotenoid|j
parents/guardian|n
busker|n
oh-oh-oh|u
plowshare|n
metathesis|n
self-parody|n
hitmaker|n
kiddy|j
techy|j
uprightness|n
arcadian|j
right-sided|j
mange|n
clindamycin|n
pictogram|n
umami|n
ethnomusicologist|n
tachometer|n
wheatgrass|n
schmaltzy|j
cooling-off|j
fiber-rich|j
highchair|n
bluebonnet|n
defibrillation|n
ovoid|j
broach|n
higher-resolution|j
fed-up|j
pathologize|v
second-lowest|j
get-tough|j
rebus|n
unattributed|j
effusively|r
mocking|n
moodily|r
thirty-first|m
belongingness|n
unclipped|j
ranchland|n
interpolated|j
self-administration|j
wormlike|j
forthrightness|n
brights|n
post-race|j
refinancing|j
postulated|j
off-the-books|j
four-leaf|j
fatalist|n
self-deportation|n
hard-right|j
kingfish|n
fold-up|j
unmanaged|j
less-educated|j
artilleryman|n
anti-authoritarian|j
mmm-hm|u
adverbial|j
aircrew|n
moth-eaten|j
clintonian|j
multivalent|j
liberal-leaning|j
inebriation|n
ex-soldier|n
jigger|n
wholesomeness|n
constructivist|j
fine-boned|j
herbarium|n
bungling|j
centrum|n
chauffeured|j
orthodontic|j
oh-ho-ho|u
cytosol|n
stepwise|r
culture-specific|j
minimalistic|j
taoist|n
insecticidal|j
unmonitored|j
sharpening|j
icehouse|n
nato-led|j
monotonically|r
downsizing|j
axolotl|n
husk|v
beneficially|r
duodenal|j
under-served|j
eighteen-wheeler|n
geoscience|n
twinkly|j
mile-wide|j
proteomic|j
stemware|n
public-works|j
centering|j
posthuman|j
olivine|n
data-collection|j
spring-like|j
lysosome|n
grippy|j
gouda|n
ka-ching|n
upended|j
unfussy|j
eclampsia|n
hyperkinetic|j
billfold|n
sky-car|n
adenoid|j
resource-based|j
ecologic|j
exiting|j
waitlist|n
recapitalization|n
interpenetration|n
half-game|n
gray-white|j
comitatus|n
high-elevation|j
platonism|n
nonviolently|r
papilloma|n
diadromous|j
ornithological|j
quits|j
meatpacking|n
credited|j
self-referencing|j
groundling|n
swordplay|n
transiently|r
espadrille|n
wastepaper|n
sonically|r
balled-up|j
reword|v
asymmetrically|r
slavonic|j
average-size|j
ileum|n
short-circuiting|n
unlettered|j
supersensitive|j
tentpole|n
sculpin|n
pedicure|v
metalsmith|n
playmaking|j
non-professional|n
catbird|n
out-of-network|j
post-conviction|j
feed-in|n
perseveration|n
trollop|n
ivory-billed|j
supercluster|n
imprinting|n
galleria|n
antigay|j
biostatistics|n
skydiving|j
audaciously|r
anti-spam|j
basaltic|j
smarty-pants|n
urological|j
foot-high|j
insightfully|r
glossy|n
loud-mouthed|j
misclassify|v
finishing|n
valvular|j
queen-sized|j
nougat|n
dismissed|j
parenchyma|n
carcinogenicity|n
one-car|j
heat-resistant|j
crouching|j
peroxidase|n
hitching|j
gladiolus|n
substantiated|j
indwelling|j
eight-ball|n
three-tenths|m
collier|n
backsliding|n
aardvark|n
maoism|n
comb-over|n
tickler|n
earwig|n
shortlist|v
laughing|n
reappraise|v
interactionism|n
gonadal|j
hosel|n
gussie|v
conduce|v
merchantman|n
force-feed|v
deconstructed|j
normal-weight|j
dilator|n
chargeback|n
pre-owned|j
radial|n
heaped|j
cubby|j
mirror-like|j
westphalian|j
interchange|v
us-sponsored|j
uncertified|j
aplastic|j
immoderate|j
resurfacing|n
slickness|n
most-used|j
clench|n
echocardiographic|j
shipload|n
industriously|r
ejected|j
junk|j
womankind|n
coming-of-age|n
metroplex|n
churchgoing|j
brigantine|n
redraft|v
chastised|j
captaincy|n
non-directive|j
clean-burning|j
methylphenidate|n
peccary|n
lucite|n
swooping|j
intraperitoneal|j
run-out|n
shiksa|n
petting|n
angsty|j
atlatl|n
dressed-up|j
atomized|j
neapolitan|n
naphthalene|n
snoring|j
lambaste|v
ex-smoker|n
integrating|j
jessamine|n
hollowly|r
low-sulfur|j
semi-retirement|n
crescent|j
mealybug|n
steelmaker|n
off-handed|j
bluestone|n
despairingly|r
overclocking|n
cameroonian|j
post-training|j
brightening|n
steel-gray|j
spectate|v
serine|n
whirligig|n
swizzle|n
supernumerary|j
rattan|n
undelivered|j
pharmacokinetics|n
baiting|n
retweet|v
all-expenses-paid|j
dogsled|j
manchego|n
rights-based|j
beanpole|n
snorkeler|n
warmed-over|j
incandescence|n
sublingual|j
itis|n
gracilis|n
mindset|n
psychopharmacology|n
hemagglutinin|n
chemical-free|j
burundian|j
dishware|n
chapati|n
refrigerant|j
olfaction|n
de-emphasis|n
stentorian|j
cupful|n
mind-numbingly|r
twenty-odd|j
irrefutably|r
first-choice|j
unnumbered|j
exfoliator|n
petrify|v
anti-money|j
morphometric|j
skink|n
mastoidectomy|n
newel|n
beatify|v
pharmacotherapy|n
full-throttle|j
in-town|j
flat-rate|j
interpenetrate|v
tuition-free|j
self-defined|j
conjuror|n
stalking|j
chum|v
obstructed|j
dissidence|n
deputation|n
remold|v
bobwhite|n
cut-and-dried|j
helicopter|v
community-service|j
gruelling|j
turbaned|j
terrapin|n
supercooled|j
industry-leading|j
underline|n
galena|n
expectedly|r
humoral|j
nelly|n
acyclovir|n
dressing-room|n
mass-transit|j
rimfire|n
igniter|n
phosphorescence|n
generalship|n
liberal-minded|j
rosy-cheeked|j
trend-setting|j
ginning|n
zither|n
midstream|j
protist|n
hermaphroditic|j
chirping|j
bluestem|n
remodeler|n
overspending|n
off-world|j
strong-arming|j
workmate|n
crackling|n
penumbral|j
hand-rolled|j
thespian|j
trickling|j
unkindness|n
water-cooler|j
seventh-inning|j
myoelectric|j
antinomy|n
atomism|n
slow-cooked|j
money-hungry|j
coccyx|n
myocyte|n
shiite-led|j
left-side|j
employment-based|j
five-letter|j
jet-setting|j
half-year|n
scrubbed|j
sepal|n
staphylococci|n
virtuously|r
brechtian|j
disputable|j
research-oriented|j
reshuffling|n
prehospital|j
bursar|n
straw-colored|j
cross-validation|j
sepia-toned|j
harmonically|r
two-wheeler|n
triggerman|n
unrewarded|j
recommence|v
least-expensive|j
false-color|j
dynamometer|n
animistic|j
bestowal|n
dramaturgy|n
modernizer|n
columned|j
beaten-down|j
shouter|n
late-morning|j
unpredicted|j
food-processing|j
jamesian|j
true-false|j
whale-watching|j
lubricated|j
xeric|j
herbicide-resistant|j
quadrivalent|j
oligodendrocyte|n
postulant|n
reformatory|j
overlarge|j
open-end|j
preplanned|j
polyamory|n
pumpernickel|n
finalization|n
perpendicularly|r
lowest-priced|j
truth-telling|j
intellectual-property|j
entranced|j
libration|n
web-like|j
exothermic|j
multi-faith|j
animal-like|j
naughtiness|n
monstrance|n
six-two|m
affinal|j
close-fitting|j
ascribed|j
well-born|j
rebuttable|j
fleece-lined|j
instrumentalism|n
tatty|j
windproof|j
semiformal|j
price-fixing|j
firehose|n
state-imposed|j
rager|n
bowl-shaped|j
out-of-season|j
catsup|n
ouzo|n
non-monogamous|j
bugbear|n
straightedge|n
high-incidence|j
propitiate|v
pendency|n
gulley|n
goddamit|u
inter-individual|j
flameout|n
ineptly|r
life-force|n
smouldering|j
shakespearian|j
beachy|j
rinky-dink|j
bacchanal|j
slaver|v
backscatter|n
risk-management|j
bear-like|j
phospholipid|j
gaster|n
uncovering|n
english-style|j
transit-oriented|j
glockenspiel|n
wilting|j
low-yield|j
conciliator|n
mawkish|j
higher-profile|j
stiff-necked|j
oil-exporting|j
pre-wedding|j
callus|j
cationic|j
oppositely|r
cyclin|n
quantile|n
hexadecimal|j
cross-examining|j
self-effacement|n
half-second|n
huffing|n
intrapsychic|j
roughage|n
recasting|n
full-moon|j
appertain|v
neodymium|n
modernistic|j
downforce|n
slovakian|j
combed|j
mutagenic|j
snub-nosed|j
license-plate|j
enthalpy|n
katydid|n
teamer|n
twelve-foot|j
guesstimate|v
conflictive|j
heli-skiing|n
student-level|j
pontification|n
potholder|n
reinsurer|n
caudate|n
campanile|n
non-performing|j
nutraceuticals|n
pushpin|n
hellenism|n
wrinkle-free|j
condyle|n
